date,open,high,low,close,volume,return,sma_20,sma_50,rolling_vol_20,rsi_14,macd,macd_signal,volatility_10,volume_change,momentum_5,momentum_10,return_lag_1,return_lag_2,return_lag_3,return_lag_5,close_to_sma20,close_to_sma50,target_return,target_direction
2020-12-23,120.2,121.04,119.15,120.0,4330788,,,,,,0.0,0.0,,,,,,,,,,,0.014666666666666606,1
2020-12-24,121.69,121.91,121.55,121.76,1329780,0.014666666666666606,,,,,0.14039886039884664,0.02807977207976933,,-0.6929473342957448,,,,,,,,,0.0006570302233903647,1
2020-12-25,121.1,121.97,120.97,121.84,1326294,0.0006570302233903647,,,,,0.25517974691763357,0.07349976704734218,,-0.0026214862608852085,,,0.014666666666666606,,,,,,0.00024622455679579325,1
2020-12-28,121.36,121.94,121.29,121.87,1529986,0.00024622455679579325,,,,,0.3445929230002349,0.12771839823792075,,0.15357982468442133,,,0.0006570302233903647,0.014666666666666606,,,,,-0.0022975301550832716,0
2020-12-29,121.44,121.98,121.06,121.59,1716475,-0.0022975301550832716,,,,,0.3883828139709209,0.17985128138452078,,0.12188935062150885,,,0.00024622455679579325,0.0006570302233903647,0.014666666666666606,,,,0.004358911094662465,1
2020-12-30,122.15,123.32,120.96,122.12,2044254,0.004358911094662465,,,,,0.46054432041268,0.23598988919015262,,0.19096054413842323,0.01766666666666672,,-0.0022975301550832716,0.00024622455679579325,0.0006570302233903647,,,,0.005813953488372103,1
2020-12-31,122.64,122.84,122.62,122.83,2851212,0.005813953488372103,,,,,0.5684709215233141,0.30248609565678497,,0.3947444886985667,0.008787779237844795,,0.004358911094662465,-0.0022975301550832716,0.00024622455679579325,0.014666666666666606,,,0.004070666775217724,1
2021-01-01,123.34,124.75,121.93,123.33,1888928,0.004070666775217724,,,,,0.6864365386724103,0.37927618425991005,,-0.3374999824635979,0.012229152987524472,,0.005813953488372103,0.004358911094662465,-0.0022975301550832716,0.0006570302233903647,,,0.006243411984107716,1
2021-01-04,124.33,125.74,122.7,124.1,2454005,0.006243411984107716,,,,,0.832461605798656,0.4699132685676593,,0.2991522175540835,0.01829818659227045,,0.004070666775217724,0.005813953488372103,0.004358911094662465,0.00024622455679579325,,,0.011442385173247471,1
2021-01-05,125.22,126.07,124.67,125.52,2045837,0.011442385173247471,,,,,1.0506583210024303,0.5860622790546135,,-0.1663272894717004,0.032321736984949334,,0.006243411984107716,0.004070666775217724,0.005813953488372103,-0.0022975301550832716,,,-0.0108349267049076,0
2021-01-06,123.97,124.54,123.59,124.16,1671373,-0.0108349267049076,,,,,1.1011468207090473,0.6890791873855003,0.007144935438668044,-0.18303706502521955,0.016704880445463477,0.03466666666666662,0.011442385173247471,0.006243411984107716,0.004070666775217724,0.004358911094662465,,,-0.0077319587628865705,0
2021-01-07,122.81,123.9,122.11,123.2,1711519,-0.0077319587628865705,,,,,1.051573459274536,0.7615780417633076,0.006732235389647251,0.02401977296510105,0.00301229341366116,0.01182654402102501,-0.0108349267049076,0.011442385173247471,0.006243411984107716,0.005813953488372103,,,0.003490259740259738,1
2021-01-08,124.04,126.57,121.09,123.63,2360078,0.003490259740259738,,,,,1.0350521822614525,0.8162728698629367,0.006766524894100399,0.3789376571338092,0.0024324981756262964,0.014691398555482627,-0.0077319587628865705,-0.0108349267049076,0.011442385173247471,0.004070666775217724,,,-0.010353474075871616,0
2021-01-11,121.57,123.08,120.85,122.35,2156607,-0.010353474075871616,,,,,0.9082044332368326,0.834659182537716,0.0077412979100563864,-0.08621367598867491,-0.014101531023368197,0.0039386231229998625,0.003490259740259738,-0.0077319587628865705,-0.0108349267049076,0.006243411984107716,,,0.01675521046179007,1
2021-01-12,124.59,125.73,123.26,124.4,3216545,0.01675521046179007,,,,68.09210526315792,0.9620051491493342,0.8601283758600397,0.009204444613231121,0.4914840766073745,-0.008922880815806167,0.023110453162266564,-0.010353474075871616,0.003490259740259738,-0.0077319587628865705,0.011442385173247471,,,0.017524115755626957,1
2021-01-13,126.84,127.32,126.1,126.58,2200688,0.017524115755626957,,,,69.15739268680446,1.1670968194608378,0.9215220645801994,0.01039245763496552,-0.3158224119357882,0.019490979381443285,0.03652145430723874,0.01675521046179007,-0.010353474075871616,0.003490259740259738,-0.0108349267049076,,,-0.002844051192921415,0
2021-01-14,125.42,127.46,124.18,126.22,1922129,-0.002844051192921415,,,,67.02954898911352,1.285762979169732,0.994370247498106,0.010550846928252148,-0.12657814283533153,0.024512987012986986,0.02759912073597648,0.017524115755626957,0.01675521046179007,-0.010353474075871616,-0.0077319587628865705,,,0.0022975756615433163,1
2021-01-15,126.29,127.19,125.61,126.51,1359154,0.0022975756615433163,,,,67.68292682926831,1.387216375190448,1.0729394730365744,0.010541569891431755,-0.29289137201509363,0.023295316670711053,0.02578448066163963,-0.002844051192921415,0.017524115755626957,0.01675521046179007,0.003490259740259738,,,0.0015018575606671192,1
2021-01-18,127.08,127.25,126.54,126.7,1542673,0.0015018575606671192,,,,69.6085955487337,1.4660506156603361,1.1515617015613269,0.010465788891331252,0.13502443431722977,0.035553739272578655,0.020950846091861486,0.0022975756615433163,-0.002844051192921415,0.017524115755626957,-0.010353474075871616,,,0.0011838989739541006,1
2021-01-19,126.47,127.35,125.97,126.85,2259489,0.0011838989739541006,123.77799999999999,,,68.69565217391303,1.5230740164198124,1.2258641645330242,0.009940583576861102,0.46465842080596476,0.019694533762057764,0.010595920968769823,0.0015018575606671192,0.0022975756615433163,-0.002844051192921415,0.01675521046179007,0.024818626896540685,,0.012849822625147667,1
2021-01-20,128.22,130.09,126.6,128.48,2273264,0.012849822625147667,124.202,,0.13072031832663755,70.81798084008844,1.6804219911866909,1.3167757298637577,0.009596934566212648,0.006096511202311694,0.015010270184863339,0.03479381443298957,0.0011838989739541006,0.0015018575606671192,0.0022975756615433163,0.017524115755626957,0.034443889792434845,,-0.00031133250311321525,0
2021-01-21,128.39,129.61,127.22,128.44,3485740,-0.00031133250311321525,124.53599999999999,,0.12433334406742365,69.48893974065604,1.78135932764296,1.4096924494195981,0.008896054643086996,0.5333634808803553,0.017588337822848965,0.04253246753246742,0.012849822625147667,0.0011838989739541006,0.0015018575606671192,-0.002844051192921415,0.03134836513136774,,-0.0038928682653378566,0
2021-01-22,128.41,129.51,126.84,127.94,1629078,-0.0038928682653378566,124.84100000000001,,0.1263588736789972,64.95327102803742,1.8002548553207305,1.4878049305998247,0.00926124812548376,-0.5326450050778314,0.011303454272389546,0.03486208848984873,-0.00031133250311321525,0.012849822625147667,0.0011838989739541006,0.0022975756615433163,0.024823575588148072,,-0.00015632327653580802,0
2021-01-25,128.12,129.26,126.77,127.92,2484300,-0.00015632327653580802,125.14350000000002,,0.12646110991509846,60.48951048951054,1.7929478772298637,1.5488335199258325,0.008052453829173932,0.5249730215496127,0.009629044988161084,0.045525132815692704,-0.0038928682653378566,-0.00031133250311321525,0.012849822625147667,0.0015018575606671192,0.022186529863716276,,-0.014774859287054465,0
2021-01-26,125.73,126.12,125.63,126.03,2004965,-0.014774859287054465,125.3655,,0.13973964115489942,57.81119465329996,1.6160213516346857,1.5622710862676032,0.008850064996436566,-0.19294569898965508,-0.006464327946393289,0.013102893890675205,-0.00015632327653580802,-0.0038928682653378566,-0.00031133250311321525,0.0011838989739541006,0.005300501334099206,,-0.0035705784337062285,0
2021-01-27,125.03,126.71,123.9,125.58,998780,-0.0035705784337062285,125.5385,,0.14066919691093166,60.38394415357766,1.423090069739473,1.5344348829619774,0.0068516738514285535,-0.5018466656525176,-0.02257160647571599,-0.007900142202559635,-0.014774859287054465,-0.00015632327653580802,-0.0038928682653378566,0.012849822625147667,0.0003305758791127822,,0.0050167224080266415,1
2021-01-28,125.6,126.37,125.45,126.21,1365372,0.0050167224080266415,125.70749999999998,,0.14036819372149817,61.06346483704975,1.3059719421037528,1.4887422947903326,0.0070359450633754,0.36703978854202135,-0.01736219246340709,-7.922674694982312e-05,-0.0035705784337062285,-0.014774859287054465,-0.00015632327653580802,-0.00031133250311321525,0.003997374858302205,,0.01346961413517156,1
2021-01-29,128.0,128.56,127.34,127.91,2237450,0.01346961413517156,125.9365,,0.1465719720374637,73.01324503311263,1.334942389772607,1.4579823137867876,0.008225227772993185,0.6387109154135284,-0.00023448491480382305,0.011066318868073521,0.0050167224080266415,-0.0035705784337062285,-0.014774859287054465,-0.0038928682653378566,0.015670595895550532,,0.007817997029161194,1
2021-02-01,128.03,130.31,126.63,128.91,1798486,0.007817997029161194,126.17699999999999,,0.1473005439308163,70.44424297370807,1.4221990950428136,1.4508256700379927,0.008494906043808141,-0.1961894120539006,0.007739212007504603,0.017442778216258725,0.01346961413517156,0.0050167224080266415,-0.0035705784337062285,-0.00015632327653580802,0.02166004897881546,,-0.0028702195330075897,0
2021-02-02,128.28,128.69,128.13,128.54,1605382,-0.0028702195330075897,126.328,,0.14377895480659889,60.62906724511929,1.4448395439577268,1.4496284448219394,0.008621422499132603,-0.10737031036104816,0.019915893041339228,0.013322822230981357,0.007817997029161194,0.01346961413517156,0.0050167224080266415,-0.014774859287054465,0.01750997403584309,,-0.00490119807063949,0
2021-02-03,128.09,128.33,127.67,127.91,2932508,-0.00490119807063949,126.5155,,0.1386263602684618,58.9041095890411,1.3958559692448205,1.4388739497065157,0.007778594869680159,0.8266730286000465,0.018553909858257667,-0.004436488169364816,-0.0028702195330075897,0.007817997029161194,0.01346961413517156,-0.0035705784337062285,0.011022364848575883,,-0.0015635994058322833,0
2021-02-04,127.2,127.84,127.06,127.71,1861781,-0.0015635994058322833,126.74099999999999,,0.13484072048219128,56.38297872340421,1.3256169181820638,1.4162225434016256,0.007786775026553095,-0.3651233006013965,0.011884953648680696,-0.005683587667393408,-0.00490119807063949,-0.0028702195330075897,0.007817997029161194,0.0050167224080266415,0.007645513290884587,,0.025291676454467282,1
2021-02-05,130.77,132.04,129.66,130.94,2314588,0.025291676454467282,127.10650000000001,,0.1585212489610134,67.04180064308682,1.5131433947775434,1.4356067136768091,0.011139083113794968,0.24321174187511851,0.023688530998358326,0.023448491480381417,-0.0015635994058322833,-0.00490119807063949,-0.0028702195330075897,0.01346961413517156,0.030159747927918534,,0.004887734840385072,1
2021-02-08,131.49,133.31,129.76,131.58,2614574,0.004887734840385072,127.56799999999998,,0.15062571962273927,68.29079659706116,1.69387617963406,1.4872606068682592,0.011125871884906722,0.12960665137812866,0.02071212473818962,0.02861163227016883,0.025291676454467282,-0.0015635994058322833,-0.00490119807063949,0.007817997029161194,0.03144989339019211,,-0.028499772001824075,0
2021-02-09,128.08,128.47,127.44,127.83,1813508,-0.028499772001824075,127.73949999999999,,0.18111775535053534,47.84053156146182,1.5170272084574776,1.493213927186103,0.014016787433886142,-0.30638490247359607,-0.005523572428815848,0.014282313734824914,0.004887734840385072,0.025291676454467282,-0.0015635994058322833,-0.0028702195330075897,0.0007084731034645575,,0.021747633575843084,1
2021-02-10,130.03,132.11,128.53,130.61,2597247,0.021747633575843084,127.94099999999999,,0.1866341365561264,56.098931984260844,1.5829486446187389,1.5111608706726303,0.015231512685859587,0.4321673794656544,0.02110859197873527,0.040054148749800955,-0.028499772001824075,0.004887734840385072,0.025291676454467282,-0.00490119807063949,0.020861178199326424,,0.01378148686930536,1
2021-02-11,132.39,133.3,131.5,132.41,1468623,0.01378148686930536,128.2505,,0.190630977709745,61.7077003666841,1.760146936259403,1.560958083789985,0.015542977181627463,-0.43454627149439384,0.036802129825385554,0.04912447508121387,0.021747633575843084,-0.028499772001824075,0.004887734840385072,-0.0015635994058322833,0.03243262209504061,,0.008760667623291196,1
2021-02-12,133.5,134.91,132.16,133.57,1317539,0.008760667623291196,128.6035,,0.19193160905308362,63.96440929312897,1.9714544646245002,1.643057359956888,0.015324846451049869,-0.10287459749711125,0.020085535359706697,0.04424986318505186,0.01378148686930536,0.021747633575843084,-0.028499772001824075,0.025291676454467282,0.03861870011313839,,0.005689900426742778,1
2021-02-15,134.32,134.98,133.67,134.33,2944601,0.005689900426742778,128.98499999999999,,0.19213488620936695,71.72774869109945,2.1751688590458684,1.7494796597746842,0.015287536979008904,1.2349251141711934,0.02089983280133767,0.04204483748351584,0.008760667623291196,0.01378148686930536,0.021747633575843084,0.004887734840385072,0.04143892700701657,,0.016675351745700784,1
2021-02-16,135.87,137.32,135.12,136.57,3208900,0.016675351745700784,129.471,,0.19797532699678197,76.30445189085683,2.488675363403985,1.8973188005005444,0.015526159914964963,0.08975715215745694,0.06837205663772195,0.06247082620196043,0.005689900426742778,0.008760667623291196,0.01378148686930536,-0.028499772001824075,0.054830811533084445,,-0.010836933440726337,0
2021-02-17,135.25,136.17,134.17,135.09,2615127,-0.010836933440726337,129.8015,,0.20139529363450123,70.42318307267709,2.587876466665705,2.0354303337335766,0.01610002592555744,-0.18503942160865094,0.0343005895413826,0.05613321866937704,0.016675351745700784,0.005689900426742778,0.008760667623291196,0.021747633575843084,0.04074298062811299,,0.02442815900510764,1
2021-02-18,138.0,139.16,137.23,138.39,1624512,0.02442815900510764,130.299,,0.2153348161058642,72.45072836332474,2.8993545223076183,2.208215171448385,0.01689465762520567,-0.37880187080780403,0.045162752058001576,0.08362696734789754,-0.010836933440726337,0.016675351745700784,0.005689900426742778,0.01378148686930536,0.06209564156286684,,0.009321482766095901,1
2021-02-19,139.59,139.69,139.57,139.68,1815449,0.009321482766095901,130.886,,0.21415868804666335,72.78882776132035,3.21325494171586,2.40922312550188,0.015819313285404625,0.11753498896899495,0.04574380474657502,0.06674812891400639,0.02442815900510764,-0.010836933440726337,0.016675351745700784,0.008760667623291196,0.06718824014791513,,-0.014318442153493649,0
2021-02-22,137.28,138.63,136.33,137.68,1500664,-0.014318442153493649,131.374,,0.22390835530348036,68.0918448139351,3.263025869266869,2.579983674254878,0.01715889008057809,-0.17339236739781727,0.024938584083972204,0.04635962912296687,0.009321482766095901,0.02442815900510764,-0.010836933440726337,0.005689900426742778,0.04800036536909902,,0.013872748402091739,1
2021-02-23,140.35,141.44,138.51,139.59,1497470,0.013872748402091739,132.052,,0.2153537913776476,72.00452147701583,3.4171993780972514,2.7474268150233527,0.012711943441445314,-0.002128391165510779,0.022113202020941802,0.09199718375968091,-0.014318442153493649,0.009321482766095901,0.02442815900510764,0.016675351745700784,0.05708357313785495,,0.0007163836951069591,1
2021-02-24,139.66,139.95,139.39,139.69,2093227,0.0007163836951069591,132.7575,,0.21356571024123075,72.65506807866868,3.5070253536412963,2.8993465227469413,0.01207630134594227,0.397842360781852,0.034051373158634934,0.06951994487405244,0.013872748402091739,-0.014318442153493649,0.009321482766095901,-0.010836933440726337,0.0522192719808674,,-0.013315197938291834,0
2021-02-25,138.67,139.93,136.57,137.83,1749891,-0.013315197938291834,133.3385,,0.223702681835674,63.7415237335461,3.3890596609348904,2.997289150384531,0.01331449747363807,-0.1640223444471144,-0.004046535154274,0.040933464239861106,0.0007163836951069591,0.013872748402091739,-0.014318442153493649,0.02442815900510764,0.03368494470839267,,0.007763186534136102,1
2021-02-26,138.6,140.01,137.5,138.9,2997061,0.007763186534136102,133.88799999999998,,0.22157759220888176,64.3529411764706,3.343370760256846,3.066505472358994,0.013279386824050473,0.712712963264569,-0.005584192439862523,0.03990417009807601,-0.013315197938291834,0.0007163836951069591,0.013872748402091739,0.009321482766095901,0.037434273422562336,,0.019942404607631303,1
2021-03-01,141.51,142.1,141.08,141.67,1224848,0.019942404607631303,134.526,,0.22826569924670778,78.22185970636221,3.4904421826856264,3.1512928144243206,0.014212982030897867,-0.5913169601819916,0.02898024404416022,0.05464155438100171,0.007763186534136102,-0.013315197938291834,0.0007163836951069591,-0.014318442153493649,0.053104975989771264,,0.011435025058234016,1
2021-03-02,143.87,144.68,142.48,143.29,1712700,0.011435025058234016,135.2635,129.1358,0.22751314301851552,77.14041095890414,3.6951227309396586,3.2600587977273885,0.013843902429739005,0.3982959518242264,0.026506196718962594,0.049205535622757646,0.019942404607631303,0.007763186534136102,-0.013315197938291834,0.013872748402091739,0.05933973318744523,0.10960709578598649,-0.01535347895875494,0
2021-03-03,140.89,141.38,140.6,141.09,1363443,-0.01535347895875494,135.9225,129.5576,0.2367167195112976,68.26599326599333,3.637876747595243,3.3356223877009596,0.014473742861884492,-0.20392187773690662,0.010022191996563956,0.04441483455474127,0.011435025058234016,0.019942404607631303,0.007763186534136102,0.0007163836951069591,0.038017988191800356,0.08901368966390244,-0.005599262881848421,0
2021-03-04,140.43,143.27,137.46,140.3,1298262,-0.005599262881848421,136.552,129.9284,0.2386313901629196,64.38648995297143,3.4885486780507904,3.3662076457709262,0.012897256023078466,-0.04780617891617034,0.017920626859174282,0.013801575258328036,-0.01535347895875494,0.011435025058234016,0.019942404607631303,-0.013315197938291834,0.027447419298142872,0.07982550389291343,-0.01603706343549538,0
2021-03-05,138.48,139.35,137.19,138.05,3873262,-0.01603706343549538,136.9075,130.25259999999997,0.23669171229141114,57.47588424437301,3.152311031791754,3.3234283229750923,0.013647979913404325,1.983420911957679,-0.00611951043916481,-0.011669530355097324,-0.005599262881848421,-0.01535347895875494,0.011435025058234016,0.007763186534136102,0.008345050490294659,0.059863680264348185,-0.020572256428830205,0
2021-03-08,135.02,135.38,134.85,135.21,3530317,-0.020572256428830205,137.089,130.5194,0.2504970682834754,47.33124018838307,2.626400499460118,3.1840227582720977,0.01444172080917485,-0.08854164784101881,-0.04559892708406843,-0.01794015107495639,-0.01603706343549538,-0.005599262881848421,-0.01535347895875494,0.019942404607631303,-0.013706424293706942,0.035937952518936056,-0.005472967975741483,0
2021-03-09,134.16,134.53,134.1,134.47,2320668,-0.005472967975741483,137.421,130.777,0.22609186502930023,48.74696847210993,2.125400504049736,2.972298307427626,0.013378249666167607,-0.34264600034501147,-0.06155349291646306,-0.0366788451894835,-0.020572256428830205,-0.01603706343549538,-0.005599262881848421,0.011435025058234016,-0.021474156060572902,0.028238910511787285,-0.017476016955454754,0
2021-03-10,131.97,133.08,131.01,132.12,2465095,-0.017476016955454754,137.49650000000003,130.97699999999998,0.2249732257805043,36.8221941992434,1.5211936642946,2.682077378801021,0.013943615871316989,0.06223509782528125,-0.06357644056984901,-0.05419142386713427,-0.005472967975741483,-0.020572256428830205,-0.01603706343549538,-0.01535347895875494,-0.03910281352616263,0.008726723012437487,-0.019603390856796854,0
2021-03-11,129.88,131.04,128.37,129.53,2538245,-0.019603390856796854,137.35250000000002,131.111,0.2303155888776402,29.772817855719367,0.8238670101924868,2.3104353050793143,0.014468699380288354,0.0296743127546808,-0.07676407697790455,-0.0602191104984402,-0.017476016955454754,-0.005472967975741483,-0.020572256428830205,-0.005599262881848421,-0.05695200305782577,-0.012058484795326008,0.0007720219254225835,1
2021-03-12,129.75,130.33,129.05,129.63,2020335,0.0007720219254225835,137.15550000000002,131.237,0.22755487587245157,32.643380767572154,0.2761168736715547,1.9035716187977625,0.013881542765481876,-0.20404255696357132,-0.060992394060123245,-0.06673866090712754,-0.019603390856796854,-0.017476016955454754,-0.005472967975741483,-0.01603706343549538,-0.054868379321281524,-0.01224502236411984,0.030548484147188137,1
2021-03-15,134.06,134.9,132.75,133.59,733948,0.030548484147188137,137.1185,131.42680000000001,0.2534590007791844,38.11410459587953,0.15971871117028513,1.554801037272267,0.01633913150507506,-0.6367196529288459,-0.011981362325271805,-0.057033952142302446,0.0007720219254225835,-0.019603390856796854,-0.017476016955454754,-0.020572256428830205,-0.02573321615974511,0.01645935227822637,-0.017441425256381593,0
2021-03-16,131.11,133.07,129.3,131.26,959108,-0.017441425256381593,136.853,131.5416,0.2523400666370423,34.655988350928254,-0.11916553251214168,1.2200077233153852,0.015497308804873345,0.3067792268662084,-0.023871495500855322,-0.08395561448810107,0.030548484147188137,0.0007720219254225835,-0.019603390856796854,-0.005472967975741483,-0.04086866930209798,-0.002140767635485652,0.010056376657016752,1
2021-03-17,132.35,133.29,131.64,132.58,2457037,0.010056376657016752,136.7275,131.71,0.2533797721741715,40.252506498329005,-0.23100742676462005,0.9298046932993842,0.01633190515272258,1.5617938751423197,0.0034816833181956497,-0.060316110284215685,-0.017441425256381593,0.030548484147188137,0.0007720219254225835,-0.017476016955454754,-0.030334058620248183,0.006605421000683398,0.046462513199577504,1
2021-03-18,138.22,141.07,135.89,138.74,907358,0.046462513199577504,136.745,132.0208,0.29167468337009866,49.750156152404756,0.17539573217450766,0.7789229010744089,0.02331019660443852,-0.6307104858412795,0.07110321933142916,-0.011119030648610084,0.010056376657016752,-0.017441425256381593,0.030548484147188137,-0.019603390856796854,0.014589198873816267,0.05089501048319667,0.019460862044111238,1
2021-03-19,141.27,142.01,140.7,141.44,3317320,0.019460862044111238,136.83300000000003,132.377,0.29799317100010236,49.64006259780909,0.7071885691533168,0.7645760346901905,0.023447420325811794,2.6560211074349924,0.09110545398441716,0.0245563201738499,0.046462513199577504,0.010056376657016752,-0.017441425256381593,0.0007720219254225835,0.03366877873027674,0.06846355484714106,-0.02417986425339358,0
2021-03-22,137.73,140.53,135.22,138.02,2743911,-0.02417986425339358,136.85,132.69039999999998,0.3065582409418864,42.19259259259261,0.8429557369383645,0.7802519751398254,0.02386878388867064,-0.17285308622623086,0.033161164757841144,0.020782486502477715,0.019460862044111238,0.046462513199577504,0.010056376657016752,0.030548484147188137,0.008549506759225611,0.04016567890367373,-0.06723663237211996,0
2021-03-23,128.65,129.24,128.14,128.74,2504750,-0.06723663237211996,136.3075,132.77720000000002,0.3842726984518864,34.87631643399463,0.19943479161966593,0.6640885384357935,0.03252773611509397,-0.0871606258366252,-0.019198537254304315,-0.04261173495947046,-0.02417986425339358,0.019460862044111238,0.046462513199577504,-0.017441425256381593,-0.05551785485024663,-0.03040582268642522,0.020972502718657582,1
2021-03-24,131.02,133.11,129.35,131.44,2338201,0.020972502718657582,135.895,132.8744,0.39400354837961815,39.63500233972857,-0.09163643097039653,0.5129435445545555,0.033008746363727574,-0.06649326280067869,-0.0085985819882336,-0.005146836209506511,-0.06723663237211996,-0.02417986425339358,0.019460862044111238,0.010056376657016752,-0.03278266308547051,-0.010795156930153649,0.023813146682897024,1
2021-03-25,134.23,134.75,134.05,134.57,2627846,0.023813146682897024,135.73200000000003,133.04139999999998,0.4027361956636408,46.011004126547434,-0.06895278563817442,0.3965642785160095,0.03300186313361758,0.12387515016886907,-0.030056220268127598,0.038909905041303094,0.020972502718657582,-0.06723663237211996,-0.02417986425339358,0.046462513199577504,-0.008560987828957312,0.011489656603132614,0.005498996804637057,1
2021-03-26,135.14,136.07,134.38,135.31,1628818,0.005498996804637057,135.5525,133.2174,0.4021709647301846,50.12042389210019,0.008636426922834062,0.3189787081973744,0.032979198378443514,-0.3801699186329792,-0.043339932126696845,0.043817017665663816,0.023813146682897024,0.020972502718657582,-0.06723663237211996,0.019460862044111238,-0.001788974751480099,0.01570815824359273,0.05069839627521966,1
2021-03-29,142.53,143.8,140.9,142.17,4056994,0.05069839627521966,135.57750000000001,133.5268,0.4367451682842093,58.08144416456758,0.616563742440178,0.3784957150459351,0.03526393450184459,1.4907595569302403,0.030068106071583722,0.064226364248821,0.005498996804637057,0.023813146682897024,0.020972502718657582,-0.02417986425339358,0.048625324998616826,0.06473007665876795,-0.004360976295983532,0
2021-03-30,141.36,144.59,138.31,141.55,1824315,-0.004360976295983532,135.4905,133.8208,0.4351137330447092,60.270093661511666,1.036375015367554,0.5100715751102589,0.03449869918963835,-0.5503283958517069,0.09950287400963176,0.07839402712174337,0.05069839627521966,0.005498996804637057,0.023813146682897024,-0.06723663237211996,0.04472269273491514,0.057757837346660734,-0.023666548922642305,0
2021-03-31,137.91,140.33,135.78,138.2,1513875,-0.023666548922642305,135.346,134.0152,0.439914428422834,59.28862224126847,1.0862399726141518,0.6253052546110376,0.03590768221460374,-0.17016798085856888,0.05143031040779067,0.04238950067883529,-0.004360976295983532,0.05069839627521966,0.005498996804637057,0.020972502718657582,0.02108669631906368,0.031226308657525292,-0.02785817655571632,0
2021-04-01,134.72,134.74,134.33,134.35,3914914,-0.02785817655571632,135.04850000000002,134.1334,0.45019889860293116,54.6806822689409,0.8058066488316911,0.6614055334551683,0.033952088388893895,1.5860219635042525,-0.0016348368878650321,-0.0316419201383884,-0.023666548922642305,-0.004360976295983532,0.05069839627521966,0.023813146682897024,-0.005172215907618516,0.0016148103306110606,0.002902865649423214,1
2021-04-02,135.24,136.42,133.56,134.74,2083136,0.002902865649423214,134.88299999999998,134.26940000000002,0.4472545617732256,51.2273212379936,0.608022060126558,0.6507288387894462,0.03314620742524393,-0.46789737909951534,-0.004212548961643581,-0.047369909502262386,-0.02785817655571632,-0.023666548922642305,-0.004360976295983532,0.005498996804637057,-0.001060178080261931,0.0035048938924280293,0.02078076295086828,1
2021-04-05,137.37,137.99,136.92,137.54,2303172,0.02078076295086828,134.99949999999998,134.4618,0.4471374736469099,56.63567202028741,0.6694954215669782,0.6544821553449527,0.03320554304800921,0.10562728501643681,-0.03256664556516842,-0.003477756846833935,0.002902865649423214,-0.02785817655571632,-0.023666548922642305,0.05069839627521966,0.01881858821699356,0.02289274723378676,-0.011269448887596178,0
2021-04-06,135.85,138.97,132.87,135.99,3037624,-0.011269448887596178,135.0755,134.661,0.4487610266061344,53.5856992639327,0.5863820104839306,0.6408621263727483,0.024035135270088163,0.31888716952099094,-0.039279406570116526,0.05631505359639588,0.02078076295086828,0.002902865649423214,-0.02785817655571632,-0.004360976295983532,0.006770287727974278,0.009869227170450356,-0.005662181042723757,0
2021-04-07,134.44,137.24,132.42,135.22,4222802,-0.005662181042723757,135.23049999999998,134.8538,0.44426643695337964,45.82542694497152,0.4531577481198781,0.6033212507221744,0.023633365220561132,0.39016612984358834,-0.021562952243125877,0.028758368837492387,-0.011269448887596178,0.02078076295086828,0.002902865649423214,-0.023666548922642305,-7.764520577813183e-05,0.002715533414705318,-0.01959769264901645,0
2021-04-08,131.91,133.26,131.21,132.57,2029222,-0.01959769264901645,135.3825,134.981,0.44426284154895357,39.46805984326762,0.13221956252846212,0.509100913083432,0.023389111780581534,-0.5194607750967248,-0.013248976553777436,-0.014862153526045918,-0.005662181042723757,-0.011269448887596178,0.02078076295086828,-0.02785817655571632,-0.020774472328402904,-0.017861773138441728,-0.024364486686278886,0
2021-04-09,129.29,130.04,128.59,129.34,2149317,-0.024364486686278886,135.368,135.0096,0.4536951010614088,39.64694656488548,-0.3783983271802356,0.3316010650306985,0.024319173125528525,0.05918278039563929,-0.040077185690960415,-0.04412090754563591,-0.01959769264901645,-0.005662181042723757,-0.011269448887596178,0.002902865649423214,-0.04453046510253522,-0.04199405079342511,-0.007963507035719797,0
2021-04-12,128.81,129.38,127.74,128.31,1248618,-0.007963507035719797,135.10399999999998,134.9976,0.44000379844383947,49.36144936144935,-0.8563080888929733,0.09401923424596415,0.01481119830175909,-0.4190628930027539,-0.06710775047258977,-0.09748892171344159,-0.024364486686278886,-0.01959769264901645,-0.005662181042723757,0.02078076295086828,-0.0502871861676929,-0.049538658465039354,-0.010755202244563944,0
2021-04-13,127.59,127.97,126.56,126.93,2038698,-0.010755202244563944,134.8875,134.96540000000002,0.4374533675401035,43.029366306027825,-1.3310657872275442,-0.19099777004873753,0.014673001248018736,0.6327635834178267,-0.0666225457754247,-0.10328505828329215,-0.007963507035719797,-0.024364486686278886,-0.01959769264901645,-0.011269448887596178,-0.05899360578259649,-0.059536740527572296,0.03316788781217972,1
2021-04-14,131.43,131.58,130.99,131.14,3725030,0.03316788781217972,134.8155,135.03,0.4528421783347486,44.86987735566854,-1.3520176501708363,-0.4232017460731573,0.019367996960290974,0.8271612568413762,-0.030173051323768796,-0.051085383502170734,-0.010755202244563944,-0.007963507035719797,-0.024364486686278886,-0.005662181042723757,-0.027263185612930285,-0.028808412945271478,-0.004193991154491261,0
2021-04-15,130.36,132.35,128.6,130.59,1533519,-0.004193991154491261,134.408,135.0876,0.41803525973644073,42.900120336943424,-1.396899962731311,-0.617941389404788,0.017641989922657142,-0.5883203625205703,-0.014935505770536261,-0.027986602158541096,0.03316788781217972,-0.010755202244563944,-0.007963507035719797,-0.01959769264901645,-0.02840604725909157,-0.03329395148037273,0.0008423309594913775,1
2021-04-16,130.86,132.86,128.7,130.7,1450808,0.0008423309594913775,133.87099999999998,135.08280000000002,0.4100988244453626,28.350320875802126,-1.4073701510594958,-0.7758271417357296,0.017581266065770672,-0.05393542564519904,0.010514921911241482,-0.029983672257681615,-0.004193991154491261,0.03316788781217972,-0.010755202244563944,-0.024364486686278886,-0.023686982244100596,-0.03244528541013392,0.01591430757459844,1
2021-04-19,132.16,134.5,130.44,132.78,1141457,0.01591430757459844,133.60899999999998,135.1068,0.40813149536443794,34.31127012522357,-1.2336089578572569,-0.8673835049600351,0.016907344005293375,-0.21322669850180043,0.03483750292260934,-0.034608114003198964,0.0008423309594913775,-0.004193991154491261,0.03316788781217972,-0.007963507035719797,-0.006204671840968623,-0.017221931094511866,-0.0030125018828137673,0
2021-04-20,132.31,132.81,131.88,132.38,1281790,-0.0030125018828137673,133.791,135.1978,0.3267281465862722,38.359999999999985,-1.1153218810423198,-0.9169711801764922,0.01667977435230459,0.1229419943107799,0.04293705191838004,-0.026546069563938568,0.01591430757459844,0.0008423309594913775,-0.004193991154491261,-0.010755202244563944,-0.01054629982584776,-0.02084205512219872,-0.0021151231303822016,0
2021-04-21,131.59,133.52,130.17,132.1,1263365,-0.0021151231303822016,133.824,135.2276,0.3187472279018618,44.75034997666821,-1.0322727823293008,-0.940031500607054,0.01664421100327652,-0.01437442950873391,0.007320420924203264,-0.023073509835823125,-0.0030125018828137673,0.01591430757459844,0.0008423309594913775,0.03316788781217972,-0.012882592061214893,-0.023128414613584836,-0.0149129447388342,0
2021-04-22,130.09,130.25,129.98,130.13,2043468,-0.0149129447388342,133.602,135.182,0.3106215922442433,39.98261625380263,-1.1125930294079467,-0.9745438063672326,0.016159226704830925,0.6174803006257099,-0.0035224749215101436,-0.01840537074752957,-0.0021151231303822016,-0.0030125018828137673,0.01591430757459844,-0.004193991154491261,-0.02598763491564504,-0.037371839446080024,-0.007069853223699241,0
2021-04-23,129.72,130.3,128.63,129.21,2208459,-0.007069853223699241,133.297,135.0948,0.3100709299064761,30.28868906767626,-1.2362331884648938,-1.0268816827867648,0.014285546530515307,0.08074068201704154,-0.011400153022188109,-0.00100510282975097,-0.0149129447388342,-0.0021151231303822016,-0.0030125018828137673,0.0008423309594913775,-0.030660855083010086,-0.043560521944589925,0.01578825168330611,1
2021-04-26,132.07,132.75,130.56,131.25,1020835,0.01578825168330611,132.751,135.0332,0.25016707481285555,39.0379278445883,-1.156279088712182,-1.0527611639718484,0.014782109195835575,-0.5377613983325025,-0.011522819701762277,0.022913256955810146,-0.007069853223699241,-0.0149129447388342,-0.0021151231303822016,0.01591430757459844,-0.011306882810675711,-0.02801681364286701,-0.021028571428571396,0
2021-04-27,128.54,128.83,128.2,128.49,2383165,-0.021028571428571396,132.098,134.87160000000003,0.25748959767022556,35.74756459127485,-1.3006309582653444,-1.1023351228305476,0.01609405871216028,1.3345251681221746,-0.029385103489953046,0.012290238714252055,0.01578825168330611,-0.007069853223699241,-0.0149129447388342,-0.0030125018828137673,-0.027313055458826008,-0.047316113992864506,0.00996186473655536,1
2021-04-28,129.89,130.28,129.37,129.77,3138804,0.00996186473655536,131.67649999999998,134.7652,0.2522583383819954,43.70503597122303,-1.296796885029039,-1.141227475270246,0.012195376644215163,0.31707372338885476,-0.017638152914458582,-0.010446850693914711,-0.021028571428571396,0.01578825168330611,-0.007069853223699241,-0.0021151231303822016,-0.014478665517385192,-0.03706594877609337,-0.002388841797025476,0
2021-04-29,128.78,132.66,125.58,129.46,2653943,-0.002388841797025476,131.432,134.5866,0.2345813256069833,50.31055900621119,-1.3037440141455647,-1.1737307830453099,0.012155856444656785,-0.15447316876109496,-0.005148697456389684,-0.00865303622023117,0.00996186473655536,-0.021028571428571396,0.01578825168330611,-0.0149129447388342,-0.01500395641852803,-0.03809145932804603,-0.004866367990112752,0
2021-04-30,128.54,130.52,126.85,128.83,1539754,-0.004866367990112752,131.1365,134.3696,0.23415868177389673,51.3742071881607,-1.3445858501867747,-1.2079017964736027,0.012204000788037479,-0.4198240127990691,-0.0029409488429688047,-0.014307574598316553,-0.002388841797025476,0.00996186473655536,-0.021028571428571396,-0.007069853223699241,-0.017588543235483645,-0.041226586966099266,-0.007374058837227526,0
2021-05-03,128.42,128.44,127.86,127.88,2657594,-0.007374058837227526,130.6535,134.1736,0.21840798421663907,52.56895619253648,-1.437044999789606,-1.2537304371368034,0.010663367426518303,0.7259860990781644,-0.02567619047619052,-0.036903148064467595,-0.004866367990112752,-0.002388841797025476,0.00996186473655536,0.01578825168330611,-0.02122790434240196,-0.046906395893081765,-0.0043791054113231365,0
2021-05-04,127.72,128.95,126.09,127.32,1674300,-0.0043791054113231365,130.22,133.9282,0.216537334915902,37.129380053908356,-1.5377802879423257,-1.3105404072979079,0.01066230876598393,-0.3699940622984549,-0.009105766985757824,-0.03822329657047896,-0.007374058837227526,-0.004866367990112752,-0.002388841797025476,-0.021028571428571396,-0.022270004607587213,-0.04934136350671492,0.005026704366949408,1
2021-05-05,128.24,128.37,127.83,127.96,1361938,0.005026704366949408,129.85700000000003,133.69359999999998,0.21824302041989294,41.1922304085733,-1.5481252540113815,-1.3580573766406028,0.011023632934786774,-0.18656274263871464,-0.01394775371811674,-0.03133989401968207,-0.0043791054113231365,-0.007374058837227526,-0.004866367990112752,0.00996186473655536,-0.01460837690690553,-0.04288612169916872,-0.006486402000625224,0
2021-05-06,127.27,127.89,126.51,127.13,1235403,-0.006486402000625224,129.58499999999998,133.4796,0.2095406915016957,38.59424920127798,-1.6047986575810285,-1.407405632828688,0.010322118323639998,-0.09290804720919743,-0.017997837169782316,-0.02305386920771535,0.005026704366949408,-0.0043791054113231365,-0.007374058837227526,-0.002388841797025476,-0.018945093953775416,-0.047569815911944646,0.003303704869031643,1
2021-05-07,128.14,129.87,125.82,127.55,1193980,0.003303704869031643,129.4955,133.2526,0.19273446213017015,31.308077197998543,-1.597408319550624,-1.4454061701730752,0.010308697078826649,-0.033529949336370435,-0.009935574012264303,-0.012847302840337527,-0.006486402000625224,0.005026704366949408,-0.0043791054113231365,-0.004866367990112752,-0.015023688081825193,-0.04279541262234288,-0.005409643277146214,0
2021-05-10,126.73,126.9,126.69,126.86,1779386,-0.005409643277146214,129.423,132.9564,0.1916552868112729,30.672268907563023,-1.6284568203011247,-1.4820163001986852,0.008424376451163455,0.4902979949412889,-0.007976227713481387,-0.03344761904761906,0.003303704869031643,-0.006486402000625224,0.005026704366949408,-0.007374058837227526,-0.019803280715174343,-0.04585262537192647,-0.009932208734037551,0
2021-05-11,125.49,126.95,124.14,125.6,2473975,-0.009932208734037551,129.3565,132.6026,0.19109261737498584,28.702490170380074,-1.7347374767831525,-1.5325605355155787,0.006302768472302344,0.39035318924617823,-0.013509267986176576,-0.02249202272550399,-0.005409643277146214,0.003303704869031643,-0.006486402000625224,-0.0043791054113231365,-0.029039901357875486,-0.05280891928212572,-0.020939490445859854,0
2021-05-12,123.96,124.4,122.53,122.97,1111034,-0.020939490445859854,128.948,132.24020000000002,0.1585614037913336,27.51256281407035,-2.0080372791347827,-1.6276558842394198,0.007164169573534257,-0.5509113875443366,-0.038996561425445386,-0.05240040070894669,-0.009932208734037551,-0.005409643277146214,0.003303704869031643,0.005026704366949408,-0.04635977293172444,-0.07010122489227943,0.020736765064649942,1
2021-05-13,125.16,127.13,123.56,125.52,1030801,0.020736765064649942,128.6945,131.94459999999998,0.179699009987869,39.48717948717945,-1.9958586367705777,-1.7012964347456514,0.010954189022136587,-0.07221471170099203,-0.012664201997954816,-0.030434110922292645,-0.020939490445859854,-0.009932208734037551,-0.005409643277146214,-0.006486402000625224,-0.024666943808787534,-0.04869164785826763,-0.007010834926704845,0
2021-05-14,124.77,125.57,123.84,124.64,2990559,-0.007010834926704845,128.3915,131.6764,0.1802608670642203,29.835265405735214,-2.0337715678325736,-1.767791461363036,0.011014912204643519,1.9011991645332125,-0.02281458251666013,-0.032523480555771256,0.020736765064649942,-0.020939490445859854,-0.009932208734037551,0.003303704869031643,-0.02921922401405086,-0.05343706237412327,-0.0015243902439023849,0
2021-05-17,124.28,126.12,122.61,124.45,1428863,-0.0015243902439023849,127.975,131.46120000000002,0.167019739829512,35.38350217076699,-2.0554552423930232,-1.8253242175690336,0.010926324846308209,-0.5222087241883541,-0.018997319880182828,-0.026822020644354017,-0.007010834926704845,0.020736765064649942,-0.020939490445859854,-0.005409643277146214,-0.02754444227388153,-0.053332846497674,0.01357975090397745,1
2021-05-18,126.67,126.84,125.96,126.14,4343206,0.01357975090397745,127.66299999999998,131.2946,0.17731006137181163,37.24525650035134,-1.9142050701267692,-1.8431003880805807,0.012032533795516073,2.0396238127798116,0.004299363057324923,-0.009267986176562881,-0.0015243902439023849,-0.007010834926704845,0.020736765064649942,-0.009932208734037551,-0.01192984654911744,-0.03925980200251955,0.0,0
2021-05-19,126.0,126.35,125.8,126.14,2256901,0.0,127.36500000000001,131.175,0.17750639313718378,38.07471264367814,-1.7817246779509048,-1.8308252460546455,0.011862827179092575,-0.48036059077096505,0.02577864519801576,-0.014223194748358758,0.01357975090397745,-0.0015243902439023849,-0.007010834926704845,-0.020939490445859854,-0.00961802693047542,-0.03838383838383841,0.0037260187093706154,1
2021-05-20,126.44,127.86,125.2,126.61,1219265,0.0037260187093706154,127.189,131.1166,0.17211394098423102,41.93313953488368,-1.620132066668404,-1.7886866101773973,0.01181273919868819,-0.4597614162074455,0.008683875079668502,-0.004090301266420182,0.0,0.01357975090397745,-0.0015243902439023849,0.020736765064649942,-0.004552280464505509,-0.03437093396259516,0.0004738962167285532,1
2021-05-21,126.51,127.27,125.91,126.67,2719554,0.0004738962167285532,127.06199999999998,131.05740000000003,0.1708465012002564,45.299145299145316,-1.4702788006588037,-1.7250050482736787,0.011749290870147333,1.2304863995931976,0.016286906290115644,-0.006899255194041554,0.0037260187093706154,0.0,0.01357975090397745,-0.007010834926704845,-0.003085108057483632,-0.03347693453402878,0.01784163574642772,1
2021-05-24,129.2,129.89,128.25,128.93,2902742,0.01784163574642772,126.946,130.9642,0.17364522581077446,55.52505147563491,-1.155832181413004,-1.6111704749015439,0.01293877591270927,0.06735957440080242,0.03599839292888718,0.01631720006306181,0.0004738962167285532,0.0037260187093706154,0.0,-0.0015243902439023849,0.0156286925149276,-0.015532489031353625,0.007135655006592634,1
2021-05-25,129.42,130.16,129.1,129.85,1113477,0.007135655006592634,127.01400000000001,130.936,0.15830481301903082,56.36363636363637,-0.8229086799365177,-1.4535181159085389,0.012346753718512989,-0.6164051093758935,0.02941176470588225,0.03383757961783429,0.01784163574642772,0.0004738962167285532,0.0037260187093706154,0.01357975090397745,0.022328247279827185,-0.008294128429156333,-0.0026954177897573484,0
2021-05-26,128.89,129.54,128.85,129.5,1817142,-0.0026954177897573484,127.00050000000002,130.8744,0.15468336715636294,58.24634655532362,-0.580613530005536,-1.2789371987279383,0.009329584372943754,0.6319528827268097,0.02663706992230863,0.053102382694966366,0.007135655006592634,0.01784163574642772,0.0004738962167285532,0.0,0.019681024877854725,-0.010501671831924408,-0.011891891891891992,0
2021-05-27,127.88,128.01,127.83,127.96,3236892,-0.011891891891891992,126.92550000000001,130.6588,0.1601627293227531,51.323434473854086,-0.5070134720253776,-1.124552453387426,0.009002258088864576,0.7813093308062882,0.010662664876392114,0.019439133205863657,-0.0026954177897573484,0.007135655006592634,0.01784163574642772,0.0037260187093706154,0.008150450461097192,-0.020655325167535765,-0.017818068146295607,0
2021-05-28,125.51,126.93,124.27,125.68,1209793,-0.017818068146295607,126.768,130.34359999999998,0.17103812686692668,46.545667447306805,-0.6254520195106892,-1.0247323666120787,0.010689853591931696,-0.6262485742496198,-0.00781558380042624,0.008344030808729253,-0.011891891891891992,-0.0026954177897573484,0.007135655006592634,0.0004738962167285532,-0.008582607598132008,-0.035779278767810396,0.003898790579248912,1
2021-05-31,126.33,127.34,125.16,126.17,2303311,0.003898790579248912,126.6825,130.1066,0.1703043739300777,51.74739423666465,-0.6720297758651697,-0.954191848462697,0.010691731768064624,0.9038885164652135,-0.021406965019778235,0.013820811570911973,-0.017818068146295607,-0.011891891891891992,-0.0026954177897573484,0.01784163574642772,-0.004045546938211686,-0.03025672794462375,0.0038043909011651333,1
2021-06-01,126.48,127.11,126.02,126.65,2233005,0.0038043909011651333,126.649,130.0648,0.17038483736687693,62.994350282485925,-0.6625732627427112,-0.8958681313186999,0.00987244561101405,-0.030523884963862935,-0.024643819792067645,0.0040431266846361336,0.003898790579248912,-0.017818068146295607,-0.011891891891891992,0.007135655006592634,7.895838103788577e-06,-0.02625460539669444,-0.0005527043031978707,0
2021-06-02,126.31,126.69,126.2,126.58,3859973,-0.0005527043031978707,126.58,129.9676,0.16925817657766118,54.537671232876725,-0.6531976668462818,-0.8473340384242164,0.009876775487682963,0.7286002494396564,-0.022548262548262588,0.0034881877279213658,0.0038043909011651333,0.003898790579248912,-0.017818068146295607,-0.0026954177897573484,0.0,-0.026064957727926052,-0.015089271606888888,0
2021-06-03,124.74,126.8,122.61,124.67,3195503,-0.015089271606888888,126.45700000000002,129.7696,0.17592524897728085,50.118017309205364,-0.7907729388152234,-0.8360218185024179,0.010909310473708252,-0.17214369116053407,-0.025711159737417888,-0.015322644340889369,-0.0005527043031978707,0.0038043909011651333,0.003898790579248912,-0.011891891891891992,-0.01413128573349054,-0.03929733928439327,0.003930376193149954,1
2021-06-04,125.29,126.08,124.36,125.16,1734486,0.003930376193149954,126.3375,129.5666,0.17613864653566352,52.72867025365101,-0.8504598562972774,-0.8389094260613899,0.011032484913028868,-0.4572103359001697,-0.0041374920432846185,-0.011920738927923002,-0.015089271606888888,-0.0005527043031978707,0.0038043909011651333,-0.017818068146295607,-0.009320273078064822,-0.03401030821214723,-0.004634068392457613,0
2021-06-07,124.93,125.12,124.39,124.58,1217317,-0.004634068392457613,126.22349999999999,129.2148,0.1758958597099164,43.44537815126048,-0.9337990667883673,-0.8578873542067854,0.008798154505710634,-0.2981684487508115,-0.012602044860109407,-0.03373923834638959,0.003930376193149954,-0.015089271606888888,-0.0005527043031978707,0.003898790579248912,-0.013020554809524243,-0.03586895618768127,-0.015010435061807659,0
2021-06-08,122.7,123.95,121.45,122.71,1802563,-0.015010435061807659,126.079,128.838,0.18024423177687668,37.54538852578064,-1.1376255243892075,-0.9138349882432699,0.008639790334492864,0.4807671296794509,-0.03110935649427571,-0.05498652291105122,-0.004634068392457613,0.003930376193149954,-0.015089271606888888,0.0038043909011651333,-0.026721341381197528,-0.047563607010354114,-0.02167712492869367,0
2021-06-09,119.36,121.75,117.67,120.05,2127437,-0.02167712492869367,125.93300000000002,128.475,0.18133668747158915,29.448621553884678,-1.4965479567045321,-1.0303775819355225,0.009919673470789201,0.18022892958526282,-0.05158792858271455,-0.072972972972973,-0.015010435061807659,-0.004634068392457613,0.003930376193149954,-0.0005527043031978707,-0.04671531687484631,-0.06557696049815143,-0.006080799666805525,0
2021-06-10,119.27,120.29,118.31,119.32,1980266,-0.006080799666805525,125.623,128.1744,0.1624284607208779,27.90138304269388,-1.8189339312341417,-1.1880888517952464,0.009803595305861603,-0.06917760666943373,-0.04291329108847364,-0.0675211003438575,-0.02167712492869367,-0.015010435061807659,-0.004634068392457613,-0.015089271606888888,-0.050173933117343306,-0.06908087730467238,-0.0019275896748238708,0
2021-06-11,119.06,120.77,117.37,119.09,1703610,-0.0019275896748238708,125.34549999999999,127.86139999999999,0.16154753852952555,16.30136986301362,-2.0691345217489783,-1.364297985785993,0.009104283253575948,-0.1397064838764085,-0.04849792265899644,-0.05243475493316363,-0.006080799666805525,-0.02167712492869367,-0.015010435061807659,0.003930376193149954,-0.04990605965112416,-0.0686008443517746,-0.01855739356788988,0
2021-06-14,116.81,117.01,116.68,116.88,1474617,-0.01855739356788988,124.96700000000001,127.4482,0.17157025960564187,9.18816865953427,-2.417877041135256,-1.5750137968558455,0.00934038115714756,-0.13441632768063116,-0.06180767378391394,-0.07363081556629947,-0.0019275896748238708,-0.006080799666805525,-0.02167712492869367,-0.004634068392457613,-0.06471308425424327,-0.08292153204203756,0.005304585900068437,1
2021-06-15,117.65,117.82,117.33,117.5,3084431,0.005304585900068437,124.53500000000001,127.0784,0.16322627611458498,12.871287128712865,-2.6140955159691117,-1.7828301406784988,0.009553161235900878,1.091682789497205,-0.042457827397930026,-0.07224634820371101,-0.01855739356788988,-0.0019275896748238708,-0.006080799666805525,-0.015010435061807659,-0.05649014333319957,-0.07537394238517325,0.001276595744680975,1
2021-06-16,117.51,118.39,116.77,117.65,1732160,0.001276595744680975,124.11049999999997,126.72699999999999,0.1636507484537678,15.098171970209918,-2.726071865015925,-1.9714784855459841,0.009715605695398007,-0.4384183014630575,-0.01999167013744263,-0.07054826986885754,0.005304585900068437,-0.01855739356788988,-0.0019275896748238708,-0.02167712492869367,-0.05205441924736398,-0.07162640952598887,-0.0017849553761156711,0
2021-06-17,117.8,118.39,116.86,117.44,1530977,-0.0017849553761156711,123.652,126.4244,0.16161234278982392,17.55905511811025,-2.799488413528209,-2.137080471142429,0.009429010783460505,-0.11614573711435439,-0.015755950385517914,-0.0579931017887223,0.001276595744680975,0.005304585900068437,-0.01855739356788988,-0.006080799666805525,-0.05023776404748814,-0.07106539560401326,0.010728882833787479,1
2021-06-18,118.56,119.16,118.1,118.7,2166615,0.010728882833787479,123.2535,126.2116,0.16905552162929816,22.271714922049057,-2.724592679017576,-2.2545829127174586,0.010411725922241623,0.41518455208667415,-0.003274834159039397,-0.05161393416426974,-0.0017849553761156711,0.001276595744680975,0.005304585900068437,-0.0019275896748238708,-0.03694418414081546,-0.059515924051355085,0.002106149957876946,1
2021-06-21,119.42,120.39,117.98,118.95,2078002,0.002106149957876946,122.75450000000001,126.0244,0.1513965821126198,20.921450151057442,-2.614921175580278,-2.3266505652900227,0.010670005850120299,-0.04089928298290191,0.017710472279260925,-0.04519184459784875,0.010728882833787479,-0.0017849553761156711,0.001276595744680975,-0.01855739356788988,-0.03099275382979849,-0.0561351611275277,0.009920134510298384,1
2021-06-22,119.7,121.21,118.62,120.13,1999788,0.009920134510298384,122.26849999999999,125.8884,0.1544001251291287,27.526132404181197,-2.405065482852123,-2.3423335488024426,0.010868203923225102,-0.03763903980843142,0.022382978723404223,-0.021025181321815634,0.002106149957876946,0.010728882833787479,-0.0017849553761156711,0.005304585900068437,-0.01749019575769717,-0.04574210173455229,-0.002081078831266181,0
2021-06-23,119.0,121.05,117.83,119.88,2993308,-0.002081078831266181,121.7875,125.6632,0.15447577617853392,31.126871552403472,-2.2331834958673653,-2.3205035382154273,0.008433977075539344,0.4968126621421871,0.01895452613684645,-0.0014160766347355302,0.009920134510298384,0.002106149957876946,0.010728882833787479,0.001276595744680975,-0.015662526942420207,-0.046021428707847756,0.015515515515515554,1
2021-06-24,121.35,122.08,121.01,121.74,1433973,0.015515515515515554,121.47649999999999,125.4862,0.1656787072752391,37.837837837837846,-1.924692668504747,-2.2413413642732913,0.009440070345492341,-0.5209403776691206,0.03661444141689363,0.020281595709017886,-0.002081078831266181,0.009920134510298384,0.002106149957876946,-0.0017849553761156711,0.0021691438261721707,-0.029853481896814138,-0.008542796122884777,0
2021-06-25,121.7,123.03,119.36,120.7,2198201,-0.008542796122884777,121.2275,125.2862,0.15731793997560126,36.63911845730029,-1.7440267192205852,-2.1418784352627505,0.009966864480909337,0.5329444836130108,0.016849199663016012,0.013519187169367619,0.015515515515515554,-0.002081078831266181,0.009920134510298384,0.010728882833787479,-0.004351322925903789,-0.03660578738919362,-0.010273405136702607,0
2021-06-28,119.34,121.23,117.57,119.46,2859144,-0.010273405136702607,120.89199999999998,125.01979999999999,0.15834258946395185,38.300935925126005,-1.6815217536079814,-2.049807098931797,0.008335621963765534,0.30067450610749424,0.004287515762925631,0.022073921971252464,-0.008542796122884777,0.015515515515515554,-0.002081078831266181,0.002106149957876946,-0.01184528339344193,-0.04447135573725114,-0.000334840113845547,0
2021-06-29,119.35,120.73,118.04,119.42,1688119,-0.000334840113845547,120.53049999999999,124.7606,0.15676779154930884,47.2049689440994,-1.616578868827645,-1.9631614529109667,0.00829418345022733,-0.4095718858511499,-0.005910263880795741,0.016340425531914837,-0.010273405136702607,-0.008542796122884777,0.015515515515515554,0.009920134510298384,-0.009213435603436348,-0.04280678355185852,-0.00025121420197626865,0
2021-06-30,119.46,119.51,119.34,119.39,2078225,-0.00025121420197626865,120.171,124.50640000000001,0.1568310039278599,50.331125827814596,-1.5496683024746432,-1.8804628228237021,0.008315930529998721,0.23108915899886195,-0.004087420754087412,0.014789630259243403,-0.000334840113845547,-0.010273405136702607,-0.008542796122884777,-0.002081078831266181,-0.00649907215551182,-0.041093469893917156,-0.020856018091967465,0
2021-07-01,116.72,117.55,116.07,116.9,2578246,-0.020856018091967465,119.78249999999998,124.2418,0.16396246564551892,41.46531566640687,-1.6782179350758355,-1.8400138452741288,0.010929224342483038,0.2406000312766905,-0.03975685887957936,-0.0045980926430516655,-0.00025121420197626865,-0.000334840113845547,-0.010273405136702607,0.015515515515515554,-0.024064450149228644,-0.05909283349082184,-0.0011976047904191933,0
2021-07-02,116.82,117.55,116.02,116.76,2372829,-0.0011976047904191933,119.3625,123.9928,0.16201957590392996,49.44237918215618,-1.7709765596485738,-1.8262063881490178,0.01020581389047382,-0.07967315764283156,-0.032642916321458104,-0.016343723673125532,-0.020856018091967465,-0.00025121420197626865,-0.000334840113845547,-0.008542796122884777,-0.021803330191643044,-0.058332419301765914,0.001969852689277074,1
2021-07-05,117.0,117.94,116.05,116.99,1997476,0.001969852689277074,118.98299999999999,123.7076,0.16305459519098037,47.540983606557354,-1.8051210483064324,-1.8219893201805009,0.010200404727974878,-0.15818796887597042,-0.020676377029968163,-0.016477511559478852,-0.0011976047904191933,-0.020856018091967465,-0.00025121420197626865,-0.010273405136702607,-0.016750292058529292,-0.0543022417377752,-0.0012821608684502328,0
2021-07-06,117.54,118.68,115.7,116.84,1296422,-0.0012821608684502328,118.6895,123.4746,0.1569065596685692,46.09450337512052,-1.823267060237157,-1.8222448681918322,0.00937477804975807,-0.35096992404414373,-0.021604421369954774,-0.027386997419462156,0.001969852689277074,-0.0011976047904191933,-0.020856018091967465,-0.000334840113845547,-0.01558267580535766,-0.05373250854831679,0.006761383087983575,1
2021-07-07,118.02,118.53,117.12,117.63,1470683,0.006761383087983575,118.5685,123.2318,0.14236851141665202,50.8675799086758,-1.7536861059351736,-1.8085331157405007,0.00984820456752658,0.13441687968886673,-0.014741603149342586,-0.018768768768768762,-0.0012821608684502328,0.001969852689277074,-0.0011976047904191933,-0.00025121420197626865,-0.007915255738244142,-0.04545742251594165,0.009181331293037553,1
2021-07-08,118.78,119.36,118.13,118.71,2027118,0.009181331293037553,118.53800000000001,123.0168,0.14539060202552195,50.04642525533886,-1.5930322402463304,-1.7654329406416667,0.008749680549569035,0.3783514190345574,0.015483319076133428,-0.024889107934943366,0.006761383087983575,-0.0012821608684502328,0.001969852689277074,-0.020856018091967465,0.0014510114899861648,-0.03500985231285492,-0.004548900682335044,0
2021-07-09,118.39,119.1,117.46,118.17,1803552,-0.004548900682335044,118.492,122.8036,0.14609586681268222,46.47377938517177,-1.4920865364701967,-1.7107636598073728,0.008530730509996289,-0.11028761029205014,0.012076053442959811,-0.020961060480530258,0.009181331293037553,0.006761383087983575,-0.0012821608684502328,-0.0011976047904191933,-0.0027174830368295044,-0.03773179287903616,-0.005162054667005145,0
2021-07-12,117.75,118.38,116.93,117.56,1799754,-0.005162054667005145,118.526,122.59719999999999,0.1308980875699248,37.75023832221161,-1.4446551556032006,-1.6575419589665383,0.008129145986411646,-0.0021058444669186382,0.004872211300111173,-0.015904905407667758,-0.004548900682335044,0.009181331293037553,0.006761383087983575,0.001969852689277074,-0.008150110524273058,-0.04108739840714126,0.008676420551207764,1
2021-07-13,118.17,120.07,116.68,118.58,1677007,0.008676420551207764,118.58,122.4224,0.13312841268388215,44.2273534635879,-1.3096629893330203,-1.587966165039835,0.00875675495121534,-0.06820209873127103,0.014892160219103001,-0.00703399765533419,-0.005162054667005145,-0.004548900682335044,0.009181331293037553,-0.0012821608684502328,0.0,-0.031386412944036324,-0.01796255692359583,0
2021-07-14,116.82,117.06,116.2,116.45,1129588,-0.01796255692359583,118.52000000000001,122.19220000000001,0.14827713522227354,27.05984388551596,-1.3588894916645557,-1.542150830364779,0.010314946189029041,-0.3264261866527689,-0.010031454560911257,-0.02462517798810615,0.008676420551207764,-0.005162054667005145,-0.004548900682335044,0.006761383087983575,-0.017465406682416584,-0.04699317959738847,-0.00120223271790465,0
2021-07-15,116.07,116.59,115.79,116.31,2450125,-0.00120223271790465,118.4635,121.97579999999999,0.1482230592738375,29.350893697083634,-1.3931394351816806,-1.5123485513281594,0.008037537481280856,1.1690430493241784,-0.020217336365933702,-0.005047048759623585,-0.01796255692359583,0.008676420551207764,-0.005162054667005145,0.009181331293037553,-0.018178595094691552,-0.046450197498192236,-0.03224142378127415,0
2021-07-16,112.8,114.71,110.66,112.56,1468630,-0.03224142378127415,118.15650000000001,121.676,0.18028455764469084,23.74429223744285,-1.703242502778508,-1.5505273416182292,0.012882059633900284,-0.4005897658282741,-0.04747397816704746,-0.03597122302158273,-0.00120223271790465,-0.01796255692359583,0.008676420551207764,-0.004548900682335044,-0.04736514707189199,-0.07492028008810281,-0.004264392324093813,0
2021-07-19,112.1,113.38,110.8,112.08,3434659,-0.004264392324093813,117.81300000000002,121.38040000000001,0.17949998017497304,22.974963181148638,-1.9650811739409306,-1.6334381080827698,0.012733574149808526,1.338682309363148,-0.046614494726097355,-0.0419693990939396,-0.03224142378127415,-0.00120223271790465,-0.01796255692359583,-0.005162054667005145,-0.048661862443024284,-0.07662192578043914,-0.0049072091363311365,0
2021-07-20,111.81,112.57,110.77,111.53,5212460,-0.0049072091363311365,117.383,121.09899999999999,0.17304491833634728,22.127659574467998,-2.1917059883964924,-1.7450916841455144,0.01269267125242652,0.5176062601847811,-0.05945353347950744,-0.04544676480657306,-0.004264392324093813,-0.03224142378127415,-0.00120223271790465,0.008676420551207764,-0.049862416193145465,-0.07901799354247341,-0.013180310230431314,0
2021-07-21,110.51,111.81,108.76,110.06,2671609,-0.013180310230431314,116.89199999999998,120.8408,0.17616696761122463,23.853211009174203,-2.4615492933016156,-1.8883832059767347,0.012274754230363375,-0.487457169935117,-0.054873336195792155,-0.0643543313780498,-0.0049072091363311365,-0.004264392324093813,-0.03224142378127415,-0.01796255692359583,-0.058447113574923715,-0.08921490092750128,0.01562783936034884,1
2021-07-22,111.95,112.66,111.07,111.78,2401085,0.01562783936034884,116.394,120.566,0.17633410860605128,33.01500682128233,-2.507705167021541,-2.012247598185696,0.013318307728361923,-0.10125882941702924,-0.038947639927779165,-0.05837755875663375,-0.013180310230431314,-0.0049072091363311365,-0.004264392324093813,-0.00120223271790465,-0.03964121861951653,-0.07287294925600918,-0.0027733047056718307,0
2021-07-23,111.28,112.04,110.71,111.47,1603514,-0.0027733047056718307,115.93249999999998,120.3026,0.17563719451628598,31.27544097693348,-2.54001868441442,-2.1178018154314406,0.013350363697325677,-0.3321710809904689,-0.009683724235963087,-0.05669797749005667,0.01562783936034884,-0.013180310230431314,-0.0049072091363311365,-0.03224142378127415,-0.038492226079830716,-0.07341985958740704,0.003588409437516926,1
2021-07-26,111.74,113.19,110.43,111.87,1425421,0.003588409437516926,115.55300000000003,120.051,0.17586942024880778,33.422281521014,-2.504480628988162,-2.195137578142785,0.013675197253442465,-0.11106420025020047,-0.0018736616702355047,-0.04840081660428719,-0.0027733047056718307,0.01562783936034884,-0.013180310230431314,-0.004264392324093813,-0.0318728202642945,-0.06814603793387808,0.002413515687851975,1
2021-07-27,112.31,113.32,111.13,112.14,1732169,0.002413515687851975,115.18900000000001,119.77099999999999,0.17673544085811935,31.029716655148576,-2.4265578718423626,-2.2414216368827007,0.013118255219549192,0.21519817653872075,0.005469380435757287,-0.05430932703659974,0.003588409437516926,-0.0027733047056718307,0.01562783936034884,-0.0049072091363311365,-0.026469541362456495,-0.06371325279074225,-0.007401462457642172,0
2021-07-28,111.15,112.89,109.58,111.31,2850211,-0.007401462457642172,114.785,119.4744,0.17703945433665913,23.980309423347407,-2.4040650236871954,-2.2739503142435997,0.0124084936791918,0.6454578046368455,0.011357441395602352,-0.044139115500214654,0.002413515687851975,0.003588409437516926,-0.0027733047056718307,-0.013180310230431314,-0.030273990503985715,-0.0683359782514078,0.00574970802263941,1
2021-07-29,111.8,112.18,111.56,111.95,2030708,0.00574970802263941,114.5375,119.18119999999999,0.16724023118109604,28.28212290502792,-2.307991538395413,-2.2807585590739627,0.012798297949012244,-0.28752362544387067,0.0015208445160135309,-0.03748602871636142,-0.007401462457642172,0.002413515687851975,0.003588409437516926,0.01562783936034884,-0.022590854523627524,-0.06067399891929248,-0.019651630192050074,0
2021-07-30,109.69,110.97,108.48,109.75,1178786,-0.019651630192050074,114.18699999999998,118.84279999999998,0.1783667643390799,25.455688246385904,-2.3819169668603024,-2.300990240631231,0.009995208697734745,-0.41951969460897387,-0.015430160581322294,-0.024964463397299186,0.00574970802263941,-0.007401462457642172,0.002413515687851975,-0.0027733047056718307,-0.03885731300410711,-0.07651115591352597,-0.00984054669703871,0
2021-08-02,108.53,108.98,108.23,108.67,2665301,-0.00984054669703871,113.771,118.4376,0.17890134376509073,18.973074514715094,-2.49884524310076,-2.340561241125137,0.010257914622834508,1.2610558659502233,-0.028604630374541862,-0.03042469664525338,-0.019651630192050074,0.00574970802263941,-0.007401462457642172,0.003588409437516926,-0.04483567868789062,-0.08247043168723445,-0.007729824238520311,0
2021-08-03,107.98,108.3,107.52,107.83,1695668,-0.007729824238520311,113.3205,117.99719999999999,0.17924700299816548,20.64032697547684,-2.6289873940800277,-2.3982464717161154,0.010353467995039316,-0.3637986854017614,-0.03843410023185301,-0.03317493051196985,-0.00984054669703871,-0.019651630192050074,0.00574970802263941,0.002413515687851975,-0.04845107460697751,-0.08616475645184796,-0.01715663544468138,0
2021-08-04,105.82,106.62,105.18,105.98,2724451,-0.01715663544468138,112.73799999999999,117.52680000000001,0.18040479709679452,18.486882245271502,-2.848568995057164,-2.488310976384325,0.010839209923752764,0.6067125168370224,-0.04788428712604431,-0.037070688715246214,-0.007729824238520311,-0.00984054669703871,-0.019651630192050074,-0.007401462457642172,-0.0599442956234808,-0.09824822934003141,0.00868088318550675,1
2021-08-05,106.91,108.16,105.65,106.9,2023931,0.00868088318550675,112.1475,117.1056,0.17988590811203659,29.129793510324504,-2.914753223799295,-2.5735994258673194,0.009615089191948914,-0.25712336173416217,-0.045109423849932995,-0.04365718375380212,-0.01715663544468138,-0.007729824238520311,-0.00984054669703871,0.00574970802263941,-0.046791056421230826,-0.08714869314533202,0.0011225444340503543,1
2021-08-06,106.76,109.79,103.99,107.02,1516719,0.0011225444340503543,111.58999999999999,116.73240000000001,0.18126445495412388,30.8333333333333,-2.9238177537391437,-2.6436430914416844,0.009766599821910077,-0.25060735766189657,-0.024874715261959057,-0.03992105499237464,0.00868088318550675,-0.01715663544468138,-0.007729824238520311,-0.019651630192050074,-0.040953490456134056,-0.08320226432421518,0.0077555597084657535,1
2021-08-09,107.27,108.87,106.25,107.85,1720488,0.0077555597084657535,111.10449999999999,116.366,0.18671608140879412,36.35014836795248,-2.831388906783303,-2.6811922545100084,0.010206416905898224,0.13434855104999666,-0.00754578080426993,-0.03593456690801833,0.0011225444340503543,0.00868088318550675,-0.01715663544468138,-0.00984054669703871,-0.02929224288845178,-0.07318288847257792,0.00241075567918414,1
2021-08-10,108.35,109.02,107.44,108.11,2568550,0.00241075567918414,110.58099999999999,115.99520000000001,0.1822406046972046,42.05378973105133,-2.7059658625098564,-2.686146976109978,0.010206236082272946,0.49291945076048194,0.002596679959194992,-0.03593722133047972,0.0077555597084657535,0.0011225444340503543,0.00868088318550675,-0.007729824238520311,-0.022345610909649816,-0.06797867497965437,-0.0020349643881232282,0
2021-08-11,108.19,108.75,107.33,107.89,1636919,-0.0020349643881232282,110.15299999999999,115.6214,0.17532969871918258,31.940575673166194,-2.594412584375263,-2.667800097763035,0.010125263660081225,-0.3627069747522922,0.0180222683525193,-0.030725002245979738,0.00241075567918414,0.0077555597084657535,0.0011225444340503543,-0.01715663544468138,-0.020544152224632906,-0.06686824411397885,0.006858837705070009,1
2021-08-12,108.44,109.37,107.7,108.63,3186440,0.006858837705070009,109.769,115.30059999999999,0.17917707334457866,37.32142857142855,-2.418415997980631,-2.6179232778065544,0.010238049573809823,0.9466082316840356,0.016183348924228236,-0.029656096471639137,-0.0020349643881232282,0.00241075567918414,0.0077555597084657535,0.00868088318550675,-0.010376335759640809,-0.057853992086771444,0.01040228297891943,1
2021-08-13,110.0,110.06,109.7,109.76,1544371,0.01040228297891943,109.62899999999999,114.9926,0.14944711513237235,41.15674769488684,-2.16282418815031,-2.5269034598753057,0.00914625126547889,-0.5153302745383563,0.025602691085778506,9.111617312074216e-05,0.006858837705070009,-0.0020349643881232282,0.00241075567918414,0.0011225444340503543,0.0011949392952594895,-0.045503797635673915,0.003370991253644151,1
2021-08-16,110.21,111.33,109.0,110.13,3272243,0.003370991253644151,109.53149999999998,114.70360000000001,0.14983888766408454,41.64588528678301,-1.9084109560821076,-2.403204959116666,0.008489987565792608,1.1188192474476666,0.021140472878998562,0.013435170700285104,0.01040228297891943,0.006858837705070009,-0.0020349643881232282,0.0077555597084657535,0.00546418153681838,-0.039873203630923615,0.011895033142649725,1
2021-08-17,111.03,111.65,110.82,111.44,1287765,0.011895033142649725,109.527,114.4782,0.1555434161764684,50.51958433253396,-1.5828346522556558,-2.239130897744464,0.008421215449538218,-0.6064580167181961,0.030801960965683106,0.03347862375962163,0.003370991253644151,0.01040228297891943,0.006858837705070009,0.00241075567918414,0.017466012946579346,-0.026539550761629727,-0.0026920315865038846,0
2021-08-18,111.52,112.1,110.56,111.14,1374321,-0.0026920315865038846,109.58100000000002,114.3,0.14802480016471525,46.67214461791289,-1.3336471247306037,-2.058034143141692,0.005097675771414733,0.06721412680108552,0.03012327370469925,0.04868843177958104,0.011895033142649725,0.003370991253644151,0.01040228297891943,-0.0020349643881232282,0.014226918900174246,-0.027646544181977206,-0.0014396256973187027,0
2021-08-19,110.3,111.07,110.21,110.98,2442024,-0.0014396256973187027,109.54100000000001,114.1332,0.13691697994768381,56.07107601184603,-1.135980006302347,-1.8736233157738231,0.00523917006987239,0.7768949175629274,0.021633066372088727,0.038166510757717376,-0.0026920315865038846,0.011895033142649725,0.003370991253644151,0.006858837705070009,0.01313663377182972,-0.02762736872356153,-0.01712020183816909,0
2021-08-20,109.04,109.72,108.4,109.08,3438632,-0.01712020183816909,109.42150000000001,113.93299999999999,0.14923825015260916,51.872146118721446,-1.1197339162938533,-1.7228454358778293,0.008452265850854037,0.4081073732281091,-0.006195335276968028,0.019248738553541367,-0.0014396256973187027,-0.0026920315865038846,0.011895033142649725,0.01040228297891943,-0.0031209588609186767,-0.042595209465212,0.006967363403006965,1
2021-08-23,110.05,110.71,109.17,109.84,1815493,0.006967363403006965,109.31999999999998,113.7922,0.1510987955728009,59.24563017479304,-1.0336182170986632,-1.5849999921219962,0.008395499793793735,-0.4720304469917107,-0.0026332516117315574,0.018451553082985628,-0.01712020183816909,-0.0014396256973187027,-0.0026920315865038846,0.003370991253644151,0.004756677643615204,-0.03473173029434351,0.0010924981791695654,1
2021-08-24,109.58,110.67,108.87,109.96,2609163,0.0010924981791695654,109.21099999999998,113.64139999999999,0.15079026807310744,71.77242888402623,-0.9447968776483151,-1.45695936922726,0.008396272717615448,0.43716500146241266,-0.013280689160086179,0.01711220053649054,0.006967363403006965,-0.01712020183816909,-0.0014396256973187027,0.011895033142649725,0.0068582835062402925,-0.032394884258729606,-0.014641687886504218,0
2021-08-25,108.85,109.98,107.22,108.35,1484380,-0.014641687886504218,109.06300000000002,113.45540000000001,0.15696991236667107,57.375381485249186,-0.9928736415815393,-1.364142223698116,0.00984570567077718,-0.4310895869671615,-0.02510347309699479,0.004263601816665075,0.0010924981791695654,0.006967363403006965,-0.01712020183816909,-0.0026920315865038846,-0.006537505845245595,-0.04499918029463579,0.01024457775726817,1
2021-08-26,109.25,109.7,109.01,109.46,1430663,0.01024457775726817,108.9385,113.2958,0.1604203204234137,61.275415896487985,-0.930678813989843,-1.2774495417564613,0.010143550275495386,-0.036188172839838884,-0.013696161470535317,0.007640614931418543,-0.014641687886504218,0.0010924981791695654,0.006967363403006965,-0.0014396256973187027,0.00478710465078902,-0.03385650659600803,0.002923442353371053,1
2021-08-27,110.17,111.56,108.38,109.78,2009627,0.002923442353371053,108.94000000000001,113.1174,0.14502390178641894,59.35984481086327,-0.8458175808169557,-1.1911231495685601,0.009619741492427187,0.4046823046377799,0.006417308397506538,0.00018221574344012836,0.01024457775726817,-0.014641687886504218,0.0010924981791695654,-0.01712020183816909,0.007710666421883561,-0.02950386059085519,0.0015485516487521167,1
2021-08-30,109.87,110.57,109.26,109.95,4155085,0.0015485516487521167,109.00399999999999,112.9374,0.14027548076864077,59.00195694716245,-0.7561306593189272,-1.1041246515186336,0.0095671658558996,1.0675901547899187,0.0010014566642388978,-0.0016344320348677943,0.002923442353371053,0.01024457775726817,-0.014641687886504218,0.006967363403006965,0.008678580602546893,-0.026451821982797497,-0.022737608003638,0
2021-08-31,107.65,108.01,107.1,107.45,1888860,-0.022737608003638,108.98500000000001,112.68379999999999,0.16074946389801725,48.24,-0.8766764540504681,-1.0586350120250005,0.010908081654159983,-0.545410021696307,-0.022826482357220734,-0.03580402010050243,0.0015485516487521167,0.002923442353371053,0.01024457775726817,0.0010924981791695654,-0.014084507042253613,-0.04644678294484206,-0.03387622149837133,0
2021-09-01,103.77,105.0,102.58,103.81,1221036,-0.03387622149837133,108.87650000000001,112.3624,0.1921333893435191,34.35064935064938,-1.2515009205318535,-1.0972081937263711,0.014492764851239922,-0.3535592897303135,-0.041901245962159606,-0.06595285225841274,-0.022737608003638,0.0015485516487521167,0.002923442353371053,-0.014641687886504218,-0.04653437610503652,-0.07611442973806182,-0.015220113669203283,0
2021-09-02,102.94,102.97,102.19,102.23,873030,-0.015220113669203283,108.643,111.97219999999999,0.1949321057615265,26.246056782334378,-1.6569445803616532,-1.2091554710534276,0.01459141858703559,-0.28500879580946015,-0.0660515256714781,-0.0788430347810416,-0.03387622149837133,-0.022737608003638,0.0015485516487521167,0.01024457775726817,-0.05902819325681352,-0.08700552458556665,-0.017118262740878465,0
2021-09-03,100.59,100.66,100.41,100.48,1987963,-0.017118262740878465,108.316,111.5678,0.20150264379305055,21.996517701683146,-2.095318449682864,-1.386388066779315,0.014591285141346149,1.277084407179593,-0.0847148843140827,-0.07884121745507877,-0.015220113669203283,-0.03387622149837133,-0.022737608003638,0.002923442353371053,-0.07234388271354186,-0.0993817212493211,-0.011146496815286677,0
2021-09-06,99.65,99.66,99.36,99.36,2489520,-0.011146496815286677,107.89150000000002,111.1658,0.19919064540385756,14.553990610328654,-2.5042402168184736,-1.6099584967871468,0.013606600635003315,0.25229694918869217,-0.0963165075034107,-0.09541150764748729,-0.017118262740878465,-0.015220113669203283,-0.03387622149837133,0.0015485516487521167,-0.0790748112687285,-0.10619992839524395,0.00040257648953301306,1
2021-09-07,99.61,100.64,98.37,99.4,1743720,0.00040257648953301306,107.45599999999999,110.76540000000001,0.1984575384811233,15.017878426698488,-2.7928912854652594,-1.8465450545227693,0.013546324516451965,-0.29957582184517495,-0.07491856677524422,-0.0960349217897416,-0.011146496815286677,-0.017118262740878465,-0.015220113669203283,-0.022737608003638,-0.07497022036926726,-0.10260785407717576,-0.005533199195171146,0
2021-09-08,98.89,99.74,98.01,98.85,2110818,-0.005533199195171146,107.00399999999999,110.35459999999999,0.1983594558621945,14.676761793826472,-3.031089230582083,-2.083453889734632,0.013502867084801844,0.21052577248640847,-0.047779597341296665,-0.08767881864328564,0.00040257648953301306,-0.011146496815286677,-0.017118262740878465,-0.03387622149837133,-0.07620275877537286,-0.10425120475267902,0.008194233687405239,1
2021-09-09,99.57,101.03,98.19,99.66,1532205,0.008194233687405239,106.55550000000001,110.0098,0.1994088865881796,20.708955223880636,-3.1185538402253883,-2.2904738798327835,0.013189238118248361,-0.2741179012117577,-0.02513939156803291,-0.0895304220719898,-0.005533199195171146,0.00040257648953301306,-0.011146496815286677,-0.015220113669203283,-0.06471275532469001,-0.09408070917318279,-0.012542644992976082,0
2021-09-10,98.52,99.27,97.66,98.41,3110755,-0.012542644992976082,105.98800000000001,109.64280000000001,0.19363651150690894,15.509957754978899,-3.2512562684048874,-2.4826303575472046,0.01249060834189126,1.0302472580366202,-0.020601114649681618,-0.10357077791947533,0.008194233687405239,-0.005533199195171146,0.00040257648953301306,-0.017118262740878465,-0.07149866022568607,-0.10244904362165153,0.05111269179961386,1
2021-09-13,103.74,106.25,100.93,103.44,2568430,0.05111269179961386,105.65350000000001,109.37180000000001,0.2780025479960909,34.823091247672295,-2.9169204925523218,-2.569488384548228,0.02318874549022515,-0.17433870555540376,0.04106280193236711,-0.05920873124147341,-0.012542644992976082,0.008194233687405239,-0.005533199195171146,-0.011146496815286677,-0.02095056008556284,-0.05423518676660721,-0.00551044083526675,0
2021-09-14,103.14,104.04,101.98,102.87,1229747,-0.00551044083526675,105.225,109.0924,0.2724568462934425,36.59491193737773,-2.667205334917938,-2.5890317746221703,0.02242168416916265,-0.5212067294027869,0.03490945674044266,-0.042624476500698005,0.05111269179961386,-0.012542644992976082,0.008194233687405239,0.00040257648953301306,-0.022380612972202285,-0.05703788714887559,-0.006804704967434683,0
2021-09-15,102.33,103.01,101.49,102.17,1608753,-0.006804704967434683,104.77650000000001,108.7832,0.2726151461982092,31.802296555167302,-2.4970045095927844,-2.570626321616293,0.01992564119349534,0.3081983529945591,0.033586241780475534,-0.015798092669299657,-0.00551044083526675,0.05111269179961386,-0.012542644992976082,-0.005533199195171146,-0.02487676148754736,-0.060792475308687255,0.006264069687775375,1
2021-09-16,102.77,102.97,102.61,102.81,3017516,0.006264069687775375,104.36800000000001,108.46520000000001,0.2749587573539005,32.8746928746929,-2.2841462617216024,-2.513330309637355,0.019423870848692872,0.8756863235064674,0.03160746538229997,0.00567348136554835,-0.006804704967434683,-0.00551044083526675,0.05111269179961386,0.008194233687405239,-0.014927947263529084,-0.0521383817113692,-0.009726680284019018,0
2021-09-17,102.02,102.3,101.53,101.81,1974966,-0.009726680284019018,104.00450000000001,108.13799999999999,0.27139305505914685,30.783758262511824,-2.1711189021447836,-2.444888028138841,0.018799741761120835,-0.34549941077362967,0.03454933441723407,0.013236464968152895,0.006264069687775375,-0.006804704967434683,-0.00551044083526675,-0.012542644992976082,-0.021100048555591444,-0.058517819822818895,-0.007464885571161983,0
2021-09-20,100.74,102.08,99.71,101.05,881474,-0.007464885571161983,103.56500000000001,107.8078,0.2689718827793718,33.53909465020577,-2.1184493879219843,-2.37960030009547,0.0185597127908531,-0.5536763670868258,-0.023105181747873127,0.017008856682769746,-0.009726680284019018,0.006264069687775375,-0.006804704967434683,0.05111269179961386,-0.024284265919953807,-0.06268377612751586,0.005244928253339998,1
2021-09-21,101.57,102.49,100.67,101.58,1724531,0.005244928253339998,103.146,107.46780000000001,0.2704201158185239,43.17207593386405,-2.010763023355139,-2.305832844747404,0.018581226080302226,0.9564173191722047,-0.012540099154272455,0.021931589537223184,-0.007464885571161983,-0.009726680284019018,0.006264069687775375,-0.00551044083526675,-0.015182362864289423,-0.0547866430689008,-0.028155148651309303,0
2021-09-22,98.1,99.51,97.31,98.72,1735452,-0.028155148651309303,102.6645,107.11319999999999,0.2816156164440317,40.03407155025553,-2.131626834325786,-2.2709916426630805,0.020879004126361695,0.006332736262786742,-0.03376725066066366,-0.0013151239251391056,0.005244928253339998,-0.007464885571161983,-0.009726680284019018,-0.006804704967434683,-0.03842126538384738,-0.07835822288942906,-0.012256888168557523,0
2021-09-23,97.31,97.77,97.05,97.51,784487,-0.012256888168557523,102.067,106.73720000000002,0.2772888800460467,41.300527240773306,-2.2985528761480936,-2.2765038893600833,0.02099512419701682,-0.5479638733886043,-0.05155140550530102,-0.021573349387918883,-0.028155148651309303,0.005244928253339998,-0.007464885571161983,0.006264069687775375,-0.04464714354296673,-0.08644783636820164,-0.006563429391857278,0
2021-09-24,96.82,97.18,96.51,96.87,2314364,-0.006563429391857278,101.42150000000001,106.4234,0.2754507664652725,42.49547920433999,-2.4541951838305494,-2.3120421482541764,0.020744659001208657,1.9501623353860547,-0.048521756212552725,-0.015648816177217695,-0.012256888168557523,-0.028155148651309303,0.005244928253339998,-0.009726680284019018,-0.04487707241561212,-0.0897678518070274,-0.03034995354598946,0
2021-09-27,93.53,94.07,93.39,93.93,3336502,-0.03034995354598946,100.62049999999999,106.06039999999999,0.28675190699194436,35.96716264751156,-2.7826990410309804,-2.406173526809537,0.011982587582297914,0.44164962814838105,-0.07046016823354762,-0.09193735498839894,-0.006563429391857278,-0.012256888168557523,-0.028155148651309303,-0.007464885571161983,-0.0664924145676079,-0.11437256506669768,0.010007452358139046,1
2021-09-28,94.54,95.7,93.7,94.87,1642290,0.010007452358139046,99.9915,105.72720000000001,0.28751680665383916,39.98993963782698,-2.933376432956905,-2.511614108039011,0.01347338170416752,-0.5077809034731584,-0.06605631029730252,-0.07776805677068144,-0.03034995354598946,-0.006563429391857278,-0.012256888168557523,0.005244928253339998,-0.051219353645059806,-0.10269069832550193,0.0023189627911879285,1
2021-09-29,95.35,96.41,94.03,95.09,1433994,0.0023189627911879285,99.5555,105.42779999999999,0.2691811424274047,38.15448418869882,-3.000449871839507,-2.6093812607991103,0.013865067527407742,-0.1268326544033027,-0.03677066450567257,-0.06929627092101398,0.010007452358139046,-0.03034995354598946,-0.006563429391857278,-0.028155148651309303,-0.04485437770891609,-0.0980557310310941,0.016300347039646557,1
2021-09-30,96.79,97.12,96.3,96.64,1854583,0.016300347039646557,99.276,105.125,0.2753150506221658,45.482388973966316,-2.8951604023391155,-2.6665370891071114,0.015233103241179042,0.2932989956722274,-0.008922161829555963,-0.06001361735239763,0.0023189627911879285,0.010007452358139046,-0.03034995354598946,-0.012256888168557523,-0.026552238204601286,-0.08071343638525563,-0.008692052980132536,0
2021-10-01,96.12,96.34,95.57,95.8,1674301,-0.008692052980132536,99.042,104.8116,0.27104013917693737,25.194805194805184,-2.846683918800764,-2.702566455045842,0.015208960791261017,-0.09720891434893986,-0.011045731392588132,-0.05903152931932032,0.016300347039646557,0.0023189627911879285,0.010007452358139046,-0.006563429391857278,-0.032733587770844785,-0.08597903285514197,-0.006784968684759862,0
2021-10-04,95.49,95.83,94.8,95.15,1909447,-0.006784968684759862,98.8315,104.4772,0.2695785454023494,25.06459948320412,-2.828114777352738,-2.7276761195072217,0.015203009606488656,0.14044428092678674,0.012988395613754866,-0.058386937159821795,-0.008692052980132536,0.016300347039646557,0.0023189627911879285,-0.03034995354598946,-0.03725026939791465,-0.08927498056992333,-0.01807672096689439,0
2021-10-05,93.61,94.1,92.94,93.43,2396151,-0.01807672096689439,98.53299999999999,104.10300000000001,0.27528958215707006,23.515151515151516,-2.918545053684312,-2.76584990634264,0.015092969980986049,0.25489264692866564,-0.015178665542321057,-0.08023232919866108,-0.006784968684759862,-0.008692052980132536,0.016300347039646557,0.010007452358139046,-0.0517897557163588,-0.10252346234018228,0.0032109600770631186,1
2021-10-06,93.96,94.17,93.52,93.73,1125756,0.0032109600770631186,98.277,103.75139999999999,0.27595072190243375,21.905940594059373,-2.9322035886599593,-2.7991206428061037,0.013684467360874437,-0.5301815286265348,-0.014302239983173815,-0.050547001620745546,-0.01807672096689439,-0.006784968684759862,-0.008692052980132536,0.0023189627911879285,-0.04626718357296211,-0.09659050383898427,-0.02411181051957756,0
2021-10-07,91.55,92.73,90.29,91.47,1801913,-0.02411181051957756,97.86749999999999,103.3418,0.2830598228434305,20.32146957520088,-3.089774194824244,-2.857251353209732,0.014839232520927614,0.6006248245623385,-0.053497516556291425,-0.061942364885652856,0.0032109600770631186,-0.01807672096689439,-0.006784968684759862,0.016300347039646557,-0.06536899379262773,-0.11487897443241757,0.022302394227615707,1
2021-10-08,93.87,94.72,92.66,93.51,3864995,0.022302394227615707,97.6225,103.01700000000001,0.2960484966000488,29.839572192513373,-3.0152808042711854,-2.8888572434220228,0.01736866707688403,1.1449398500371548,-0.023903966597077164,-0.034685661195416495,-0.02411181051957756,0.0032109600770631186,-0.01807672096689439,-0.008692052980132536,-0.042126558938769154,-0.0922857392469204,-0.008341353865896739,0
2021-10-11,92.31,92.98,92.06,92.73,1867227,-0.008341353865896739,97.087,102.6982,0.21865296205108947,26.64907651715039,-2.9847770845584307,-2.908041211649304,0.0147729708241222,-0.5168876027006504,-0.02543352601156068,-0.012775471095496704,0.022302394227615707,-0.02411181051957756,0.0032109600770631186,-0.006784968684759862,-0.04487727502137262,-0.09706304492191675,0.006362557963981441,1
2021-10-12,93.28,94.05,92.55,93.32,2023353,0.006362557963981441,96.6095,102.40800000000002,0.22257083441576425,33.81294964028773,-2.8797980781218513,-2.9023925849438137,0.014508694246754283,0.08361382949154006,-0.0011773520282566396,-0.016338146937915132,-0.008341353865896739,0.022302394227615707,-0.02411181051957756,-0.01807672096689439,-0.03404944648300634,-0.08874306694789491,0.012108872696099615,1
2021-10-13,94.74,95.7,93.49,94.45,2214832,0.012108872696099615,96.2235,102.17739999999999,0.23026545692100298,40.78313253012047,-2.6745889069464965,-2.85683184934435,0.015116416588246306,0.09463450025774045,0.007681638749599928,-0.00673046587443471,0.006362557963981441,-0.008341353865896739,0.022302394227615707,0.0032109600770631186,-0.018431048548431472,-0.07562729135797142,-0.015563790365272667,0
2021-10-14,93.22,93.94,92.26,92.98,1491775,-0.015563790365272667,95.732,101.899,0.23062224136237602,38.841078600114734,-2.6005978023852236,-2.8055850399525246,0.014510871406745854,-0.3264613297983775,0.016508144746911535,-0.037872516556291314,0.012108872696099615,0.006362557963981441,-0.008341353865896739,-0.02411181051957756,-0.02874691848075872,-0.08752784620064968,0.016024951602495063,1
2021-10-15,94.5,95.8,93.18,94.47,1224281,0.016024951602495063,95.365,101.648,0.2413567399450579,51.689612015018746,-2.394130722716028,-2.723294176505225,0.01563843197610587,-0.1793125638920079,0.010266281681103662,-0.013883089770354906,-0.015563790365272667,0.012108872696099615,0.006362557963981441,0.022302394227615707,-0.009384994494835541,-0.07061624429403424,0.017254154758124196,1
2021-10-18,96.01,96.43,95.67,96.1,4367331,0.017254154758124196,95.1175,101.41300000000001,0.2518602070498445,53.68926214757046,-2.0750567346821214,-2.5936466881406046,0.016522034296391916,2.5672619276130235,0.036342068370537994,0.009984235417761278,0.016024951602495063,-0.015563790365272667,0.012108872696099615,-0.008341353865896739,0.0103293295134963,-0.05238973307169703,0.0036420395421437046,1
2021-10-19,96.7,96.94,96.2,96.45,1952153,0.0036420395421437046,94.861,101.1798,0.25127951150708666,54.047619047619044,-1.7735023938044918,-2.429617829273382,0.015083486420598024,-0.5530100649572931,0.033540505786541,0.03232366477576787,0.017254154758124196,0.016024951602495063,-0.015563790365272667,0.006362557963981441,0.016750824891156535,-0.04674648497032019,0.008709175738724761,1
2021-10-20,97.25,97.42,97.13,97.29,1376548,0.008709175738724761,94.7895,100.96780000000001,0.23483158918322575,52.01988812927286,-1.450022469825683,-2.2336987573838423,0.015180229710501437,-0.29485649946494974,0.0300688194812071,0.0379814360396884,0.0036420395421437046,0.017254154758124196,0.016024951602495063,0.012108872696099615,0.026379504058993808,-0.03642547426011067,0.006783842121492301,1
2021-10-21,97.62,99.92,95.65,97.95,2639029,0.006783842121492301,94.8115,100.7542,0.23203218762353303,56.75675675675677,-1.1274097377075094,-2.012440953448576,0.011575557918626663,0.9171354722101954,0.053452355345235514,0.07084289931124954,0.008709175738724761,0.0036420395421437046,0.017254154758124196,-0.015563790365272667,0.03310252448278961,-0.027832090374396268,0.003879530372639106,1
2021-10-22,98.68,98.76,98.26,98.33,1683042,0.003879530372639106,94.8845,100.5256,0.23087717823140405,60.16624040920714,-0.8314891101196906,-1.776250584782799,0.010246589289226867,-0.3622495243515702,0.040859532126600984,0.05154528927387436,0.006783842121492301,0.008709175738724761,0.0036420395421437046,0.016024951602495063,0.03631256949238271,-0.021841202638929746,-0.0021356656157834886,0
2021-10-25,98.01,98.98,97.14,98.12,1397050,-0.0021356656157834886,95.09400000000001,100.2854,0.1999608069375643,66.59589525831564,-0.6069189419512213,-1.5423842562164836,0.00950403959986021,-0.16992564653763842,0.02101977107180031,0.058125741399762676,0.003879530372639106,0.006783842121492301,0.008709175738724761,0.017254154758124196,0.03182114539297953,-0.02159237536072045,-0.012229922543823935,0
2021-10-26,96.98,97.75,96.15,96.92,1645754,-0.012229922543823935,95.1965,99.995,0.20407098890050288,60.61210911510312,-0.519783694047689,-1.3378641437827246,0.011053708346579772,0.17802082960523968,0.004872991187143683,0.03857693956279484,-0.0021356656157834886,0.003879530372639106,0.006783842121492301,0.0036420395421437046,0.01810465720903598,-0.030751537576878873,0.019397441188609088,1
2021-10-27,98.33,99.17,97.96,98.8,1245419,0.019397441188609088,95.382,99.7482,0.21412732762649572,75.01706484641639,-0.29562036655579504,-1.1294153883373388,0.011869198811814953,-0.24325324440955332,0.01552060849008119,0.046056114346214816,-0.012229922543823935,-0.0021356656157834886,0.003879530372639106,0.008709175738724761,0.035834853536306666,-0.009505935946713784,0.01831983805668025,1
2021-10-28,99.85,100.65,99.81,100.61,1397754,0.01831983805668025,95.5805,99.5408,0.21602744538133936,74.61858529819695,0.027762529531088376,-0.8979798047636534,0.010200005008874942,0.12231626464667711,0.027156712608473743,0.08206065820606567,0.019397441188609088,-0.012229922543823935,-0.0021356656157834886,0.006783842121492301,0.052620565910410644,0.010741324160545185,0.014014511479972125,1
2021-10-29,102.16,103.42,100.76,102.02,2689365,0.014014511479972125,95.89150000000001,99.3996,0.216014328726363,80.86378737541528,0.3932874477811481,-0.639726354254693,0.010042070649940353,0.924061744770539,0.03752669582019719,0.07991955118026883,0.01831983805668025,0.019397441188609088,-0.012229922543823935,0.003879530372639106,0.06391077415620772,0.026362279123859578,-0.009605959615761495,0
2021-11-01,101.55,102.05,100.55,101.04,2031175,-0.009605959615761495,96.186,99.2236,0.21797363876486386,75.00000000000007,0.5970088230735655,-0.3923793187890414,0.010786140163823222,-0.24473807013923365,0.02975947818997149,0.05140478668054116,0.014014511479972125,0.01831983805668025,0.019397441188609088,-0.0021356656157834886,0.05046472459609497,0.01830612878387794,-0.0028701504354711194,0
2021-11-02,100.06,102.6,98.22,100.75,1754584,-0.0028701504354711194,96.55199999999999,99.0394,0.20465847657702715,71.57534246575344,0.7266821647063892,-0.16856702208995533,0.011075151843054158,-0.13617290484571742,0.039517127527858076,0.04458268532918597,-0.009605959615761495,0.014014511479972125,0.01831983805668025,-0.012229922543823935,0.04347916148811004,0.01727191400594097,0.007543424317618008,1
2021-11-03,101.36,102.0,100.88,101.51,3055355,0.007543424317618008,96.941,98.9026,0.2050543457014895,80.70554355651552,0.8806235900345882,0.041271100334953376,0.011031109308280156,0.7413557857589035,0.02742914979757094,0.043375475382875894,-0.0028701504354711194,-0.009605959615761495,0.014014511479972125,0.019397441188609088,0.04713176055538937,0.026363310974635734,0.002758348931139798,1
2021-11-04,101.97,103.72,100.04,101.79,2462803,0.002758348931139798,97.45700000000001,98.7492,0.17622290230069046,78.86435331230288,1.0135335547215334,0.2357235912122694,0.011004206849082918,-0.1939388385310381,0.011728456415863286,0.03920367534456348,0.007543424317618008,-0.0028701504354711194,-0.009605959615761495,0.01831983805668025,0.044460633920600845,0.030793160855986823,0.00019648295510354963,1
2021-11-05,101.87,102.52,101.16,101.81,1668200,0.00019648295510354963,97.872,98.5898,0.16525976021085384,75.79042457091242,1.107710495091979,0.41012097198821135,0.011066690974549473,-0.32264172164805716,-0.00205841991766309,0.03539103020441381,0.002758348931139798,0.007543424317618008,-0.0028701504354711194,0.014014511479972125,0.04023622690861539,0.03266260809941812,-0.0003928887142717885,0
2021-11-08,101.79,102.61,100.95,101.77,1150313,-0.0003928887142717885,98.324,98.42620000000001,0.1594956651475863,74.72118959107806,1.1656814826176287,0.5612330741140948,0.010980789333985452,-0.31044658913799306,0.007224861441013308,0.03719934773746414,0.00019648295510354963,0.002758348931139798,0.007543424317618008,-0.009605959615761495,0.03504739432895332,0.033972661750631294,0.0013756509776947645,1
2021-11-09,101.91,102.27,101.55,101.91,1594202,0.0013756509776947645,98.7535,98.31540000000001,0.15979233716203534,72.96222664015903,1.2089843191962046,0.6907833231305168,0.00953340212541905,0.38588540684144235,0.011513647642679814,0.051485761452744416,-0.0003928887142717885,0.00019648295510354963,0.002758348931139798,-0.0028701504354711194,0.0319634240811717,0.03656192214037657,-0.003336277107251484,0
2021-11-10,101.28,101.64,101.22,101.57,2999036,-0.003336277107251484,99.1095,98.2706,0.15939194300735446,68.5831622176591,1.202010936809657,0.7930288458663449,0.008378851654200306,0.8812145512300198,0.000591074770958322,0.028036437246963475,0.0013756509776947645,-0.0003928887142717885,0.00019648295510354963,0.007543424317618008,0.02482607620863786,0.033574639821065455,-0.01752485970266804,0
2021-11-11,100.12,100.56,99.35,99.79,1436150,-0.01752485970266804,99.45,98.2218,0.16265219911290124,56.55296229802518,1.0408550282525653,0.842594082343589,0.008664218101353382,-0.52112945626528,-0.01964829551036451,-0.008150283272040482,-0.003336277107251484,0.0013756509776947645,-0.0003928887142717885,0.002758348931139798,0.0034188034188034067,0.015965905735793928,-0.01924040485018541,0
2021-11-12,98.16,99.12,96.92,97.87,4199973,-0.01924040485018541,99.62,98.16959999999999,0.17462371392180676,49.02723735408561,0.7495692876081108,0.8239891233964933,0.008734736850092602,1.9244668036068657,-0.038699538355760676,-0.04067829837286796,-0.01752485970266804,-0.003336277107251484,0.0013756509776947645,0.00019648295510354963,-0.017566753663922907,-0.0030518612686614155,-0.009502401144375283,0
2021-11-15,97.05,97.83,96.16,96.94,1812327,-0.009502401144375283,99.662,98.1212,0.16901012352464356,50.07949125596183,0.43862382940963585,0.746916064599122,0.008727554872039538,-0.5684907974408406,-0.04745995873047071,-0.04057798891528119,-0.01924040485018541,-0.01752485970266804,-0.003336277107251484,-0.0003928887142717885,-0.027312315626818684,-0.0120381731980449,-0.01867134309882401,0
2021-11-16,94.48,96.21,93.4,95.13,1241945,-0.01867134309882401,99.596,98.0358,0.18158081459204067,35.33173461231014,0.045619566383365395,0.6066567649559707,0.009839814545250162,-0.31472355706227406,-0.06652929055048573,-0.055781637717121635,-0.009502401144375283,-0.01924040485018541,-0.01752485970266804,0.0013756509776947645,-0.04484115827944901,-0.029640192664312393,0.0013665510354252675,1
2021-11-17,95.75,95.8,95.22,95.26,1642523,0.0013665510354252675,99.49449999999999,97.96400000000001,0.17841681251305508,25.300092336103475,-0.25243926722846766,0.434837558519083,0.009082242679996574,0.3225408532583971,-0.062124643103278365,-0.06157028864151315,-0.01867134309882401,-0.009502401144375283,-0.01924040485018541,-0.003336277107251484,-0.04256014151536003,-0.027601976236168446,-0.0003149275666596285,0
2021-11-18,95.22,95.28,95.18,95.23,3159680,-0.0003149275666596285,99.3585,97.87540000000001,0.17607657031715765,14.07407407407419,-0.48547750704140924,0.25077454540698463,0.008789038825128282,0.9236747369747638,-0.04569596151919031,-0.06444640927399548,0.0013665510354252675,-0.01867134309882401,-0.009502401144375283,-0.01752485970266804,-0.04155155321386694,-0.027028242030173177,0.003990339178830071,1
2021-11-19,95.77,96.17,95.2,95.61,1558554,0.003990339178830071,99.2225,97.81939999999999,0.1761206426764585,19.322033898305136,-0.6322114270425345,0.0741773509170808,0.00918804962130346,-0.5067367581527243,-0.023091856544395717,-0.06089775071211079,-0.0003149275666596285,0.0013665510354252675,-0.01867134309882401,-0.01924040485018541,-0.03640807276575375,-0.022586521692016026,-0.0178851584562284,0
2021-11-22,94.45,95.81,92.54,93.9,2320722,-0.0178851584562284,99.0115,97.6286,0.18567438558742266,16.65043816942557,-0.8763794677608843,-0.11593401281851223,0.009609764496413906,0.48902251702539656,-0.03135960387868775,-0.07733123710327194,0.003990339178830071,-0.0003149275666596285,0.0013665510354252675,-0.009502401144375283,-0.05162531625114242,-0.03819167743878327,-0.06741214057508005,0
2021-11-23,87.92,88.29,87.2,87.57,2823058,-0.06741214057508005,98.544,97.32260000000001,0.2960171742674261,5.9974747474747545,-1.5626492493178574,-0.4052770601183813,0.020557209532978144,0.2164567750898212,-0.07947019867549676,-0.14071239328819551,-0.0178851584562284,0.003990339178830071,-0.0003149275666596285,-0.01867134309882401,-0.1113614223088164,-0.10020899564952035,-0.010505881009478024,0
2021-11-24,86.63,88.02,85.25,86.65,1614558,-0.010505881009478024,97.9365,97.0122,0.28218439551376123,4.065533980582529,-2.155907348836081,-0.7554031178619214,0.020233391260357877,-0.4280818885053017,-0.09038421163132482,-0.146893767844836,-0.06741214057508005,-0.0178851584562284,0.003990339178830071,0.0013665510354252675,-0.11524304013314735,-0.10681336986482115,-0.010848240046162916,0
2021-11-25,85.99,86.43,85.27,85.71,2824711,-0.010848240046162916,97.19149999999999,96.67019999999998,0.26689559566772797,3.7356321839080664,-2.671127713429158,-1.1385480369753687,0.02027183929244713,0.749525876431816,-0.09996849732227253,-0.14109630223469294,-0.010505881009478024,-0.06741214057508005,-0.0178851584562284,-0.0003149275666596285,-0.11813275852312188,-0.113377235176921,0.005483607513709243,1
2021-11-26,86.34,86.4,86.13,86.18,3173247,0.005483607513709243,96.3995,96.3576,0.25923728257999606,6.281547952888488,-3.006857312886055,-1.512209892157506,0.02117170178066079,0.12338819794308153,-0.09862985043405492,-0.1194441606212322,-0.010848240046162916,-0.010505881009478024,-0.06741214057508005,0.003990339178830071,-0.10601196064294938,-0.1056232201715277,-0.040728707356695315,0
2021-11-29,82.53,83.79,81.42,82.67,2736382,-0.040728707356695315,95.481,95.99,0.2837458993840788,4.622641509434047,-3.5156271436527504,-1.912893342456555,0.022922354261866486,-0.1376712874856575,-0.11959531416400426,-0.14720445636476165,0.005483607513709243,-0.010848240046162916,-0.010505881009478024,-0.0178851584562284,-0.1341732910212502,-0.13876445463069065,-0.020684649812507616,0
2021-11-30,80.99,82.03,79.93,80.96,1084661,-0.020684649812507616,94.4915,95.5776,0.2849972671641868,4.342046964997863,-4.01058211483857,-2.3324310969329582,0.022961598377969374,-0.6036149192620036,-0.07548247116592444,-0.1489540628613476,-0.040728707356695315,0.005483607513709243,-0.010848240046162916,-0.06741214057508005,-0.14320335691570152,-0.1529396009106737,0.008275691699604737,1
2021-12-01,81.2,82.86,79.97,81.63,2170627,0.008275691699604737,93.4975,95.2358,0.28563068681122517,7.688723205964649,-4.2992154157409885,-2.7257879606945643,0.02362826249767557,1.001203140889181,-0.05793421811886912,-0.1430820911190427,-0.020684649812507616,-0.040728707356695315,0.005483607513709243,-0.010505881009478024,-0.12692852750073536,-0.14286434303066708,-0.005390175180693291,0
2021-12-02,80.81,81.54,80.45,81.19,2505684,-0.005390175180693291,92.4675,94.90939999999999,0.28198722158740835,8.258258258258351,-4.511458424530744,-3.0829220534618003,0.023328892711144227,0.15435954680375752,-0.05273597013183984,-0.1474325317652001,0.008275691699604737,-0.020684649812507616,-0.040728707356695315,-0.010848240046162916,-0.12196177035174527,-0.14455259436894552,-0.010838773247936917,0
2021-12-03,80.36,80.74,79.94,80.31,2677830,-0.010838773247936917,91.39250000000001,94.5782,0.27883343653694165,8.278976417461209,-4.6965324807104025,-3.405644138911521,0.022400165514992253,0.06870219868107874,-0.06811325133441637,-0.16002510197678066,-0.005390175180693291,0.008275691699604737,-0.020684649812507616,0.005483607513709243,-0.12126268566895537,-0.15086140357926026,0.005354252272444127,1
2021-12-06,81.08,81.33,80.49,80.74,3665523,0.005354252272444127,90.34100000000001,94.3144,0.28262832785579434,11.212938005390882,-4.753709789902885,-3.675257269109794,0.02348359416749448,0.3688408151376301,-0.023345832829321456,-0.1401490947816827,-0.010838773247936917,-0.005390175180693291,0.008275691699604737,-0.040728707356695315,-0.10627511318227623,-0.14392712035489819,-0.038518702006440475,0
2021-12-07,77.41,78.84,76.2,77.63,2300685,-0.038518702006440475,89.127,93.96960000000001,0.294046756201815,9.057129586623319,-4.992424664171622,-3.9386907481221596,0.0172249666379071,-0.3723446831461704,-0.04113142292490113,-0.11350919264588333,0.005354252272444127,-0.010838773247936917,-0.005390175180693291,-0.020684649812507616,-0.1289957027612284,-0.17388176601794636,-0.008759500193224135,0
2021-12-08,77.23,77.71,76.47,76.95,1993777,-0.008759500193224135,87.896,93.6068,0.29222253519739033,8.791704238052304,-5.17680327319502,-4.186313253136732,0.017248833947531347,-0.13339853130698032,-0.05733186328555673,-0.11194460473167922,-0.038518702006440475,0.005354252272444127,-0.010838773247936917,0.008275691699604737,-0.12453353963775371,-0.17794433737719917,-0.012865497076023469,0
2021-12-09,76.0,76.89,75.08,75.96,971792,-0.012865497076023469,86.70450000000001,93.19319999999999,0.291864099113737,6.8889863975428085,-5.341238898233925,-4.417298382156171,0.017250009727155336,-0.5125874157440877,-0.06441680009853434,-0.11375568778438927,-0.008759500193224135,-0.038518702006440475,0.005354252272444127,-0.005390175180693291,-0.12392090375932063,-0.18491907134855334,-0.018299104791995813,0
2021-12-10,74.98,75.8,73.75,74.57,1332589,-0.018299104791995813,85.5395,92.76859999999999,0.2916326571260777,6.987093902981783,-5.520084599922697,-4.637855625709477,0.01619952160177836,0.37126977789485816,-0.07147304196239579,-0.1347180320259923,-0.012865497076023469,-0.008759500193224135,-0.038518702006440475,-0.010838773247936917,-0.12823900069558525,-0.19617198060550656,0.06906262572079935,1
2021-12-13,79.64,80.25,79.11,79.72,3230628,0.06906262572079935,84.6785,92.46,0.4132984929388924,31.564114607797123,-5.186472718340724,-4.747579044235726,0.028665298410759762,1.424324379084624,-0.012633143423334103,-0.03568404499818556,-0.018299104791995813,-0.012865497076023469,-0.008759500193224135,0.005354252272444127,-0.05855677651351876,-0.13778931429807484,-0.011414952333166029,0
2021-12-14,79.52,79.88,78.45,78.81,1323019,-0.011414952333166029,83.8625,92.16760000000001,0.41194214221909004,31.57894736842107,-4.938583378430735,-4.785779911074728,0.028185308300485733,-0.5904762170079625,0.015200309158830416,-0.02655632411067188,0.06906262572079935,-0.018299104791995813,-0.012865497076023469,-0.038518702006440475,-0.06024742882694878,-0.14492728464232552,-0.022459078797106957,0
2021-12-15,77.15,77.49,76.69,77.04,1854270,-0.022459078797106957,82.9515,91.83380000000001,0.412634989221789,30.393487109905067,-4.829284512365291,-4.794480831332841,0.028572252072832597,0.4015444978492373,0.0011695906432749315,-0.05622932745314213,-0.011414952333166029,0.06906262572079935,-0.018299104791995813,-0.008759500193224135,-0.07126453409522415,-0.16109319226689955,0.014797507788161912,1
2021-12-16,78.14,79.05,77.28,78.18,1105362,0.014797507788161912,82.099,91.568,0.4208600805393456,32.440737489025466,-4.597676745363984,-4.75512001413907,0.02927848608676084,-0.4038829296704364,0.029225908372827902,-0.0370735312230569,-0.022459078797106957,-0.011414952333166029,0.06906262572079935,-0.012865497076023469,-0.047735051584063104,-0.14620828236938654,0.006651317472499363,1
2021-12-17,78.76,78.89,78.57,78.7,1764574,0.006651317472499363,81.2535,91.2718,0.4220940730185316,39.969681657402724,-4.32234101058674,-4.6685642134286045,0.029306740657636336,0.5963765716570679,0.05538420276250511,-0.02004731664798909,0.014797507788161912,-0.022459078797106957,-0.011414952333166029,-0.018299104791995813,-0.0314263385577237,-0.13774024397459017,0.015756035578144756,1
2021-12-20,79.51,80.48,78.97,79.94,1299260,0.015756035578144756,80.55550000000001,91.016,0.4298906613887195,47.360248447204974,-3.9584473037317736,-4.526540831489239,0.02976380087704901,-0.26369764033698784,0.0027596588058202975,-0.009908347783007199,0.006651317472499363,0.014797507788161912,-0.022459078797106957,0.06906262572079935,-0.007640694924617386,-0.12169288916234511,-0.020515386539904923,0
2021-12-21,78.39,78.6,78.09,78.3,2358546,-0.020515386539904923,80.09200000000001,90.7156,0.37174542394632987,41.79398718580581,-3.759061096894044,-4.3730448845702,0.027687773061729013,0.8152994781644936,-0.006471259992386846,0.008630684013912093,0.015756035578144756,0.006651317472499363,0.014797507788161912,-0.011414952333166029,-0.022374269589971685,-0.13686289899421933,0.002043422733077893,1
2021-12-22,78.39,78.65,78.2,78.46,1880275,0.002043422733077893,79.6825,90.3958,0.37209333865598654,43.178410794602684,-3.5472449964155572,-4.207884906939272,0.027466067663481256,-0.20278213780863297,0.018431983385254203,0.01962313190383358,-0.020515386539904923,0.015756035578144756,0.006651317472499363,-0.022459078797106957,-0.015342139114611242,-0.13203932041090405,0.00267652306907995,1
2021-12-23,78.8,79.03,78.44,78.67,2181339,0.00267652306907995,79.3305,90.10960000000001,0.372223931099783,45.76008273009307,-3.3241156299846466,-4.031131051548347,0.026948950855605617,0.16011700416162533,0.0062675876183166945,0.03567667193259627,0.002043422733077893,-0.020515386539904923,0.015756035578144756,0.014797507788161912,-0.008325927606658179,-0.12695206726031427,-0.004830303800686386,0
2021-12-24,78.22,78.69,77.83,78.29,1138688,-0.004830303800686386,78.93599999999999,89.786,0.3705283679063519,43.64955935717992,-3.1417309055161695,-3.8532510223419116,0.026041375687847253,-0.4779866861592811,-0.005209656925031725,0.04988601314201446,0.00267652306907995,0.002043422733077893,-0.020515386539904923,0.006651317472499363,-0.008183845140366741,-0.1280377787182857,0.019925916464426985,1
2021-12-27,79.21,80.02,79.03,79.85,1860771,0.019925916464426985,78.795,89.46099999999998,0.35413530647170277,56.25704622322435,-2.8385892449723116,-3.650318666867992,0.014899934664527922,0.6341359529563848,-0.0011258443832875553,0.0016307074761665596,-0.004830303800686386,0.00267652306907995,0.002043422733077893,0.015756035578144756,0.013389174440002538,-0.10743228893037182,-0.01803381340012522,0
2021-12-28,77.8,78.72,77.5,78.41,2672375,-0.01803381340012522,78.66749999999999,89.1002,0.3523513367709686,53.94594594594593,-2.6836082944610524,-3.4569765923866043,0.015606592911408004,0.43616543894976867,0.0014048531289909683,-0.005075498033244585,0.019925916464426985,-0.004830303800686386,0.00267652306907995,-0.020515386539904923,-0.003273270410271034,-0.11997952866548,0.009947710751179617,1
2021-12-29,79.04,79.75,78.48,79.19,651110,0.009947710751179617,78.54549999999999,88.73819999999999,0.35300773412066605,58.82996172772009,-2.4693798199070898,-3.2594572378907016,0.013773828455478223,-0.7563553019318022,0.009304104002039404,0.027907580477673832,-0.01803381340012522,0.019925916464426985,-0.004830303800686386,0.002043422733077893,0.008205435066299227,-0.10759965832076823,0.007829271372648217,1
2021-12-30,79.51,80.25,79.08,79.81,1574865,0.007829271372648217,78.4765,88.37540000000001,0.35408614600907795,64.95433789954342,-2.2239372279356644,-3.052353235899694,0.013268788520621235,1.4187387691787872,0.01449091140205927,0.020849322077257648,0.009947710751179617,-0.01803381340012522,0.019925916464426985,0.00267652306907995,0.016992348027753623,-0.09692063628566328,-0.0002505951635133341,0
2021-12-31,80.0,81.0,78.78,79.79,1855756,-0.0002505951635133341,78.4505,88.00460000000001,0.3520237927013213,50.28248587570624,-2.007890328494412,-2.843460654418638,0.013187603758570386,0.17835877995891702,0.019159535061949118,0.01385006353240148,0.007829271372648217,0.009947710751179617,-0.01803381340012522,-0.004830303800686386,0.017074460965831983,-0.0933428479874916,-0.0040105276350420604,0
2022-01-03,79.22,79.64,79.05,79.47,2568797,-0.0040105276350420604,78.38699999999999,87.63159999999999,0.3516703917351719,52.796610169491515,-1.84126793914875,-2.6430221113646604,0.012254214190317865,0.3842320865458606,-0.0047589229805885536,-0.005879409557167814,-0.0002505951635133341,0.007829271372648217,0.009947710751179617,0.019925916464426985,0.013816066439588326,-0.09313535300051567,-0.00503334591669824,0
2022-01-04,79.18,79.48,78.78,79.07,2383305,-0.00503334591669824,78.459,87.2746,0.3226243634317672,59.73154362416102,-1.7216490536027322,-2.458747499812275,0.010263919545278739,-0.07220967635823305,0.008417293712536633,0.009833971902937444,-0.0040105276350420604,-0.0002505951635133341,0.007829271372648217,-0.01803381340012522,0.007787506850711612,-0.09400902438968517,-0.01656759833059296,0
2022-01-05,77.72,77.87,77.61,77.76,2463006,-0.01656759833059296,78.4995,86.85379999999999,0.3269541510002555,48.018867924528294,-1.7128120457977047,-2.309560409009361,0.011652423655836916,0.03344137657580548,-0.018057835585301052,-0.008921743563599094,-0.00503334591669824,-0.0040105276350420604,-0.0002505951635133341,0.009947710751179617,-0.009420442168421306,-0.10470238492731454,0.034979423868312765,1
2022-01-06,80.86,81.36,79.98,80.48,2303944,0.034979423868312765,78.7255,86.45120000000001,0.3442375154378696,56.953125000000014,-1.469389181610893,-2.1415261635296674,0.016289002086257005,-0.06458043545163916,0.008394937977697081,0.023007499682216936,-0.01656759833059296,-0.00503334591669824,-0.0040105276350420604,0.007829271372648217,0.02228629859448339,-0.06907018063369863,0.010934393638170947,1
2022-01-07,81.38,81.7,81.04,81.36,2570789,0.010934393638170947,79.065,86.038,0.3356537201888689,55.707395498392295,-1.191728656317963,-1.9515666620873267,0.016274822434436394,0.11582095745382692,0.019676651209424634,0.03921318176012245,0.034979423868312765,-0.01656759833059296,-0.00503334591669824,-0.0002505951635133341,0.02902675014228806,-0.054371324298565726,-0.019911504424778848,0
2022-01-10,79.79,80.03,79.5,79.74,1889487,-0.019911504424778848,79.066,85.61200000000001,0.2453727922971348,55.79710144927536,-1.0898381746062,-1.7792209645911015,0.016802868763710753,-0.26501669331866595,0.003397508493771184,-0.0013775829680651164,0.010934393638170947,0.034979423868312765,-0.01656759833059296,-0.0040105276350420604,0.00852452381554647,-0.06858851562865032,0.0003762227238526261,1
2022-01-11,79.53,80.87,78.43,79.77,1846553,0.0003762227238526261,79.114,85.19239999999999,0.2415573584300469,55.329536208299444,-0.9951964789675714,-1.6224160674663957,0.015572365233503903,-0.02272256967102715,0.008852915138484851,0.01734472643795426,-0.019911504424778848,0.010934393638170947,0.034979423868312765,-0.00503334591669824,0.008291832039841074,-0.06364887008700304,0.010154193305754067,1
2022-01-12,80.68,80.79,80.47,80.58,1303157,0.010154193305754067,79.29100000000001,84.7738,0.22738353240522327,57.40884406516679,-0.8450903472966473,-1.466950923432446,0.0155844580841642,-0.2942758751035036,0.03626543209876543,0.017552721303194962,0.0003762227238526261,-0.019911504424778848,0.010934393638170947,-0.01656759833059296,0.016256573886065162,-0.04947047318865028,0.0009928021841647539,1
2022-01-13,80.82,81.11,80.38,80.66,1789079,0.0009928021841647539,79.41499999999999,84.35119999999999,0.22258669819529467,59.41223193010323,-0.7114734025710305,-1.3158554192601628,0.015442320219431531,0.3728806275836296,0.0022365805168984565,0.010650294449316977,0.010154193305754067,0.0003762227238526261,-0.019911504424778848,0.034979423868312765,0.015677139079518954,-0.043759899088572474,-0.0071906769154475025,0
2022-01-14,80.06,80.26,79.89,80.08,1782325,-0.0071906769154475025,79.484,83.9166,0.22388553971711506,50.99052540913007,-0.644947609380651,-1.1816738572842604,0.015667386245920865,-0.003775126755162894,-0.015732546705997996,0.003634540669256614,0.0009928021841647539,0.010154193305754067,0.0003762227238526261,0.010934393638170947,0.007498364450707173,-0.04571920216024006,-0.0012487512487511232,0
2022-01-17,80.15,80.25,79.87,79.98,3298885,-0.0012487512487511232,79.48599999999999,83.4808,0.21701544036050335,57.64362220058427,-0.5934536391103364,-1.0640298136494757,0.01560379671621891,0.8508885865372477,0.003009781790820343,0.006417516043790261,-0.0071906769154475025,0.0009928021841647539,0.010154193305754067,-0.019911504424778848,0.006214930931233376,-0.04193539113185307,0.004751187796949274,1
2022-01-18,80.11,81.05,79.42,80.36,1316312,0.004751187796949274,79.589,83.04979999999999,0.20325733886440017,55.927051671732535,-0.5160329656608411,-0.9544304440517488,0.015507431888988897,-0.6009827562949299,0.00739626425974671,0.016314657898065077,-0.0012487512487511232,-0.0071906769154475025,0.0009928021841647539,0.0003762227238526261,0.00968726834110245,-0.032387796237919764,-0.005599800895968232,0
2022-01-19,79.86,80.46,79.32,79.91,2129905,-0.005599800895968232,79.66149999999999,82.6166,0.2047301816855534,50.51546391752574,-0.4853924612128253,-0.8606228474839641,0.014419450959129915,0.6180852259950529,-0.008314718292380285,0.027649176954732457,0.004751187796949274,-0.0012487512487511232,-0.0071906769154475025,0.010154193305754067,0.003119449169297628,-0.03276097055555427,-0.000750844700287856,0
2022-01-20,79.94,80.66,79.13,79.85,1743838,-0.000750844700287856,79.7205,82.21779999999998,0.20471819420990167,50.3080082135523,-0.46064115475113,-0.7806265089373974,0.008959229744808552,-0.18126019705104224,-0.01004215224398719,-0.007828031809145264,-0.005599800895968232,0.004751187796949274,-0.0012487512487511232,0.0009928021841647539,0.0016244253360175875,-0.028799116493022026,0.005886036318096366,1
2022-01-21,80.25,80.96,79.62,80.32,1982492,0.005886036318096366,79.822,81.8668,0.20432679235154372,54.29726996966632,-0.3985067561870892,-0.7042025583873358,0.008349190260461018,0.13685560241260952,0.0029970029970030065,-0.012782694198623434,-0.000750844700287856,-0.005599800895968232,0.004751187796949274,-0.0071906769154475025,0.006238881511362759,-0.018894106035657998,-0.002863545816732982,0
2022-01-24,80.39,80.52,79.97,80.09,2820443,-0.002863545816732982,79.83399999999999,81.5298,0.19253383785747655,55.24691358024698,-0.36363215040402963,-0.6360884767906746,0.005299995303565888,0.4226756022218501,0.001375343835958942,0.004389265111612861,0.005886036318096366,-0.000750844700287856,-0.005599800895968232,-0.0012487512487511232,0.0032066538066490846,-0.017659800465596565,-0.010488200774129153,0
2022-01-25,79.41,80.38,78.28,79.25,1925223,-0.010488200774129153,79.876,81.2122,0.1847515611752167,58.05405405405405,-0.39917333219331397,-0.5887054478712025,0.00633034666689259,-0.317404039010893,-0.013812842210054743,-0.006518741381471682,-0.002863545816732982,0.005886036318096366,-0.000750844700287856,0.004751187796949274,-0.007837147578747095,-0.024161394470288866,-0.003154574132492094,0
2022-01-26,78.85,79.51,78.34,79.0,1408950,-0.003154574132492094,79.8665,80.887,0.18178618781086858,39.08554572271382,-0.44241302354167544,-0.5594469630052972,0.005086677605295077,-0.26816270115202234,-0.011387811287698613,-0.019607843137254832,-0.010488200774129153,-0.002863545816732982,0.005886036318096366,-0.005599800895968232,-0.010849354860924199,-0.023328841470199202,-0.026329113924050573,0
2022-01-27,76.7,77.07,76.55,76.92,2109400,-0.026329113924050573,79.72200000000001,80.5208,0.20149670272204898,22.180451127819538,-0.6371744566659885,-0.5749924617374355,0.00908595927223021,0.49714326271336806,-0.036693800876643645,-0.04636746838581696,-0.003154574132492094,-0.010488200774129153,-0.002863545816732982,-0.000750844700287856,-0.03514713629863786,-0.04471888009061009,-0.027301092043681807,0
2022-01-28,74.82,74.91,74.72,74.82,2857298,-0.027301092043681807,79.47349999999999,80.105,0.2207558826139713,20.921985815602795,-0.950025443225897,-0.6499990580351278,0.011581604355487798,0.3545548497202997,-0.06847609561752988,-0.06568431568431576,-0.026329113924050573,-0.003154574132492094,-0.010488200774129153,0.005886036318096366,-0.05855410923137894,-0.06597590662255803,0.014969259556268488,1
2022-01-31,75.78,76.42,75.3,75.94,2226730,0.014969259556268488,79.297,79.7458,0.22983280261795827,29.947643979057588,-1.0949653849098553,-0.7389923234100733,0.013420798477655881,-0.22068681670585288,-0.051816706205518814,-0.050512628157039385,-0.027301092043681807,-0.026329113924050573,-0.003154574132492094,-0.002863545816732982,-0.042334514546577995,-0.047724143465862845,-0.025151435343692352,0
2022-02-01,73.94,74.23,73.74,74.03,2598426,-0.025151435343692352,79.04499999999999,79.475,0.24382571428219343,19.248826291079794,-1.348408753637628,-0.8608756094555843,0.01428819054687122,0.16692459346216193,-0.06586750788643536,-0.07877053260328515,0.014969259556268488,-0.027301092043681807,-0.026329113924050573,-0.010488200774129153,-0.06344487317350855,-0.06851211072664354,0.000675401864109082,1
2022-02-02,73.83,74.32,73.59,74.08,1208232,0.000675401864109082,78.861,79.22359999999999,0.23889715651519508,19.020715630885107,-1.5276204100068185,-0.9942245695658312,0.01454463786169084,-0.5350138891775251,-0.062278481012658204,-0.07295707671130014,-0.025151435343692352,0.014969259556268488,-0.027301092043681807,-0.003154574132492094,-0.0606256578029698,-0.06492509807683555,-0.03725701943844495,0
2022-02-03,71.49,71.72,71.09,71.32,2885470,-0.03725701943844495,78.40299999999999,78.9358,0.22662841861249025,15.781249999999972,-1.8707905634583994,-1.1695377683443449,0.017042981141589413,1.3881754497480618,-0.07280291211648482,-0.10682529743268632,0.000675401864109082,-0.025151435343692352,0.014969259556268488,-0.026329113924050573,-0.09034093083172834,-0.09648093767340049,0.00112170499158748,1
2022-02-04,71.44,71.8,71.04,71.4,1643715,0.00112170499158748,77.905,78.64020000000001,0.21951123151967755,16.431924882629147,-2.1119547513368815,-1.3580211649428522,0.016575517431330247,-0.430347569026883,-0.04570970328789081,-0.11105577689243018,-0.03725701943844495,0.000675401864109082,-0.025151435343692352,-0.027301092043681807,-0.08349913356010519,-0.09206741590179068,0.03305322128851529,1
2022-02-07,73.83,74.23,73.36,73.76,1360010,0.03305322128851529,77.606,78.462,0.2541079212966583,27.642276422764283,-2.0885710837050624,-1.5041311486952944,0.021755517411568257,-0.17259987284900358,-0.028706873847774483,-0.07903608440504428,0.00112170499158748,-0.03725701943844495,0.000675401864109082,0.014969259556268488,-0.049558023864134104,-0.05992709846804822,-0.011795010845986997,0
2022-02-08,73.07,73.13,72.82,72.89,2223089,-0.011795010845986997,77.262,78.3006,0.2551459798815358,26.877470355731276,-2.1158508759171184,-1.6264750941396593,0.021776131523794436,0.6346122454981948,-0.01539916250168849,-0.08025236593059937,0.03305322128851529,0.00112170499158748,-0.03725701943844495,-0.025151435343692352,-0.056586679091920944,-0.06910036449273704,-0.000548772122376251,0
2022-02-09,72.35,72.93,72.28,72.85,1182465,-0.000548772122376251,76.87549999999999,78.125,0.24983491595711307,26.9129287598945,-2.116302554990199,-1.7244405863097674,0.021857548455084103,-0.468098218289956,-0.016603671706263534,-0.07784810126582287,-0.011795010845986997,0.03305322128851529,0.00112170499158748,0.000675401864109082,-0.05236388706414907,-0.06752000000000002,-0.002608098833218886,0
2022-02-10,72.67,73.06,72.27,72.66,2150675,-0.002608098833218886,76.4755,77.95439999999999,0.24903191720516404,24.26075268817209,-2.1076957217284757,-1.8010916133935093,0.020896042269175685,0.8188064763016241,0.018788558609085904,-0.05538221528861165,-0.000548772122376251,-0.011795010845986997,0.03305322128851529,-0.03725701943844495,-0.04989179541160238,-0.06791662818262978,0.00977153867327285,1
2022-02-11,73.32,73.38,73.3,73.37,3444971,0.00977153867327285,76.14000000000001,77.81559999999999,0.2543572594019399,28.12500000000007,-2.020294975193181,-1.8449322857534438,0.019858171708333865,0.601809199437386,0.02759103641456573,-0.019379844961240122,-0.002608098833218886,-0.000548772122376251,-0.011795010845986997,0.00112170499158748,-0.03638035198318901,-0.057129932815527806,-0.0059970014992503096,0
2022-02-14,73.08,74.35,71.67,72.93,1623264,-0.0059970014992503096,75.7875,77.6594,0.25417416730528075,28.877005347593652,-1.9638950173641803,-1.8687248320755911,0.018981098661068053,-0.5288018389704877,-0.011252711496746226,-0.0396365551751382,0.00977153867327285,-0.002608098833218886,-0.000548772122376251,0.03305322128851529,-0.03770410687778314,-0.060899260102447283,-0.023447141094199986,0
2022-02-15,71.33,72.0,70.54,71.22,1498209,-0.023447141094199986,75.3305,77.5312,0.26022650033320993,26.30937880633381,-2.0337367026279054,-1.901727206186054,0.01877535485497211,-0.07703922467325097,-0.022911236109205646,-0.03795758476293398,-0.0059970014992503096,0.00977153867327285,-0.002608098833218886,-0.011795010845986997,-0.054566211561054345,-0.08140206781269987,0.04521201909575967,1
2022-02-16,74.55,74.86,74.13,74.44,3120446,0.04521201909575967,75.057,77.48100000000001,0.31723989365311706,42.93849658314351,-1.8084133882034337,-1.88306444258953,0.02437620355147006,1.0827841776414373,0.021825669183253238,0.004859611231101457,-0.023447141094199986,-0.0059970014992503096,0.00977153867327285,-0.000548772122376251,-0.008220419148114111,-0.039248331849098594,-0.0154486835034926,0
2022-02-17,73.58,73.81,73.06,73.29,2519350,-0.0154486835034926,74.729,77.4276,0.3199213562130472,45.39434075857921,-1.703007220056591,-1.8470529980829424,0.02139073900562527,-0.19263143794188398,0.008670520231214063,0.027621985417835226,0.04521201909575967,-0.023447141094199986,-0.0059970014992503096,-0.002608098833218886,-0.019256245901858593,-0.05343830882011058,-0.007504434438531993,0
2022-02-18,72.33,73.11,71.96,72.74,2671912,-0.007504434438531993,74.35,77.391,0.31791066951708563,40.02493765586036,-1.6448911940719597,-1.806620637280746,0.02164425422068814,0.06055609581836574,-0.00858661578301767,0.018767507002801054,-0.0154486835034926,0.04521201909575967,-0.023447141094199986,0.00977153867327285,-0.021654337592468043,-0.060097427349433574,-0.005361561726697883,0
2022-02-21,72.12,72.68,71.78,72.35,1012489,-0.005361561726697883,73.963,77.2436,0.3178372460959577,44.21487603305784,-1.6117246073994238,-1.7676414313044817,0.01874942142296091,-0.6210619960537622,-0.007952831482243461,-0.01911605206073763,-0.007504434438531993,-0.0154486835034926,0.04521201909575967,-0.0059970014992503096,-0.02180820139799633,-0.06335282146352583,0.01630960608154819,1
2022-02-22,73.8,74.79,72.54,73.53,1500993,0.01630960608154819,73.677,77.13799999999999,0.32570215465975716,48.24281150159746,-1.473241103796724,-1.7087613658029304,0.0191816005149679,0.48247832815961456,0.03243470935130577,0.008780353958018905,-0.005361561726697883,-0.007504434438531993,-0.0154486835034926,-0.023447141094199986,-0.001995195244106074,-0.046773315356892664,0.007071943424452609,1
2022-02-23,74.38,75.26,73.17,74.05,3768698,0.007071943424452609,73.4295,77.0782,0.32787811475356693,60.17897091722594,-1.3064720784237096,-1.6283035083270863,0.019262776818680053,1.5108031816270961,-0.005239118753358363,0.016472203157172238,0.01630960608154819,-0.005361561726697883,-0.007504434438531993,0.04521201909575967,0.008450282243512408,-0.03928737308343988,-0.019041188386225483,0
2022-02-24,72.46,73.71,71.39,72.64,1519437,-0.019041188386225483,73.21549999999999,76.9674,0.32197627905504034,54.206241519674336,-1.2734026473944198,-1.557323336140553,0.020350823981033363,-0.5968270739655976,-0.008868877063719527,-0.0002752546105146969,0.007071943424452609,0.01630960608154819,-0.005361561726697883,-0.0154486835034926,-0.007860357437974086,-0.05622380384422487,-0.0228524229074889,0
2022-02-25,71.22,71.78,70.43,70.98,1739066,-0.0228524229074889,73.0235,76.813,0.317821841433809,40.099715099715105,-1.365403490349891,-1.5189393669824207,0.02123397235716515,0.1445463023475142,-0.024195765740995245,-0.03257462178001913,-0.019041188386225483,0.007071943424452609,0.01630960608154819,-0.007504434438531993,-0.027984142091244557,-0.07593766680119252,0.02127359819667496,1
2022-02-28,72.68,73.36,71.81,72.49,2118804,0.02127359819667496,72.851,76.664,0.32314564276517777,48.637602179836485,-1.3014679286728494,-1.4754450793205065,0.022532856024758508,0.2183574401431574,0.0019350380096752051,-0.00603318250377094,-0.0228524229074889,-0.019041188386225483,0.007071943424452609,-0.005361561726697883,-0.004955319762254495,-0.05444537201293964,-0.002345151055317962,0
2022-03-01,72.02,72.76,71.58,72.32,2111666,-0.002345151055317962,72.7655,76.5444,0.31152398470542625,48.21066846725186,-1.2501056746105093,-1.430377198378507,0.021073301440611564,-0.003368881689859049,-0.016455868353053238,0.015445099691097974,0.02127359819667496,-0.0228524229074889,-0.019041188386225483,0.01630960608154819,-0.0061224069098680944,-0.05518888383735454,0.005392699115044364,1
2022-03-02,72.58,73.08,72.2,72.71,1844270,0.005392699115044364,72.69699999999999,76.4294,0.3123066745345853,50.16655562958026,-1.1645072627427595,-1.3772032112513577,0.01476119974249056,-0.1266279799930481,-0.018095881161377503,-0.02324019344438477,-0.002345151055317962,0.02127359819667496,-0.0228524229074889,0.007071943424452609,0.00017882443567152073,-0.048664519151007446,-0.006188969880346451,0
2022-03-03,72.34,72.52,72.08,72.26,793311,-0.006188969880346451,72.744,76.3012,0.2821543664860599,46.23728813559322,-1.1200696778008563,-1.3257765045612575,0.014117693903530217,-0.569850943733835,-0.005231277533039536,-0.0140537590394324,0.005392699115044364,-0.002345151055317962,0.02127359819667496,-0.019041188386225483,-0.006653469701968451,-0.05296378038615368,-0.0077497924162746035,0
2022-03-04,71.68,71.98,71.4,71.7,2392930,-0.0077497924162746035,72.759,76.1694,0.2837742814973251,45.86415601882984,-1.117161943982552,-1.2840535924455165,0.01412983549499247,2.016383234317941,0.010143702451394843,-0.014297497937860726,-0.006188969880346451,0.005392699115044364,-0.002345151055317962,-0.0228524229074889,-0.014554900424689654,-0.05867710655460057,-0.018270571827057158,0
2022-03-07,70.77,71.02,70.14,70.39,1346937,-0.018270571827057158,72.5905,75.9802,0.26307430102525015,47.13199723565999,-1.2066540392077343,-1.26857368179796,0.015093934569392316,-0.43711809371774357,-0.028969513036280814,-0.02709053213545254,-0.0077497924162746035,-0.006188969880346451,0.005392699115044364,0.02127359819667496,-0.030313884048188244,-0.07357443123340024,0.01321210399204431,1
2022-03-08,71.46,71.89,70.89,71.32,2792109,0.01321210399204431,72.512,75.83840000000001,0.2659454420856801,37.19211822660094,-1.1888298512592712,-1.2526249156902223,0.014688180323019322,1.0729321415923683,-0.01382743362831862,-0.0300557595539237,-0.018270571827057158,-0.0077497924162746035,-0.006188969880346451,-0.002345151055317962,-0.01643865842894976,-0.059579316019325534,-0.0014021312394839613,0
2022-03-09,71.41,72.04,70.6,71.22,3016085,-0.0014021312394839613,72.43050000000001,75.679,0.26594536137976355,40.700808625336876,-1.1692943210858715,-1.2359587967693522,0.014284658183390113,0.08021749867215067,-0.02049236693714751,-0.038217420661715074,0.01321210399204431,-0.018270571827057158,-0.0077497924162746035,0.005392699115044364,-0.016712572742146103,-0.058919911732448926,-0.0005616399887671264,0
2022-03-10,71.04,71.88,70.35,71.18,1329544,-0.0005616399887671264,72.35650000000001,75.5064,0.26588030530170476,42.655367231638444,-1.1438542980601483,-1.2175378970275115,0.013251426711185971,-0.5591821848522174,-0.014946028231386688,-0.020099118942731198,-0.0014021312394839613,0.01321210399204431,-0.018270571827057158,-0.006188969880346451,-0.016259769336548935,-0.05729845417077217,0.002247822422028589,1
2022-03-11,71.08,71.47,70.95,71.34,2052599,0.002247822422028589,72.255,75.3374,0.26320432138931316,45.13955726660252,-1.0981237467088363,-1.1936550669637764,0.011045724272298335,0.5438368342830324,-0.005020920502092019,0.00507185122569731,-0.0005616399887671264,-0.0014021312394839613,0.01321210399204431,-0.0077497924162746035,-0.0126634834959517,-0.053059967559273336,0.006307821698906757,1
2022-03-14,71.66,71.8,71.65,71.79,3484557,0.006307821698906757,72.19800000000001,75.1838,0.2638980745823029,40.99378881987576,-1.013883300530921,-1.1577007136772053,0.008690243105725613,0.6976316367687989,0.019889188805228164,-0.009656504345426753,0.002247822422028589,-0.0005616399887671264,-0.0014021312394839613,-0.018270571827057158,-0.005651126069974199,-0.045140043466810664,0.017411895807215583,1
2022-03-15,73.36,73.84,72.56,73.04,3670457,0.017411895807215583,72.289,75.06320000000001,0.25685963132769263,45.13955726660252,-0.8366136255991563,-1.0934832960615957,0.010409929843304279,0.05334967974408222,0.024116657319125157,0.009955752212389646,0.006307821698906757,0.002247822422028589,-0.0005616399887671264,0.01321210399204431,0.010388855842521139,-0.026953287363182032,0.0017798466593645923,1
2022-03-16,73.58,73.65,73.11,73.17,2742941,0.0017798466593645923,72.2255,74.97139999999999,0.1981230927430281,52.908891328210785,-0.6778226993637446,-1.0103511767220255,0.010304234924759618,-0.25269768859844977,0.027379949452400965,0.0063265025443544065,0.017411895807215583,0.006307821698906757,0.002247822422028589,-0.0014021312394839613,0.013077098808592647,-0.024027829278898127,0.005056717233839159,1
2022-03-17,73.36,74.38,72.52,73.54,1650643,0.005056717233839159,72.238,74.8326,0.1912463469841756,66.36828644501287,-0.516173709300503,-0.911515683237721,0.0100827261338755,-0.3982214710414843,0.033155380724922745,0.017713811237199062,0.0017798466593645923,0.017411895807215583,0.006307821698906757,-0.0005616399887671264,0.01802375481048757,-0.017273220494810948,0.010606472667935574,1
2022-03-18,74.29,75.06,73.55,74.32,2310154,0.010606472667935574,72.317,74.6918,0.19232215669476166,62.90550070521868,-0.32142109646692063,-0.793496765883561,0.009817754494383884,0.3995479337446075,0.041771797028314905,0.036541143654114316,0.005056717233839159,0.0017798466593645923,0.017411895807215583,0.002247822422028589,0.027697498513489238,-0.0049777887264734755,0.014666307857911676,1
2022-03-21,74.84,76.13,74.12,75.41,1450768,0.014666307857911676,72.47,74.60520000000001,0.19643124173013252,69.28838951310873,-0.07822265511333626,-0.6504419437295161,0.006671615316795594,-0.37200377117715966,0.05042485025769583,0.07131694843017478,0.010606472667935574,0.005056717233839159,0.0017798466593645923,0.006307821698906757,0.040568511108044714,0.010787451813010218,-0.0021217345179683766,0
2022-03-22,75.54,75.84,74.95,75.25,3326962,-0.0021217345179683766,72.556,74.51480000000001,0.18958097776621627,66.32390745501297,0.10044532777180848,-0.5002644894292512,0.006828272925540776,1.293241924277348,0.03025739320920029,0.055103757711721935,0.014666307857911676,0.010606472667935574,0.005056717233839159,0.017411895807215583,0.037129941011081025,0.009866496320193985,-0.005847176079734173,0
2022-03-23,74.53,75.24,74.1,74.81,2246659,-0.005847176079734173,72.594,74.3994,0.18984229248264026,66.40926640926646,0.20418297444510358,-0.3593749966543802,0.007437698821366521,-0.32471155366367277,0.02241355746890794,0.050407188991856255,-0.0021217345179683766,0.014666307857911676,0.010606472667935574,0.0017798466593645923,0.030525938782819617,0.005518861711250489,0.00855500601523862,1
2022-03-24,75.66,75.94,75.17,75.45,3248543,0.00855500601523862,72.7345,74.2952,0.1768427288750533,73.88535031847144,0.33418616799887957,-0.22066276372372826,0.007242592857420151,0.44594395500162687,0.025972259994560654,0.059988760887889736,-0.005847176079734173,-0.0021217345179683766,0.014666307857911676,0.005056717233839159,0.037334414892520096,0.015543399842789407,0.009675281643472644,1
2022-03-25,76.47,77.48,75.17,76.18,830666,0.009675281643472644,72.9945,74.21719999999999,0.15230531644636924,89.82118294360407,0.49046575077750276,-0.07843706082348205,0.007211061240081913,-0.7442958273909257,0.025026910656620105,0.06784412671712925,0.00855500601523862,-0.005847176079734173,-0.0021217345179683766,0.010606472667935574,0.043640274267239265,0.026446699686865305,0.0001312680493565921,1
2022-03-28,75.89,76.41,75.66,76.19,1611329,0.0001312680493565921,73.1795,74.14139999999999,0.13750919137667092,88.34645669291362,0.6081153868487519,0.05887342871096474,0.0074985220878295315,0.9398037237590078,0.0103434557750961,0.06128987324139845,0.009675281643472644,0.00855500601523862,-0.005847176079734173,0.014666307857911676,0.04113857022800094,0.027630986196645946,0.021393883711773087,1
2022-03-29,77.62,78.28,77.16,77.82,1701723,0.021393883711773087,73.45450000000001,74.09060000000001,0.15146240409826495,91.87817258883263,0.8233894277951777,0.21177662852780732,0.00824131697993738,0.05609903377894887,0.03415282392026575,0.06544359255202603,0.0001312680493565921,0.009675281643472644,0.00855500601523862,-0.0021217345179683766,0.05943134865801247,0.05033567011199769,-0.0001285016705215858,0
2022-03-30,77.98,78.65,77.13,77.81,1702571,-0.0001285016705215858,73.7095,74.0486,0.1519184227547216,92.22929936305748,0.981870349587453,0.3657953727397365,0.008380833596070286,0.000498318468987069,0.040101590696431044,0.06341396747300809,0.021393883711773087,0.0001312680493565921,0.009675281643472644,-0.005847176079734173,0.05563054965777803,0.05079636887125494,0.01400848220023132,1
2022-03-31,79.22,80.17,77.95,78.9,1300667,0.01400848220023132,74.04150000000001,74.0296,0.15185867712887327,93.05239179954457,1.1817984752128723,0.5289959932343637,0.00871664799159344,-0.23605711597343082,0.045725646123260466,0.07288550448735376,-0.0001285016705215858,0.021393883711773087,0.0001312680493565921,0.00855500601523862,0.06561860578189238,0.06578990025611375,0.005069708491761693,1
2022-04-01,79.18,79.45,79.03,79.3,2321841,0.005069708491761693,74.42150000000001,74.00919999999999,0.1448572882364989,93.01260022909521,1.3568783630936139,0.6945724672062139,0.008644288413881396,0.7851156368232606,0.04095563139931735,0.0670075349838537,0.01400848220023132,-0.0001285016705215858,0.021393883711773087,0.009675281643472644,0.06555229335608637,0.07148840954908309,0.006179066834804736,1
2022-04-04,79.54,80.76,78.58,79.79,1460248,0.006179066834804736,74.8915,74.0032,0.11560845054568358,92.3462986198245,1.5176745332213528,0.8591928804092417,0.008160935772994966,-0.3710818268778956,0.04725029531434588,0.058082482429386184,0.005069708491761693,0.01400848220023132,-0.0001285016705215858,0.0001312680493565921,0.06540795684423473,0.07819661852460436,-0.003007895726281573,0
2022-04-05,79.64,79.73,79.46,79.55,3774162,-0.003007895726281573,75.303,74.0092,0.1170957789807064,89.48019801980203,1.6072137031707427,1.008797044961542,0.0082594204052349,1.584603437224362,0.0222307890002571,0.05714285714285716,0.006179066834804736,0.005069708491761693,0.01400848220023132,0.021393883711773087,0.05639881545223968,0.07486636796506363,0.005531112507856761,1
2022-04-06,80.29,81.25,79.04,79.99,1736110,0.005531112507856761,75.7415,74.02900000000001,0.1142257359731649,89.57055214723931,1.69414936392117,1.1458675087534678,0.007225851076302236,-0.5400011976168484,0.02801696440046264,0.06924207993583731,-0.003007895726281573,0.006179066834804736,0.005069708491761693,-0.0001285016705215858,0.05609210274420229,0.08052249793999633,0.004875609451181484,1
2022-04-07,80.11,81.47,79.02,80.38,1676833,0.004875609451181484,76.2015,74.09819999999999,0.11178373145273537,89.04639175257738,1.7740659144929225,1.2715071899013588,0.007216875884169893,-0.034143573851887266,0.018757921419518153,0.06534128561961561,0.005531112507856761,-0.003007895726281573,0.006179066834804736,0.01400848220023132,0.054834878578505775,0.08477668823264262,-0.0004976362279173197,0
2022-04-08,80.15,80.68,79.81,80.34,1526759,-0.0004976362279173197,76.6515,74.20859999999999,0.11345722354183035,86.73621460506723,1.8132704379950866,1.3798598395201045,0.0074139312740371345,-0.08949847718884352,0.013114754098360715,0.05460750853242313,0.004875609451181484,0.005531112507856761,-0.003007895726281573,0.005069708491761693,0.0481203890334827,0.08262384683176904,0.0007468259895444529,1
2022-04-11,80.68,81.16,79.92,80.4,2405092,0.0007468259895444529,77.08200000000001,74.2978,0.11495290533697661,88.95612708018167,1.8281085069726117,1.469509573010606,0.00736815042304554,0.5752924986851231,0.0076450683042987855,0.05525659535372096,-0.0004976362279173197,0.004875609451181484,0.005531112507856761,0.006179066834804736,0.043045068887678006,0.08213163781430954,0.0070895522388059184,1
2022-04-12,81.02,81.56,80.43,80.97,2232846,0.0070895522388059184,77.47850000000001,74.4366,0.10654102309078867,95.69732937685471,1.8643707147815292,1.5484818013647907,0.0048953931785037244,-0.07161721880077765,0.017850408548083063,0.040478026214340934,0.0007468259895444529,-0.0004976362279173197,0.004875609451181484,-0.003007895726281573,0.045064114560813495,0.087771338293259,0.006175126590095115,1
2022-04-13,81.27,81.95,80.79,81.47,1414915,0.006175126590095115,77.89349999999999,74.5844,0.10581602489639921,95.60606060606071,1.9114209264292015,1.621069626377673,0.0047089214938051726,-0.3663176949955348,0.01850231278909864,0.04703765582829966,0.0070895522388059184,0.0007468259895444529,-0.0004976362279173197,0.005531112507856761,0.04591525608683655,0.09231957353012143,0.00797839695593483,1
2022-04-14,82.12,82.3,81.94,82.12,692861,0.00797839695593483,78.3225,74.8004,0.10619497290871514,95.55214723926392,1.9783529050542228,1.692526282112983,0.0036366693556288323,-0.5103161674022821,0.02164717591440679,0.040811153358681906,0.006175126590095115,0.0070895522388059184,0.0007468259895444529,0.004875609451181484,0.0484854288359029,0.09785509168400175,-0.004992693619094157,0
2022-04-15,81.83,83.57,79.97,81.71,1744645,-0.004992693619094157,78.69200000000001,75.00659999999999,0.11069195296984416,89.88439306358377,1.9755406044891828,1.749129146588223,0.0045814702210477155,1.5180303119962013,0.017052526761264453,0.030390920554854928,0.00797839695593483,0.006175126590095115,0.0070895522388059184,-0.0004976362279173197,0.03835205611752124,0.0893708020360875,0.006853506302778145,1
2022-04-18,82.52,83.19,81.6,82.27,1478355,0.006853506302778145,79.035,75.1768,0.10474579190977946,88.034188034188,1.9954963165309323,1.798402580576765,0.004637958523758403,-0.152632770563639,0.023258706467661483,0.03108158917157522,-0.004992693619094157,0.00797839695593483,0.006175126590095115,0.0007468259895444529,0.04093123299803891,0.09435357716742399,-0.000972407925124541,0
2022-04-19,82.26,82.56,81.9,82.19,1961766,-0.000972407925124541,79.382,75.3628,0.10387493205855991,86.99324324324311,1.982008668512023,1.8351237981638167,0.00437874573045001,0.32699250180098827,0.015067308879832098,0.033186675047140124,0.006853506302778145,-0.004992693619094157,0.00797839695593483,0.0070895522388059184,0.035373258421304454,0.09059111391827268,0.00535344932473536,1
2022-04-20,82.63,82.92,82.34,82.63,1454608,0.00535344932473536,79.773,75.5584,0.09650927492988473,85.38899430740021,1.9839541446394975,1.864889867458953,0.004368940981771983,-0.258521148801641,0.01423836995212957,0.03300412551568943,-0.000972407925124541,0.006853506302778145,-0.004992693619094157,0.006175126590095115,0.035814122572800366,0.09359118244960185,-0.00701924240590579,0
2022-04-21,81.63,83.14,80.54,82.05,2204937,-0.00701924240590579,80.103,75.7462,0.1044123776715853,75.22935779816505,1.916601407763423,1.875232175519847,0.005382232430110269,0.5158290068527054,-0.0008524111056991135,0.02077631251555112,0.00535344932473536,-0.000972407925124541,0.006853506302778145,0.00797839695593483,0.02430620576008402,0.08322265671413209,0.00877513711151745,1
2022-04-22,82.9,83.61,82.06,82.77,1332478,0.00877513711151745,80.43249999999999,75.9342,0.10383615223813933,76.23239436619707,1.899426455421633,1.8800710315002045,0.005680922441778448,-0.39568432113933416,0.01297270835883002,0.030246452576549565,-0.00701924240590579,0.00535344932473536,-0.000972407925124541,-0.004992693619094157,0.02906163553290031,0.0900226775287023,0.0033828681889573886,1
2022-04-25,83.18,83.35,82.88,83.05,2155070,0.0033828681889573886,80.7755,76.1366,0.1027920076572,80.5944055944056,1.8866605929838016,1.881388943796924,0.00562570836936011,0.6173400236251556,0.009480977269964663,0.032960199004975044,0.00877513711151745,-0.00701924240590579,0.00535344932473536,0.006853506302778145,0.028158290570779565,0.09080258377705319,-0.006261288380493668,0
2022-04-26,82.58,82.72,82.39,82.53,1824972,-0.006261288380493668,81.011,76.3628,0.08770417073347653,71.89655172413799,1.8136769618090511,1.8678465473993495,0.006174009890249693,-0.15317275076911652,0.004136756296386546,0.019266394961096722,0.0033828681889573886,0.00877513711151745,-0.00701924240590579,-0.000972407925124541,0.01875054005011667,0.08076183691535688,-0.005331394644371712,0
2022-04-27,82.1,83.37,80.81,82.09,2762398,-0.005331394644371712,81.225,76.5158,0.09197249707488393,64.6153846153847,1.7007276557683326,1.8344227690731463,0.006363697885226064,0.5136659630942282,-0.006535156722739854,0.007610163250276303,-0.006261288380493668,0.0033828681889573886,0.00877513711151745,0.00535344932473536,0.010649430594029008,0.07285031326863223,-0.00523815324643695,0
2022-04-28,81.69,81.79,81.57,81.66,1881795,-0.00523815324643695,81.363,76.6832,0.0857397828488513,60.576923076923,1.558551103676379,1.7792484359937928,0.0060673478460124995,-0.31878208715760725,-0.004753199268738628,-0.005601558694593334,-0.005331394644371712,-0.006261288380493668,0.0033828681889573886,-0.00701924240590579,0.0036503078795029342,0.06490078661297383,0.007959833455792431,1
2022-04-29,82.55,82.93,81.92,82.31,2477790,0.007959833455792431,81.5135,76.87459999999999,0.08781941085801452,63.982430453879886,1.4812498038473478,1.7196487095645039,0.006386516828968846,0.31671622041720804,-0.005557569167572662,0.007343042467262473,-0.00523815324643695,-0.005331394644371712,-0.006261288380493668,0.00877513711151745,0.0097713875615697,0.07070475813857913,0.021868545741708045,1
2022-05-02,84.01,84.64,83.48,84.11,1839299,0.021868545741708045,81.7295,77.10979999999999,0.1122652475465176,69.47890818858556,1.5473955113448454,1.6851980699205724,0.009148627636583464,-0.2576856795773653,0.012763395544852507,0.022365382277865553,0.007959833455792431,-0.00523815324643695,-0.005331394644371712,0.0033828681889573886,0.02912656996555718,0.09078223520227002,-0.005825704434668788,0
2022-05-03,83.32,83.98,82.96,83.62,1843188,-0.005825704434668788,81.933,77.3116,0.11457505054688476,63.35403726708076,1.5424966153802728,1.6566577790125128,0.009462035061325744,0.0021143924940969505,0.013207318550830127,0.017398710305390086,0.021868545741708045,0.007959833455792431,-0.00523815324643695,-0.006261288380493668,0.020589994263605638,0.081597069521262,0.004544367376225766,1
2022-05-04,84.23,84.33,83.91,84.0,1553433,0.004544367376225766,82.1335,77.5106,0.11428456903058767,62.082262210796884,1.5513935303324615,1.6356049292765027,0.009431364307146266,-0.15720317189565036,0.023267145815568213,0.01657993464843277,-0.005825704434668788,0.021868545741708045,0.007959833455792431,-0.005331394644371712,0.02272519739205081,0.08372274243780864,0.013452380952380993,1
2022-05-05,85.04,85.34,84.83,85.13,1278517,0.013452380952380993,82.371,77.7604,0.12055868293626801,70.11764705882358,1.6308267995362513,1.6346493033284526,0.009552975294792113,-0.17697319420921276,0.04249326475630655,0.037538086532602044,0.004544367376225766,-0.005825704434668788,0.021868545741708045,-0.00523815324643695,0.0334947979264546,0.09477317503510774,0.003758956889463372,1
2022-05-06,85.37,85.52,85.3,85.45,2104152,0.003758956889463372,82.6265,78.0498,0.11991173040112216,69.24939467312355,1.7000029870943507,1.6477200400816323,0.009389071274894816,0.6457755352490424,0.03814846312720199,0.03237888123716326,0.013452380952380993,0.004544367376225766,-0.005825704434668788,0.007959833455792431,0.034171845594331174,0.09481382399442406,-0.009011117612638953,0
2022-05-09,84.79,85.19,84.28,84.68,1977074,-0.009011117612638953,82.84049999999999,78.2936,0.12724591011983827,63.910614525139735,1.6734031000006269,1.6528566520654313,0.010153697996013945,-0.060393925914097424,0.006776839852574046,0.019626730885009103,0.003758956889463372,0.013452380952380993,0.004544367376225766,0.021868545741708045,0.022205322275940187,0.08156988566115242,0.01771374586679264,1
2022-05-10,86.11,86.39,85.9,86.18,3510780,0.01771374586679264,83.101,78.5708,0.13737308909660978,67.73226773226781,1.7531507314799057,1.6729154679483262,0.010798516776393341,0.7757453691667586,0.03061468548194224,0.04422634193626562,-0.009011117612638953,0.003758956889463372,0.013452380952380993,-0.005825704434668788,0.03705129902167248,0.09684513839747089,-0.01021118588999781,0
2022-05-11,85.28,85.51,85.08,85.3,2351160,-0.01021118588999781,83.2925,78.82260000000001,0.14471783244575775,65.76139670223084,1.7254527136191484,1.6834229170824908,0.011381130709719694,-0.3303026677832277,0.015476190476190421,0.0391034230722378,0.01771374586679264,-0.009011117612638953,0.003758956889463372,0.004544367376225766,0.024101809886844405,0.08217693910122215,-0.006682297772567347,0
2022-05-12,84.45,84.94,84.24,84.73,3799474,-0.006682297772567347,83.423,79.072,0.146486437904774,59.64566929133863,1.6386186231172104,1.674462058289435,0.011518319816271357,0.6159997618196975,-0.004698696111828826,0.0375949057065883,-0.01021118588999781,0.01771374586679264,-0.009011117612638953,0.013452380952380993,0.01566714215504117,0.07155503844597333,0.0005901097604155137,1
2022-05-13,85.11,85.34,84.55,84.78,3868117,0.0005901097604155137,83.5765,79.33359999999999,0.1444776830169213,58.71097683786508,1.5559011035146426,1.6507498673344767,0.011455108883830235,0.01806644814519065,-0.007840842598010545,0.03000850443445513,-0.006682297772567347,-0.01021118588999781,0.01771374586679264,0.003758956889463372,0.014399980855862582,0.06865187007774787,-0.017692852087756505,0
2022-05-16,82.94,83.39,82.82,83.28,2235300,-0.017692852087756505,83.627,79.59140000000001,0.15884107536181952,53.43721356553621,1.3537047436720115,1.5913408426019837,0.011046379100051454,-0.4221219265084277,-0.01653282947567314,-0.009868029960765634,0.0005901097604155137,-0.006682297772567347,-0.01021118588999781,-0.009011117612638953,-0.004149377593360981,0.04634420301690878,-0.022214217098943223,0
2022-05-17,81.75,81.78,81.39,81.43,1441873,-0.022214217098943223,83.589,79.7936,0.17842167543642257,47.321428571428584,1.0322836099642672,1.4795293960744405,0.012910743200809689,-0.35495325012302603,-0.05511719656532843,-0.026189906720880174,-0.017692852087756505,0.0005901097604155137,-0.006682297772567347,0.01771374586679264,-0.02582875737238144,0.020507910408855023,-0.012648900896475523,0
2022-05-18,80.09,81.04,79.44,80.4,1865960,-0.012648900896475523,83.47749999999999,79.9772,0.18212132906075235,45.12383900928796,0.6865287774586193,1.3209292723512762,0.013001775929032835,0.2941222978722815,-0.05744431418522855,-0.042857142857142816,-0.022214217098943223,-0.017692852087756505,0.0005901097604155137,-0.01021118588999781,-0.03686622143691398,0.005286506654396561,0.004104477611940327,1
2022-05-19,80.56,81.64,79.65,80.73,2836190,0.004104477611940327,83.4115,80.1682,0.18177187917789311,43.73015873015873,0.4341393357238985,1.1435712850258009,0.011870914974499125,0.51996291453193,-0.04720878083323499,-0.05168565723011853,-0.012648900896475523,-0.022214217098943223,-0.017692852087756505,-0.006682297772567347,-0.03214784532108883,0.00700776617162413,0.015483711135884981,1
2022-05-20,81.87,82.36,81.49,81.98,1993485,0.015483711135884981,83.372,80.381,0.1878904365101803,41.16182572614109,0.33116596301749723,0.9810902206241402,0.013344833967771454,-0.2971257214784623,-0.03302665723047882,-0.040608543007606746,0.004104477611940327,-0.012648900896475523,-0.022214217098943223,0.0005901097604155137,-0.016696252938636413,0.019892760727037606,-0.019029031471090585,0
2022-05-23,80.63,81.26,79.78,80.42,3006179,-0.019029031471090585,83.2405,80.5536,0.1984316102917606,37.804878048780466,0.12227040362624564,0.8093262572245613,0.014112039301411338,0.5080018159153443,-0.0343419788664745,-0.05030703826169114,0.015483711135884981,0.004104477611940327,-0.012648900896475523,-0.017692852087756505,-0.033883746493593825,-0.0016585230206968005,-0.0019895548371051675,0
2022-05-24,80.3,80.97,79.59,80.26,1744981,-0.0019895548371051675,83.127,80.69800000000001,0.19765956492717976,35.50387596899226,-0.055551136109073695,0.6363507785578343,0.011758507265738108,-0.4195352306033673,-0.014368168979491558,-0.06869343235089354,-0.019029031471090585,0.015483711135884981,0.004104477611940327,-0.022214217098943223,-0.03448939574386167,-0.0054276438077771605,0.008223274358335475,1
2022-05-25,80.8,81.29,80.43,80.92,2078422,0.008223274358335475,83.0685,80.85300000000001,0.19985479736939504,33.06516492357203,-0.1415873722423555,0.4807631483977963,0.012617818612190726,0.19108574821158508,0.006467661691542226,-0.05134818288393894,-0.0019895548371051675,-0.019029031471090585,0.015483711135884981,-0.012648900896475523,-0.02586419641621074,0.0008286643661954418,0.03695007414730589,1
2022-05-26,83.6,84.37,83.14,83.91,2931453,0.03695007414730589,83.181,81.0604,0.23921676658967955,44.9006622516556,0.031137370071959936,0.3908379927326291,0.018305052097777934,0.41042242624452596,0.039390561129691415,-0.009677800070813203,0.008223274358335475,-0.0019895548371051675,-0.019029031471090585,0.004104477611940327,0.008764020629711045,0.035154033288757436,-0.0023835061375283573,0
2022-05-27,83.96,84.68,83.0,83.71,2503412,-0.0023835061375283573,83.251,81.24820000000001,0.23830922855043246,46.66207845836196,0.1501537651037097,0.34270114720684525,0.018303711429161866,-0.14601666818468517,0.021102707977555424,-0.012620901155933062,0.03695007414730589,0.008223274358335475,-0.0019895548371051675,0.015483711135884981,0.005513447285918405,0.030299748179036357,-0.010631943614860861,0
2022-05-30,82.82,82.91,82.74,82.82,2272319,-0.010631943614860861,83.1865,81.3964,0.22818026703193908,37.93103448275856,0.17069192343224415,0.308299302451925,0.01772023251653075,-0.0923112136556028,0.029843322556577956,-0.005523535062440077,-0.0023835061375283573,0.03695007414730589,0.008223274358335475,-0.019029031471090585,-0.004405762954325598,0.017489716989940396,0.001207437816952428,1
2022-05-31,83.03,83.3,82.64,82.92,2167443,0.001207437816952428,83.1515,81.54979999999999,0.22743912234999747,40.943683409436844,0.1928150739924206,0.2852024567600241,0.015981104935881136,-0.04615373105624698,0.033142287565412376,0.018297924597814097,-0.010631943614860861,-0.0023835061375283573,0.03695007414730589,-0.0019895548371051675,-0.002784074851325591,0.01680200319314107,-0.027616980221900733,0
2022-06-01,80.59,81.31,79.92,80.63,2559011,-0.027616980221900733,82.983,81.6662,0.2461882930050541,36.204576043068606,0.025272641251902428,0.23321649365839978,0.018063452934445532,0.180658960812349,-0.003583786455758853,0.0028606965174127197,0.001207437816952428,-0.010631943614860861,-0.0023835061375283573,0.008223274358335475,-0.028355205283009832,-0.012688235769510614,-0.03323824879077253,0
2022-06-02,77.83,78.84,76.95,77.95,2056881,-0.03323824879077253,82.624,81.7162,0.26272346524839996,30.474556889651225,-0.32006997860180775,0.12255919920635829,0.020862860096494556,-0.19622033668475825,-0.0710284828983434,-0.034435773566208416,-0.027616980221900733,0.001207437816952428,-0.010631943614860861,0.03695007414730589,-0.05656951975213009,-0.04608878043766107,-0.009621552277100709,0
2022-06-03,77.35,77.63,76.92,77.2,2863084,-0.009621552277100709,82.2115,81.73660000000001,0.2615935587116632,31.839904420549573,-0.6468190969646628,-0.03131646002784594,0.01983631018894033,0.39195412860539824,-0.07776848644128531,-0.058306904122956804,-0.03323824879077253,-0.027616980221900733,0.001207437816952428,-0.0023835061375283573,-0.06095862500988303,-0.05550267566793832,0.016450777202072553,1
2022-06-06,78.54,78.67,78.34,78.47,1670662,0.016450777202072553,81.901,81.7822,0.2717476246434966,40.84158415841582,-0.7941374193633237,-0.18388065189494152,0.020375485386144244,-0.41648166801952025,-0.05252354503743051,-0.024247699577219617,-0.009621552277100709,-0.03323824879077253,-0.027616980221900733,-0.010631943614860861,-0.0418920403902272,-0.040500255556832676,0.014400407799158854,1
2022-06-07,79.87,80.78,78.69,79.6,5863754,0.014400407799158854,81.572,81.81779999999999,0.26852631781503905,47.539975399753956,-0.8103653082014404,-0.30917758315624133,0.021048201905040646,2.509838614872428,-0.040038591413410596,-0.008223274358335586,0.016450777202072553,-0.009621552277100709,-0.03323824879077253,0.001207437816952428,-0.024174961996763722,-0.027106570941775487,0.008793969849246297,1
2022-06-08,80.35,81.12,79.53,80.3,2188979,0.008793969849246297,81.322,81.8676,0.27099668181536385,48.70715574263378,-0.7580040779953947,-0.39894288212407203,0.021075617472223702,-0.6266932412239667,-0.004092769440654842,-0.007661888284725693,0.014400407799158854,0.016450777202072553,-0.009621552277100709,-0.027616980221900733,-0.01256732495511681,-0.0191479901694932,-0.004732254047322471,0
2022-06-09,79.57,80.63,78.86,79.92,1497425,-0.004732254047322471,81.08149999999999,81.888,0.2707217931531413,43.46446700507612,-0.7386554893382709,-0.46688540356691177,0.016443670211907034,-0.31592536977284846,0.025272610647851135,-0.047550947443689595,0.008793969849246297,0.014400407799158854,0.016450777202072553,-0.03323824879077253,-0.014325092653687865,-0.024032825322391593,0.004254254254254297,1
2022-06-10,80.45,80.97,79.74,80.26,1138440,0.004254254254254297,80.85549999999999,81.9072,0.271637613561231,49.44979367262725,-0.6879561051842416,-0.5110995438903777,0.016681489595198835,-0.23973487820758965,0.03963730569948187,-0.041213714012662606,-0.004732254047322471,0.008793969849246297,0.014400407799158854,-0.009621552277100709,-0.00736499063143492,-0.02011056415064849,0.05681535011213534,1
2022-06-13,84.83,85.24,84.41,84.82,1606200,0.05681535011213534,80.9325,82.00779999999999,0.3374888934975273,62.038014783526904,-0.27663372608711256,-0.4642063803297247,0.0251969184399158,0.4108780436386634,0.08092264559704332,0.02414875633904856,0.004254254254254297,-0.004732254047322471,0.008793969849246297,0.016450777202072553,0.048033855373304846,0.034291860042581446,-0.0055411459561424126,0
2022-06-14,84.29,84.59,84.06,84.35,2302524,-0.0055411459561424126,81.07849999999999,82.1038,0.3272267914938203,59.146666666666654,0.0112870407392478,-0.3691076961159302,0.02533050323194471,0.4335225999252894,0.059673366834170904,0.017245537867824234,0.05681535011213534,0.004254254254254297,-0.004732254047322471,0.014400407799158854,0.04034978446813886,0.027358051637073943,0.013515115589804338,1
2022-06-15,84.69,85.77,84.41,85.49,1716969,0.013515115589804338,81.333,82.21379999999999,0.3249029565323637,54.674556213017745,0.3276775328027668,-0.22975065033219083,0.02324088442975642,-0.254310052794238,0.06463262764632627,0.06027533176237143,-0.0055411459561424126,0.05681535011213534,0.004254254254254297,0.008793969849246297,0.051110865208463974,0.0398497575832768,-0.0077202011931220005,0
2022-06-16,84.61,84.97,84.46,84.83,3018988,-0.0077202011931220005,81.538,82.3028,0.32720358227784047,53.22580645161292,0.5191780319089219,-0.07996491388396829,0.019548054931583264,0.7583241165099661,0.06143643643643637,0.08826170622193708,0.013515115589804338,-0.0055411459561424126,0.05681535011213534,-0.004732254047322471,0.040373813436679784,0.03070612421448593,0.015442650005894176,1
2022-06-17,86.18,86.85,85.47,86.14,1809045,0.015442650005894176,81.74600000000001,82.41879999999999,0.3271823026136284,59.33633295838023,0.7677989012153574,0.08958784913589686,0.01852335472560103,-0.4007776778178648,0.0732618988288063,0.11580310880829003,-0.0077202011931220005,0.013515115589804338,-0.0055411459561424126,0.004254254254254297,0.0537518655347049,0.04514989298558114,-0.006501044810773182,0
2022-06-20,85.42,85.82,85.17,85.58,1393066,-0.006501044810773182,82.00399999999999,82.5224,0.3190804127417496,57.29166666666667,0.9091651218831771,0.2535033036853529,0.01920542714907707,-0.2299439759652192,0.008960150907804776,0.0906078756212565,0.015442650005894176,-0.0077202011931220005,0.013515115589804338,0.05681535011213534,0.04360762889615155,0.03705175806811223,0.009698527693386305,1
2022-06-21,86.47,87.04,85.84,86.41,1806815,0.009698527693386305,82.3115,82.6312,0.3192059478060988,67.22288438617406,1.0757721024988882,0.41795706344805994,0.01911239171487408,0.29700602842937807,0.02442205097806771,0.0855527638190956,-0.006501044810773182,0.015442650005894176,-0.0077202011931220005,-0.0055411459561424126,0.04979255632566537,0.04573091035831478,-0.0016201828492072856,0
2022-06-22,86.42,87.11,85.58,86.27,1642739,-0.0016201828492072856,82.579,82.7272,0.3193452294248596,79.21348314606743,1.182877034861633,0.5709410577307746,0.019370675374323507,-0.09080951840669904,0.009123874137326071,0.07434620174346196,0.009698527693386305,-0.006501044810773182,0.015442650005894176,0.013515115589804338,0.04469659356494993,0.0428250925934881,0.021444302770372126,1
2022-06-23,88.11,88.49,87.75,88.12,1925207,0.021444302770372126,82.7895,82.84719999999999,0.30200935718258076,85.59322033898309,1.4008894230676532,0.7369307307981504,0.019323484259682094,0.17194940888357801,0.03878344925144406,0.10260260260260257,-0.0016201828492072856,0.009698527693386305,-0.006501044810773182,-0.0077202011931220005,0.0643861842383393,0.06364487876476232,0.0339310031774851,1
2022-06-24,90.86,91.27,90.7,91.11,1411814,0.0339310031774851,83.15950000000001,83.0352,0.3209442865996616,87.0457209847597,1.7942508164134807,0.9483947479212165,0.02058435837636378,-0.26666898676350126,0.05769677269561169,0.13518564664839272,0.021444302770372126,-0.0016201828492072856,0.009698527693386305,0.015442650005894176,0.09560543293309842,0.09724550552055033,-0.015914828229612543,0
2022-06-27,89.77,89.82,89.61,89.66,1941661,-0.015914828229612543,83.5015,83.18299999999999,0.3247591598734483,78.94131185270427,1.966323123833547,1.1519804231036828,0.015609703402362273,0.37529518760969927,0.047674690348212145,0.05706201367601982,0.0339310031774851,0.021444302770372126,-0.0016201828492072856,-0.006501044810773182,0.07375316611078842,0.07786446749936893,0.007695739460182871,1
2022-06-28,90.45,90.64,90.16,90.35,1039122,0.007695739460182871,83.873,83.3462,0.3247901647994078,78.92918825561314,2.133772104019272,1.3483387592868006,0.015106169989314005,-0.4648283093701733,0.045596574470547324,0.0711321873147599,-0.015914828229612543,0.0339310031774851,0.021444302770372126,0.009698527693386305,0.07722389803631668,0.084032625362644,-0.007194244604316502,0
2022-06-29,89.63,90.22,89.11,89.7,2101987,-0.007194244604316502,84.3265,83.4876,0.30552684599729246,77.72108843537417,2.18879598189676,1.5164302038087927,0.01552700034790812,1.0228490976035536,0.03975889648777109,0.04924552579249042,0.007695739460182871,-0.015914828229612543,0.0339310031774851,-0.0016201828492072856,0.06372255459434473,0.07441105026375183,-0.0031215161649944534,0
2022-06-30,88.9,89.94,88.38,89.42,1897312,-0.0031215161649944534,84.9,83.635,0.2716860619545355,76.05233219567693,2.184626131437284,1.650069389334491,0.015174940587076231,-0.09737215311036651,0.01475261007716755,0.054108216432865675,-0.007194244604316502,0.007695739460182871,-0.015914828229612543,0.021444302770372126,0.05323910482921068,0.06916960602618527,0.012413330351151775,1
2022-07-01,90.19,90.83,89.88,90.53,1916982,0.012413330351151775,85.56649999999999,83.79019999999998,0.26495625446527854,70.20523708421801,2.245010138838694,1.7690575392353318,0.014980873462927409,0.010367298578199069,-0.0063659312918450395,0.05096354771302525,-0.0031215161649944534,-0.007194244604316502,0.007695739460182871,0.0339310031774851,0.058007514623129586,0.08043661430573046,-0.0008836849663095281,0
2022-07-04,90.66,91.91,89.19,90.45,1489230,-0.0008836849663095281,86.1655,83.93820000000001,0.26487692613185426,72.19796215429407,2.260353618838778,1.867316755156021,0.014598682088823858,-0.22313824542953453,0.008811064019629722,0.056905819116616074,0.012413330351151775,-0.0031215161649944534,-0.007194244604316502,-0.015914828229612543,0.04972407750201646,0.07757850418522194,0.018684355997788726,1
2022-07-05,92.06,92.14,92.06,92.14,2009299,0.018684355997788726,86.7925,84.1304,0.2668381155555843,73.2680195941218,2.381430663068585,1.9701395367385337,0.015142345581066197,0.3492200667459022,0.01981184283342574,0.06631176947112616,-0.0008836849663095281,0.012413330351151775,-0.0031215161649944534,0.007695739460182871,0.06161246651496377,0.09520458716468738,-0.009984805730410273,0
2022-07-06,90.73,91.99,89.96,91.22,2160573,-0.009984805730410273,87.3385,84.31299999999999,0.27383908553763003,71.95876288659794,2.3757624707920257,2.0512641235492324,0.01585754967537359,0.07528695331058244,0.016945373467112557,0.05737799930450915,0.018684355997788726,-0.0008836849663095281,0.012413330351151775,-0.007194244604316502,0.0444420272846453,0.08192093745922935,-0.0018636263977198642,0
2022-07-07,91.0,91.87,90.19,91.05,1078843,-0.0018636263977198642,87.89500000000001,84.5008,0.2724595970323064,68.30723340790453,2.33068610965465,2.107148520770316,0.014975836251084017,-0.5006681098023533,0.01822858420934903,0.033250113481615884,-0.009984805730410273,0.018684355997788726,-0.0008836849663095281,-0.0031215161649944534,0.03589510211047253,0.07750459167250479,-0.0012081274025260713,0
2022-07-08,90.95,92.14,89.75,90.94,2788285,-0.0012081274025260713,88.429,84.6734,0.27379061694100415,70.67901234567901,2.260034418055227,2.137725700227298,0.010447877541194903,1.5845141508078564,0.0045288854523362065,-0.0018658764131269656,-0.0018636263977198642,-0.009984805730410273,0.018684355997788726,0.012413330351151775,0.028395662056565074,0.07400907486884889,-0.0023092148669451307,0
2022-07-11,90.9,91.15,90.48,90.73,1882213,-0.0023092148669451307,88.7245,84.8058,0.19986210023885803,67.50405186385743,2.1621730138897988,2.1426151629597983,0.008942475704649582,-0.32495673864041874,0.0030956329463791565,0.011933972786080771,-0.0012081274025260713,-0.0018636263977198642,-0.009984805730410273,-0.0008836849663095281,0.0226036776764027,0.06985607116494386,-0.01752452331092258,0
2022-07-12,89.25,89.73,88.66,89.14,2425511,-0.01752452331092258,88.964,84.91619999999999,0.2112148136853259,60.40609137055839,1.9340232184452049,2.1008967740568796,0.010358404551318581,0.28864852171353617,-0.032559149120902964,-0.01339236303265079,-0.0023092148669451307,-0.0012081274025260713,-0.0018636263977198642,0.018684355997788726,0.0019783283125758278,0.04974080328606334,-0.01592999775633841,0
2022-07-13,87.82,88.78,86.75,87.72,3478567,-0.01592999775633841,89.0755,84.9906,0.2172672495785247,48.50299401197602,1.6199568747955198,2.004708794204608,0.011241521040182369,0.434158410330854,-0.03836877877658407,-0.022073578595317778,-0.01752452331092258,-0.0023092148669451307,-0.0012081274025260713,-0.009984805730410273,-0.01521742791227676,0.03211413968132937,0.012425900592795358,1
2022-07-14,88.6,88.96,88.45,88.81,1315075,0.012425900592795358,89.2745,85.0642,0.21784756934716148,39.9650959860384,1.442384020086564,1.8922438393809993,0.01213532651893725,-0.6219492106950937,-0.024601867105985664,-0.0068217401028852764,-0.01592999775633841,-0.01752452331092258,-0.0023092148669451307,-0.0018636263977198642,-0.0052030535035200165,0.04403497593582273,0.005404796757122021,1
2022-07-15,88.84,89.58,88.55,89.29,1411732,0.005404796757122021,89.43199999999999,85.141,0.21272054365417706,48.23641563393713,1.32511316217969,1.7788177039407373,0.011484005068292422,0.0734992300819346,-0.018143831097426788,-0.013697116977797408,0.012425900592795358,-0.01592999775633841,-0.01752452331092258,-0.0012081274025260713,-0.0015877985508541137,0.048730928694753484,-0.004031806473289268,0
2022-07-18,88.76,89.04,88.64,88.93,1425093,-0.004031806473289268,89.5995,85.226,0.2116075585459204,43.01181102362211,1.1894153314870692,1.6609372294500038,0.0115138601505225,0.009464260922044776,-0.019839082993497126,-0.016804864566058564,0.005404796757122021,0.012425900592795358,-0.01592999775633841,-0.0023092148669451307,-0.007472139911494979,0.043460915683007695,-0.010120319352299623,0
2022-07-19,88.39,88.58,87.83,88.03,2049358,-0.010120319352299623,89.6805,85.263,0.21373469957992935,41.9788664745437,0.9977499048021201,1.528299764520427,0.009245712979326979,0.43805211309016334,-0.012452322189813736,-0.04460603429563703,-0.004031806473289268,0.005404796757122021,0.012425900592795358,-0.01752452331092258,-0.018404223883675908,0.03245252923307884,-0.00840622515051681,0
2022-07-20,86.88,87.5,86.68,87.29,1416220,-0.00840622515051681,89.73150000000001,85.3028,0.21618752338063732,40.20239190432385,0.7771829761480546,1.3780764068459526,0.009154961801961528,-0.30894455727110637,-0.004901960784313597,-0.0430826573119929,-0.010120319352299623,-0.004031806473289268,0.005404796757122021,-0.01592999775633841,-0.027208951148704807,0.023295835541154553,0.019933554817275656,1
2022-07-21,89.26,89.75,88.54,89.03,1518916,0.019933554817275656,89.77700000000002,85.3888,0.21432100925088457,43.47826086956522,0.734320761662417,1.2493252778092454,0.011974938968969194,0.07251415740492306,0.0024771985136808894,-0.02218561230093352,-0.00840622515051681,-0.010120319352299623,-0.004031806473289268,0.012425900592795358,-0.00832061663900574,0.04264259481337129,0.018083791980231467,1
2022-07-22,90.23,90.67,90.2,90.64,3779173,0.018083791980231467,89.7535,85.506,0.18731365184706258,50.72908672294704,0.8208039752516072,1.163621017297718,0.013592972254529531,1.4880724148010818,0.015119274274834726,-0.0032988783813503453,0.019933554817275656,-0.00840622515051681,-0.010120319352299623,0.005404796757122021,0.009877052148384191,0.06004257011203884,-0.019086496028243638,0
2022-07-25,88.55,89.9,87.56,88.91,1886525,-0.019086496028243638,89.71600000000001,85.6186,0.1911436862489674,37.643458301453705,0.7412018893143397,1.0791371917010424,0.014852731328397307,-0.5008100978706188,-0.00022489598560682111,-0.020059517248980585,0.018083791980231467,0.019933554817275656,-0.00840622515051681,-0.004031806473289268,-0.008983904766151074,0.038442581401704645,-0.018783039028230863,0
2022-07-26,87.26,87.59,86.91,87.24,2375641,-0.018783039028230863,89.5605,85.73479999999999,0.19929395034121686,35.60057887120115,0.5371694642715852,0.970743646215151,0.015004156032225727,0.25926823127178267,-0.008974213336362724,-0.02131478573031198,-0.019086496028243638,0.018083791980231467,0.019933554817275656,-0.010120319352299623,-0.025909859815432146,0.01755646481941997,0.0024071526822559974,1
2022-07-27,87.23,87.85,86.83,87.45,2836733,0.0024071526822559974,89.44800000000001,85.8758,0.19868055294836368,37.01298701298705,0.3879455476224649,0.8541840264966138,0.014219490278596357,0.19409161569445899,0.0018329705579103184,-0.0030779753761969175,-0.018783039028230863,-0.019086496028243638,0.018083791980231467,-0.00840622515051681,-0.022337000268312313,0.018331124717324343,0.006861063464836947,1
2022-07-28,87.98,88.78,87.25,88.05,3355072,0.006861063464836947,89.37950000000001,86.0222,0.20054784741081694,39.93031358885018,0.31447443859396174,0.7462421089160834,0.01377155460779583,0.1827239292524181,-0.011007525553184405,-0.008557594865443163,0.0024071526822559974,-0.018783039028230863,-0.019086496028243638,0.019933554817275656,-0.014874775535777318,0.023572984648148942,-0.00681431005110722,0
2022-07-29,87.14,87.89,86.71,87.45,1219684,-0.00681431005110722,89.22550000000001,86.13159999999999,0.19542639695957084,38.87381275440978,0.20546460173581238,0.6380866074800293,0.013704357178461354,-0.6364656257749461,-0.03519417475728148,-0.020607010863478603,0.006861063464836947,0.0024071526822559974,-0.018783039028230863,0.018083791980231467,-0.019899019899019987,0.015306809579759495,-0.002401372212693098,0
2022-08-01,87.26,88.26,86.24,87.24,2287542,-0.002401372212693098,89.06500000000001,86.26799999999999,0.1954209695394631,42.88922155688621,0.1009644207018141,0.5306621701243863,0.013687129153701115,0.8755202167118696,-0.018783039028230863,-0.019003710783762617,-0.00681431005110722,0.006861063464836947,0.0024071526822559974,-0.019086496028243638,-0.02049065289395402,0.011267213798859421,-0.008367721228794034,0
2022-08-02,86.72,87.28,85.96,86.51,2644869,-0.008367721228794034,88.7835,86.39299999999999,0.1809938567121683,45.224940805051325,-0.04029315042969017,0.416471106013571,0.01358001786668752,0.15620565655187968,-0.008367721228794034,-0.017266840849710308,-0.002401372212693098,-0.00681431005110722,0.006861063464836947,-0.018783039028230863,-0.02560723557868294,0.0013542763881335684,0.012599699456710134,1
2022-08-03,87.21,88.22,86.6,87.6,3012366,0.012599699456710134,88.60249999999999,86.5266,0.18722293760439573,45.22494080505127,-0.06355428849079203,0.32046602711269845,0.014037028995480575,0.13894714634259775,0.0017152658662091813,0.0035513804559512696,-0.008367721228794034,-0.002401372212693098,-0.00681431005110722,0.0024071526822559974,-0.01131457915973022,0.012405433704779645,-0.00673515981735151,0
2022-08-04,87.15,87.37,86.8,87.01,1594834,-0.00673515981735151,88.4005,86.5886,0.18798787924833088,41.07981220657275,-0.12812008852736767,0.23074880398468525,0.012355287933431635,-0.4705709731154847,-0.011811470755252573,-0.022688981242277806,0.012599699456710134,-0.008367721228794034,-0.002401372212693098,0.006861063464836947,-0.015729549041012092,0.004866691458228933,-0.0197678427766923,0
2022-08-05,85.38,85.83,84.84,85.29,1779257,-0.0197678427766923,88.118,86.62020000000001,0.19796792538570862,37.12871287128711,-0.31445374851583097,0.12170829348458202,0.011185362265544396,0.11563774035416863,-0.024699828473413343,-0.05902471315092672,-0.00673515981735151,0.012599699456710134,-0.008367721228794034,-0.00681431005110722,-0.03209332939921461,-0.015356695089598138,0.0016414585531714376,1
2022-08-08,85.62,85.98,85.07,85.43,2132559,0.0016414585531714376,87.853,86.6724,0.19868008185940342,40.28400597907325,-0.44569004909351406,0.008228624968962803,0.010384532190763457,0.1985671547168284,-0.020747363594681212,-0.03914070408278025,-0.0197678427766923,-0.00673515981735151,0.012599699456710134,-0.002401372212693098,-0.02758016231659688,-0.01433443633728837,0.0011705489874751507,1
2022-08-09,84.94,85.85,84.62,85.53,2028477,0.0011705489874751507,87.6725,86.72460000000001,0.19141640285719425,43.0926216640502,-0.5354542156533029,-0.10050794315549035,0.009045407488809883,-0.048806152608204534,-0.011328170153739547,-0.019601100412654726,0.0016414585531714376,-0.0197678427766923,-0.00673515981735151,-0.008367721228794034,-0.024437537426216904,-0.01377463833791115,-0.005144393779960232,0
2022-08-10,85.31,86.05,84.35,85.09,1794572,-0.005144393779960232,87.541,86.81379999999999,0.18471433605375073,32.77972027972024,-0.6347799391328692,-0.20736234235096612,0.00895688807663833,-0.11531064931966195,-0.028652968036529614,-0.026986849628359066,0.0011705489874751507,0.0016414585531714376,-0.0197678427766923,0.012599699456710134,-0.02799830936361236,-0.019856290128988485,0.0018803619696792229,1
2022-08-11,84.94,85.59,84.6,85.25,1611643,0.0018803619696792229,87.363,86.9598,0.17786854162764149,23.02302302302293,-0.6926017459714728,-0.3044102230750675,0.008492869212951776,-0.10193461170685825,-0.020227560050568916,-0.0318001135718341,-0.005144393779960232,0.0011705489874751507,0.0016414585531714376,-0.00673515981735151,-0.024186440483957683,-0.019661958744155328,0.005982404692082222,1
2022-08-12,85.69,86.38,85.07,85.76,1928875,0.005982404692082222,87.1865,87.131,0.17819828485915548,32.04104903078675,-0.6893270733125831,-0.38139359312257065,0.008843581266384647,0.19683763711938695,0.005510610857075937,-0.01932532875929105,0.0018803619696792229,-0.005144393779960232,0.0011705489874751507,-0.0197678427766923,-0.016361477981109318,-0.015734927867234294,-0.003031716417910557,0
2022-08-15,85.38,86.55,84.33,85.5,1811362,-0.003031716417910557,87.01500000000001,87.27159999999999,0.17807901116954591,38.17934782608694,-0.6996466081432118,-0.4450441961266989,0.008849683844304547,-0.06092307692307697,0.0008193842912325167,-0.019944979367262694,0.005982404692082222,0.0018803619696792229,-0.005144393779960232,0.0016414585531714376,-0.017410791242889356,-0.020299845539671457,0.00070175438596487,1
2022-08-16,85.29,86.41,84.44,85.56,2173071,0.00070175438596487,86.89150000000001,87.3908,0.17558309039216333,36.89320388349508,-0.694972208273839,-0.49502979855612694,0.008582704101137732,0.19968896333256403,0.0003507541213609855,-0.010981389434747468,-0.003031716417910557,0.005982404692082222,0.0018803619696792229,0.0011705489874751507,-0.015323708302883543,-0.020949573639330366,0.010518934081346298,1
2022-08-17,86.22,87.13,85.55,86.46,1630879,0.010518934081346298,86.85,87.51400000000001,0.1783448046070125,39.41411451398128,-0.6115951461736415,-0.5183428680796298,0.008232549477822707,-0.24950496325246618,0.016100599365377777,-0.013013698630137016,0.00070175438596487,-0.003031716417910557,0.005982404692082222,-0.005144393779960232,-0.004490500863557845,-0.012043787279749751,0.009831135785334455,1
2022-08-18,87.11,88.41,86.01,87.31,1417396,0.009831135785334455,86.764,87.6618,0.1662501684834724,49.097938144329895,-0.4714952240589838,-0.5089733392755006,0.008667782117763399,-0.1309005757018148,0.0241642228739003,0.003447879554074218,0.010518934081346298,0.00070175438596487,-0.003031716417910557,0.0018803619696792229,0.006292932552671715,-0.004013150539915911,0.002748826022219708,1
2022-08-19,87.59,88.2,86.93,87.55,1704202,0.002748826022219708,86.6095,87.80760000000001,0.15123058860337202,51.989730423620045,-0.33721186372343936,-0.4746210441650884,0.005002531642989544,0.2023471210586174,0.020872201492537323,0.026497830929768984,0.009831135785334455,0.010518934081346298,0.00070175438596487,0.005982404692082222,0.010859085897043652,-0.002933686833486049,-0.003540833809251853,0
2022-08-22,87.42,88.43,86.23,87.24,1858417,-0.003540833809251853,86.526,87.85600000000001,0.13690029916288454,54.95251017639072,-0.25289057726428155,-0.43027495078492706,0.005371152939830277,0.09049103333994446,0.020350877192982342,0.02118693667329974,0.002748826022219708,0.009831135785334455,0.010518934081346298,-0.003031716417910557,0.008251854933777114,-0.007011473319978312,-0.020747363594681212,0
2022-08-23,85.35,86.51,84.27,85.43,3008223,-0.020747363594681212,86.4355,87.8776,0.14043324240099034,36.58838071693452,-0.32833241177903005,-0.4098864429837477,0.009026228357180428,0.6187018306440373,-0.0015194015895277913,-0.0011691804045363963,-0.003540833809251853,0.002748826022219708,0.009831135785334455,0.00070175438596487,-0.011632951738579589,-0.027852376487295882,-0.00011705489874758168,0
2022-08-24,85.61,85.87,85.16,85.42,1731604,-0.00011705489874758168,86.33399999999999,87.87620000000001,0.1399033519441879,39.414114513981325,-0.38449530307372015,-0.40480821500174224,0.00885112645576328,-0.42437645081498276,-0.012028683784408911,0.0038782465624631612,-0.020747363594681212,-0.003540833809251853,0.002748826022219708,0.010518934081346298,-0.010586790835591886,-0.027950685168453004,-0.00901428236946844,0
2022-08-25,84.67,85.96,83.35,84.65,969165,-0.00901428236946844,86.164,87.8726,0.13921408112999073,45.12195121951219,-0.48554035690204955,-0.4209546433818038,0.009310348387212073,-0.44030794569659115,-0.030466155079601376,-0.007038123167155352,-0.00011705489874758168,-0.020747363594681212,-0.003540833809251853,0.009831135785334455,-0.017571143400956224,-0.03667354784085142,-0.007088009450679333,0
2022-08-26,84.33,85.19,83.18,84.05,4366355,-0.007088009450679333,85.994,87.8308,0.1393447630897482,40.17094017094009,-0.6070367340393261,-0.4581710615133083,0.009189844674816375,3.5052751595445564,-0.039977155910908,-0.019939365671641895,-0.00901428236946844,-0.00011705489874758168,-0.020747363594681212,0.002748826022219708,-0.02260622834151227,-0.043046402856401156,0.002141582391433694,1
2022-08-29,83.89,84.87,83.26,84.23,3055715,0.002141582391433694,85.84349999999999,87.80380000000001,0.14007817151158888,40.845070422535244,-0.6809494314085498,-0.5027267354923566,0.009268948884229676,-0.30016798908929765,-0.03450252177900037,-0.014853801169590564,-0.007088009450679333,-0.00901428236946844,-0.00011705489874758168,-0.003540833809251853,-0.018795831950001896,-0.04070211084258313,0.0013059479995249923,1
2022-08-30,84.37,84.54,84.18,84.34,2455583,0.0013059479995249923,85.73499999999999,87.7624,0.13818230849295823,44.46085672082718,-0.7223232036333371,-0.5466460291205527,0.009286533322597646,-0.19639658803258808,-0.012758983963478965,-0.014258999532491767,0.002141582391433694,-0.007088009450679333,-0.00901428236946844,-0.020747363594681212,-0.01627106782527532,-0.038996198827743966,-0.005216978894948987,0
2022-08-31,83.87,84.18,83.59,83.9,2382289,-0.005216978894948987,85.55,87.715,0.12867183407887833,40.425531914893675,-0.7816066638820018,-0.5936381560728425,0.00832683828314322,-0.02984790169992213,-0.017794427534535195,-0.02960906777700656,0.0013059479995249923,0.002141582391433694,-0.007088009450679333,-0.00011705489874758168,-0.019286966686148377,-0.04349313116342701,-0.0033373063170440975,0
2022-09-01,83.65,84.2,83.07,83.62,2034030,-0.0033373063170440975,85.38050000000001,87.625,0.12761779098741993,34.310850439882714,-0.841482803234868,-0.6432070855052476,0.007015530326315702,-0.14618671370266156,-0.012167749556999397,-0.04226320009162754,-0.005216978894948987,0.0013059479995249923,0.002141582391433694,-0.00901428236946844,-0.020619462289398705,-0.04570613409415114,-0.011002152595072978,0
2022-09-02,82.77,83.76,81.71,82.7,3773578,-0.011002152595072978,85.251,87.4568,0.11450931359616406,31.283422459893075,-0.952195074200958,-0.7050046832443897,0.006828477359586607,0.8552223910168484,-0.016061867935752483,-0.05539691604797248,-0.0033373063170440975,-0.005216978894948987,0.0013059479995249923,-0.007088009450679333,-0.029923402658033393,-0.05439028183057237,-0.003143893591293856,0
2022-09-05,82.63,83.23,81.85,82.44,1307864,-0.003143893591293856,85.1015,87.31240000000001,0.11401813560039498,29.687499999999986,-1.0488249722604195,-0.7737687410475957,0.006843313065980956,-0.6534154057501925,-0.021251335628635903,-0.05502063273727642,-0.011002152595072978,-0.0033373063170440975,-0.005216978894948987,0.002141582391433694,-0.031274419369811346,-0.05580421566696159,0.0047307132459970536,1
2022-09-06,82.86,83.41,82.28,82.83,2620655,0.0047307132459970536,84.9665,87.162,0.115914331353644,24.68619246861934,-1.0814686249023282,-0.8353087178185422,0.005109519667395139,1.0037672112696732,-0.017903723025847862,-0.030434273674353363,-0.003143893591293856,-0.011002152595072978,-0.0033373063170440975,0.0013059479995249923,-0.025145204286395217,-0.04970055758243275,0.00820958589882892,1
2022-09-07,83.63,83.71,83.44,83.51,2648393,0.00820958589882892,84.88750000000002,87.0382,0.12008093656263406,22.857142857142932,-1.04047469321263,-0.8763419128973599,0.006205818073667825,0.010584376806561657,-0.004648390941597191,-0.022360103020369948,0.0047307132459970536,-0.003143893591293856,-0.011002152595072978,-0.005216978894948987,-0.016227359740833558,-0.040536224324492,0.005867560771165126,1
2022-09-08,83.91,84.51,83.4,84.0,4662827,0.005867560771165126,84.82500000000002,86.9298,0.1221261887103854,25.51724137931042,-0.9574113599148717,-0.8925558023008622,0.006185541812565041,0.7606250280830678,0.004544367376225766,-0.007678676904902648,0.00820958589882892,0.0047307132459970536,-0.003143893591293856,-0.0033373063170440975,-0.009725906277630592,-0.03370305694940057,-0.021785714285714297,0
2022-09-09,82.12,83.36,80.93,82.17,2022113,-0.021785714285714297,84.6455,86.7626,0.14035916461033351,21.0946408209807,-1.0274054849959526,-0.9195257388398803,0.008975151791585971,-0.5663332566273636,-0.006408706166868172,-0.022367638310529347,0.005867560771165126,0.00820958589882892,0.0047307132459970536,-0.011002152595072978,-0.02924550035146578,-0.05293294576234464,-0.011317999269806589,0
2022-09-12,81.07,81.3,81.01,81.24,3508102,-0.011317999269806589,84.43249999999999,86.5784,0.14412139214234057,23.44740177439799,-1.1447238965552486,-0.964565370382954,0.009252818077238862,0.7348694162986935,-0.01455604075691419,-0.03549804107800081,-0.021785714285714297,0.005867560771165126,0.00820958589882892,-0.003143893591293856,-0.03781126935717871,-0.06165972113136775,0.017971442639094226,1
2022-09-13,82.96,84.34,81.31,82.7,2414008,0.017971442639094226,84.2895,86.38960000000002,0.16124951917501437,35.43897216274095,-1.1071275079301444,-0.9930777978923921,0.01146484603442923,-0.3118763365489373,-0.0015694796571290581,-0.01944510315390091,-0.011317999269806589,-0.021785714285714297,0.005867560771165126,0.0047307132459970536,-0.018857627581134073,-0.04270884458314439,0.03204353083434097,1
2022-09-14,85.54,85.82,85.07,85.35,1499585,0.03204353083434097,84.234,86.2722,0.19694355261277738,53.119429590017766,-0.8536587988029964,-0.965193998074513,0.015583092733259857,-0.37879866181056565,0.022033289426415914,0.01728247914183534,0.017971442639094226,-0.011317999269806589,-0.021785714285714297,0.00820958589882892,0.013248806895078014,-0.010689422548631033,0.0010544815465729496,1
2022-09-15,85.75,86.17,85.03,85.44,1358360,0.0010544815465729496,84.1405,86.16,0.19322295701510125,56.489262371615304,-0.638164410754058,-0.899788080610422,0.015483048169909362,-0.09417605537532048,0.017142857142857126,0.02176512795981811,0.03204353083434097,0.017971442639094226,-0.011317999269806589,0.005867560771165126,0.01544440548843884,-0.00835654596100277,0.0033941947565543362,1
2022-09-16,85.6,86.82,84.51,85.73,3075947,0.0033941947565543362,84.0495,86.0558,0.19340305009111144,56.93160813308686,-0.4389233442113891,-0.8076151333306155,0.014765274243757705,1.2644564033098735,0.04332481440915181,0.03663845223700113,0.0010544815465729496,0.03204353083434097,0.017971442639094226,-0.021785714285714297,0.019994170102142217,-0.003785915650078242,-0.006882071620203045,0
2022-09-19,85.08,86.01,84.21,85.14,1337457,-0.006882071620203045,83.9445,85.944,0.19435124423441075,53.53982300884954,-0.32488634513424586,-0.7110693756913417,0.015003265365406318,-0.5651885419352154,0.04800590841949792,0.0327510917030569,0.0033941947565543362,0.0010544815465729496,0.03204353083434097,-0.011317999269806589,0.014241552454300033,-0.009354928790840544,-0.0016443504815597532,0
2022-09-20,85.61,85.7,84.9,85.0,1812741,-0.0016443504815597532,83.923,85.86120000000001,0.18010597633264566,54.99999999999996,-0.24300680061358548,-0.6174568606757904,0.015072349829933464,0.3553639481493611,0.027811366384522307,0.026198237353615816,-0.006882071620203045,0.0033941947565543362,0.0010544815465729496,0.017971442639094226,0.01283319233106539,-0.010030141670510195,0.0018823529411764461,1
2022-09-21,85.42,86.27,84.31,85.16,3630393,0.0018823529411764461,83.91,85.81,0.1802567148850619,57.07720588235289,-0.16332331928698807,-0.52663015239803,0.014947233608075894,1.0027091570169153,-0.0022261277094317578,0.01975811280086215,-0.0016443504815597532,-0.006882071620203045,0.0033941947565543362,0.03204353083434097,0.014896913359552011,-0.007574874723225822,0.0071629873179897,1
2022-09-22,85.38,85.91,85.24,85.77,1453069,0.0071629873179897,83.966,85.7492,0.1787764225635757,64.52223273415319,-0.0503710382557756,-0.43137832956957917,0.014989468799284601,-0.5997488426184163,0.0038623595505618002,0.02107142857142863,0.0018823529411764461,-0.0016443504815597532,-0.006882071620203045,0.0010544815465729496,0.021484886739870923,0.00024256786069143388,0.002564999417045577,1
2022-09-23,86.17,86.53,85.63,85.99,2462636,0.002564999417045577,84.063,85.6832,0.176455285936479,66.85660018993349,0.05624822509639671,-0.333853018636384,0.012419834403203843,0.6947825602225359,0.0030327773241571876,0.046488986248022224,0.0071629873179897,0.0018823529411764461,-0.0016443504815597532,0.0033941947565543362,0.022923283727680266,0.0035806319091722383,0.0015118036981045524,1
2022-09-26,86.19,86.32,85.99,86.12,3994764,0.0015118036981045524,84.1575,85.62700000000001,0.17642486971206067,66.01752677702044,0.14951120094100645,-0.23718017472090594,0.01119213706136327,0.6221495990475248,0.011510453370918494,0.060068931560807615,0.002564999417045577,0.0071629873179897,0.0018823529411764461,-0.006882071620203045,0.02331937141668905,0.005757529751129864,-0.012192289828146907,0
2022-09-27,84.97,86.3,83.73,85.07,3544093,-0.012192289828146907,84.19399999999999,85.56779999999999,0.18268074685115804,57.3308270676691,0.1371159688997352,-0.16232094599677774,0.011635003254989921,-0.11281542539183786,0.0008235294117646674,0.028657799274486084,0.0015118036981045524,0.002564999417045577,0.0071629873179897,-0.0016443504815597532,0.01040454189134632,-0.005817608960379972,0.0034089573292583886,1
2022-09-28,85.28,86.44,84.2,85.36,2671504,0.0034089573292583886,84.267,85.5292,0.18166763914714593,56.5134099616858,0.148975932754567,-0.1000615702465088,0.0056438935126774175,-0.24620939687530774,0.002348520432127854,0.00011716461628585861,-0.012192289828146907,0.0015118036981045524,0.002564999417045577,0.0018823529411764461,0.012970676540045467,-0.0019782717481281464,0.013120899718837897,1
2022-09-29,86.24,86.89,85.83,86.48,1590639,0.013120899718837897,84.41,85.4782,0.1858907623416898,72.147995889003,0.2459149251450583,-0.030866271168195375,0.00701219584496715,-0.4045904479274596,0.008277952664101695,0.01217228464419473,0.0034089573292583886,-0.012192289828146907,0.0015118036981045524,0.0071629873179897,0.02452316076294281,0.011719947308202583,-0.030296022201665163,0
2022-09-30,83.72,84.34,83.24,83.86,4051746,-0.030296022201665163,84.468,85.34259999999999,0.21394183636224626,61.4711033274956,0.11005897986530044,-0.0026812209614962106,0.012103380902709512,1.5472442207188433,-0.02477032213048025,-0.02181266767759249,0.013120899718837897,0.0034089573292583886,-0.012192289828146907,0.002564999417045577,-0.007197992139034937,-0.017372332223297482,-0.02373002623419984,0
2022-10-03,81.66,82.2,81.33,81.87,2514018,-0.02373002623419984,84.4395,85.2018,0.2307710041448467,46.52719665271968,-0.15638153543783062,-0.033421283856763094,0.013879676059759566,-0.37952230964132505,-0.04934974454249885,-0.03840732910500344,-0.030296022201665163,0.013120899718837897,0.0034089573292583886,0.0015118036981045524,-0.030430071234433975,-0.03910480764490887,0.009038719921827143,1
2022-10-04,82.31,82.64,82.27,82.61,2085888,0.009038719921827143,84.42850000000001,85.1092,0.2325034273903471,36.354581673306846,-0.3043177621233184,-0.08760057951007416,0.014464638615192487,-0.17029711004455816,-0.028917362172328653,-0.02811764705882358,-0.02373002623419984,-0.030296022201665163,0.013120899718837897,-0.012192289828146907,-0.021538935312128138,-0.02936462803081219,0.02166807892506961,1
2022-10-05,84.29,84.64,84.04,84.4,1427809,0.02166807892506961,84.47299999999998,85.0482,0.24347887904518414,45.570698466780286,-0.27396218175300646,-0.12487289995866063,0.01639368987642624,-0.3154910522520864,-0.011246485473289547,-0.008924377642085424,0.009038719921827143,-0.02373002623419984,-0.030296022201665163,0.0034089573292583886,-0.0008641814544290138,-0.007621560479821876,-0.029028436018957327,0
2022-10-06,81.73,83.15,80.53,81.95,989668,-0.029028436018957327,84.37049999999999,84.92620000000001,0.2641748225063004,36.40287769784175,-0.44249883893576225,-0.18839808775408096,0.018327573004924422,-0.30686247250157406,-0.05238205365402404,-0.044537717150518796,0.02166807892506961,0.009038719921827143,-0.02373002623419984,0.013120899718837897,-0.028688937484073085,-0.03504454455751005,-0.02098840756558873,0
2022-10-07,80.39,81.13,79.48,80.23,2400441,-0.02098840756558873,84.2735,84.7818,0.2633607970941336,33.66600133067203,-0.7067084838631672,-0.2920601669758982,0.018840267960452618,1.4255012792168689,-0.04328642976389219,-0.06698453308524233,-0.029028436018957327,0.02166807892506961,0.009038719921827143,-0.030296022201665163,-0.04798068194628202,-0.053688409540726845,0.0074784993144707546,1
2022-10-10,81.07,81.37,80.52,80.83,1734378,0.0074784993144707546,84.253,84.65360000000001,0.26210181636490854,36.53970303421564,-0.8577934366254993,-0.40520682090581844,0.019221567959170047,-0.2774752639202547,-0.012703065836081717,-0.06142591732466329,-0.02098840756558873,-0.029028436018957327,0.02166807892506961,-0.02373002623419984,-0.04062763343738507,-0.045167600669079766,0.010268464678955702,1
2022-10-11,81.61,82.24,81.04,81.66,1120952,0.010268464678955702,84.201,84.5566,0.256413183192678,39.17079207920793,-0.9001785883723272,-0.5042011743991203,0.01974255472242004,-0.35368645128109333,-0.011499818423919672,-0.04008463618196778,0.0074784993144707546,-0.02098840756558873,-0.029028436018957327,0.009038719921827143,-0.030177788862364996,-0.03425634427117463,0.028165564535880483,1
2022-10-12,83.86,84.03,83.78,83.96,2910978,0.028165564535880483,84.1315,84.48379999999999,0.25017728200775585,44.92997198879552,-0.7396520994175972,-0.5512913594028157,0.02216528890408316,1.5968801518709097,-0.005213270142180204,-0.01640112464854737,0.010268464678955702,0.0074784993144707546,-0.02098840756558873,0.02166807892506961,-0.0020384754818351114,-0.006200005208099046,-0.013458789899952306,0
2022-10-13,82.97,83.0,82.8,82.83,2249226,-0.013458789899952306,84.001,84.4002,0.25409924560273595,41.57782515991473,-0.6955968491035804,-0.5801524573429686,0.021817427379255554,-0.22732978401073456,0.010738255033557076,-0.04220629047178548,0.028165564535880483,0.010268464678955702,0.0074784993144707546,-0.029028436018957327,-0.013940310234402009,-0.018604221317011116,-0.01159000362187601,0
2022-10-14,81.82,82.65,81.04,81.87,1657286,-0.01159000362187601,83.808,84.33179999999999,0.25588836243078356,39.152628892291986,-0.7297347943093655,-0.6100689247362481,0.020051151708069297,-0.2631749766364073,0.0204412314595539,-0.02373002623419984,-0.013458789899952306,0.028165564535880483,0.010268464678955702,-0.02098840756558873,-0.023124284077892354,-0.029191835108464237,-0.0072065469647001335,0
2022-10-17,81.76,81.79,81.25,81.28,1761437,-0.0072065469647001335,83.615,84.24880000000002,0.25597007285652773,40.094093047569274,-0.7952305087092384,-0.6471012415308461,0.018717911345547247,0.0628443129309002,0.005567239886181019,-0.0072065469647001335,-0.01159000362187601,-0.013458789899952306,0.028165564535880483,0.0074784993144707546,-0.027925611433355146,-0.03523848410897268,0.010703740157480324,1
2022-10-18,81.49,82.35,81.28,82.15,2494719,0.010703740157480324,83.4725,84.18119999999999,0.26004160314319036,41.85692541856927,-0.7680806495215649,-0.6712971231289899,0.018819961733076717,0.41629760246889336,0.006000489835905176,-0.005568333131582004,-0.0072065469647001335,-0.01159000362187601,-0.013458789899952306,0.010268464678955702,-0.015843541286052143,-0.02412890289043146,0.0012172854534386879,1
2022-10-19,81.67,82.58,81.34,82.25,2418915,0.0012172854534386879,83.327,84.12440000000001,0.2599349938040521,38.68378812199035,-0.7300791285110222,-0.6830535242053963,0.017196771004901554,-0.03038578693632432,-0.020366841353025134,-0.025473933649289182,0.010703740157480324,-0.0072065469647001335,-0.01159000362187601,0.028165564535880483,-0.012924982298654686,-0.022281288187493864,0.005835866261398204,1
2022-10-20,82.45,82.86,82.32,82.73,1477245,0.005835866261398204,83.175,84.07400000000001,0.25938308738921073,46.58610271903324,-0.6536952687049222,-0.6771818731053015,0.014536631251065935,-0.3892943737171418,-0.0012072920439453183,0.009517998779743797,0.0012172854534386879,0.010703740157480324,-0.0072065469647001335,-0.013458789899952306,-0.005350165314096711,-0.015985917168209074,-0.010153511422700379,0
2022-10-21,82.0,83.28,80.6,81.89,2830334,-0.010153511422700379,82.97,83.9966,0.2605516624858353,50.06493506493505,-0.6534093925753126,-0.6724273769993038,0.013038710154207015,0.9159543609895446,0.0002442897276169198,0.020690514770036028,0.005835866261398204,0.0012172854534386879,0.010703740157480324,-0.01159000362187601,-0.013016753043268658,-0.02507958655469389,0.0020759555501281834,1
2022-10-24,82.24,83.04,81.26,82.06,1884063,0.0020759555501281834,82.767,83.9278,0.26066912237133993,48.145650708024284,-0.6321779011053934,-0.6643774818205217,0.012903517109914855,-0.3343319198370228,0.009596456692913424,0.015217122355561052,-0.010153511422700379,0.005835866261398204,0.0012172854534386879,-0.0072065469647001335,-0.008542051783923421,-0.022254842853023704,-0.010845722641969258,0
2022-10-25,81.04,81.71,80.5,81.17,1439936,-0.010845722641969258,82.572,83.84,0.26003324259058297,38.406317300789645,-0.6793363861234667,-0.6673692626811107,0.013051522207192858,-0.2357283169405694,-0.011929397443700585,-0.006000489835904954,0.0020759555501281834,-0.010153511422700379,0.005835866261398204,0.010703740157480324,-0.016979121251756046,-0.031846374045801595,-0.010595047431317006,0
2022-10-26,80.3,81.17,79.45,80.31,1961365,-0.010595047431317006,82.3195,83.71699999999998,0.26076590279066114,43.354943273905995,-0.777146180526529,-0.6893246462501944,0.008570305141875479,0.3621195664251744,-0.023586626139817657,-0.04347308242019998,-0.010845722641969258,0.0020759555501281834,-0.010153511422700379,0.0012172854534386879,-0.024410984031730032,-0.04069663270303503,-0.014817581870252727,0
2022-10-27,79.04,79.96,78.2,79.12,2095074,-0.014817581870252727,81.95150000000001,83.5532,0.25680516114717783,45.30059271803556,-0.9398501940272155,-0.7394297558055987,0.008738969678694615,0.06817140103958219,-0.04363592409041461,-0.04479053483037543,-0.010595047431317006,-0.010845722641969258,0.0020759555501281834,0.005835866261398204,-0.03455092341201815,-0.053058410689237556,-0.016936299292214407,0
2022-10-28,77.89,78.3,77.38,77.78,3135561,-0.016936299292214407,81.64750000000001,83.35780000000001,0.242878068881404,37.848605577689256,-1.1635088918522314,-0.8242455830149252,0.009359842368396645,0.4966349637292047,-0.050189278300158735,-0.049957249297667095,-0.014817581870252727,-0.010595047431317006,-0.010845722641969258,-0.010153511422700379,-0.04736825989773119,-0.0669139540630872,-0.016199537156081356,0
2022-10-31,76.98,77.25,76.25,76.52,2638103,-0.016199537156081356,81.38000000000001,83.1434,0.23599185443016857,30.200308166409854,-1.425993525283772,-0.9445951714686946,0.009997971451237205,-0.15865039780760126,-0.06751157689495502,-0.05856299212598426,-0.016936299292214407,-0.014817581870252727,-0.010595047431317006,0.0020759555501281834,-0.05971983288277238,-0.0796623664656485,0.006664924202822942,1
2022-11-01,76.49,77.52,76.0,77.03,923514,0.006664924202822942,81.101,82.9754,0.23449563042395152,19.03485254691695,-1.5747094799633743,-1.0706180331676305,0.009307221786109668,-0.649932546227346,-0.0510040655414562,-0.06232501521606826,-0.016199537156081356,-0.016936299292214407,-0.014817581870252727,-0.010845722641969258,-0.05019666835180825,-0.07165256208466597,-0.014150331039854636,0
2022-11-02,76.44,76.44,75.94,75.94,1340380,-0.014150331039854636,80.67800000000001,82.7858,0.21759552544808852,19.103139013452974,-1.7602309888438157,-1.2085406243028676,0.009182136838797695,0.45139109964765023,-0.054414145187398844,-0.0767173252279636,0.006664924202822942,-0.016199537156081356,-0.016936299292214407,-0.010595047431317006,-0.058727286249039556,-0.0826929255983514,0.01646036344482482,1
2022-11-03,77.42,78.96,75.64,77.19,2741234,0.01646036344482482,80.44,82.6366,0.2112841257366357,29.545454545454575,-1.7858078862419546,-1.323994076690685,0.011316299658255037,1.0451170563571526,-0.024393326592517806,-0.06696482533542858,-0.014150331039854636,0.006664924202822942,-0.016199537156081356,-0.014817581870252727,-0.04040278468423675,-0.06591026252290155,-0.028112449799196804,0
2022-11-04,74.94,75.41,74.56,75.02,2340248,-0.028112449799196804,80.1795,82.456,0.22067631099451374,25.960061443932446,-1.9586010920525467,-1.4509154797630575,0.01317179443034144,-0.146279376368453,-0.03548470043713048,-0.08389302723165226,0.01646036344482482,-0.014150331039854636,0.006664924202822942,-0.016936299292214407,-0.06434936610979125,-0.09018143009605128,0.005465209277526029,1
2022-11-07,75.53,75.76,75.21,75.43,1447757,0.005465209277526029,79.90950000000001,82.28,0.21948947094498106,23.248407643312163,-2.0389535912824783,-1.5685231020669417,0.013517395425883502,-0.38136599198033716,-0.014244641923679913,-0.0807945405800633,-0.028112449799196804,0.01646036344482482,-0.014150331039854636,-0.016199537156081356,-0.05605716466753019,-0.08325230918813797,0.0068938088293781785,1
2022-11-08,75.94,76.68,75.22,75.95,1701612,0.0068938088293781785,79.624,82.11219999999999,0.21702327256379794,25.731895223420707,-2.037190408727213,-1.662256563398996,0.014289147687437718,0.17534365228418847,-0.014020511489030274,-0.06430947394357522,0.005465209277526029,-0.028112449799196804,0.01646036344482482,0.006664924202822942,-0.046141866773836915,-0.07504609546449836,0.027254772876892597,1
2022-11-09,78.13,78.5,77.65,78.02,3735752,0.027254772876892597,79.327,81.99459999999999,0.2152761257153083,33.8366506520247,-1.8474649476514173,-1.6992982402494803,0.017699488359951658,1.195419402307929,0.02739004477218865,-0.028514506288133568,0.0068938088293781785,0.005465209277526029,-0.028112449799196804,-0.014150331039854636,-0.01647610523529197,-0.04847392389254901,0.021276595744680993,1
2022-11-10,79.79,81.29,78.18,79.68,908214,0.021276595744680993,79.1695,81.9158,0.22899580685845072,42.82001299545163,-1.5453442593709212,-1.6685074440737686,0.01862093694918967,-0.7568858960659058,0.032258064516129226,0.00707785642062686,0.027254772876892597,0.0068938088293781785,0.005465209277526029,0.01646036344482482,0.006448190275295529,-0.027293879813173993,0.0011295180722890041,1
2022-11-11,79.95,80.79,78.94,79.77,3121079,0.0011295180722890041,79.0645,81.8572,0.2262459169407327,42.52122795558457,-1.2838497684460748,-1.59157590894823,0.017547772892971047,2.436501749587652,0.06331644894694755,0.025584983286191854,0.021276595744680993,0.027254772876892597,0.0068938088293781785,-0.028112449799196804,0.008923094435555834,-0.025498062479537675,0.018929422088504566,1
2022-11-14,81.03,81.44,80.87,81.28,3040463,0.018929422088504566,79.0645,81.834,0.2358626751508368,50.34526051475204,-0.9438885602463074,-1.4620384392078456,0.016853434593784612,-0.0258295288264091,0.07755534933050501,0.0622059592263462,0.0011295180722890041,0.021276595744680993,0.027254772876892597,0.005465209277526029,0.02802142554496645,-0.006769802282669768,0.07283464566929143,1
2022-11-15,87.35,88.01,86.54,87.2,1854838,0.07283464566929143,79.31700000000001,81.92139999999999,0.34891033122163617,66.412577417818,-0.19452990926079394,-1.2085367332184354,0.02699989947694399,-0.38994883345069487,0.1481237656352863,0.13202648318836818,0.018929422088504566,0.0011295180722890041,0.021276595744680993,0.0068938088293781785,0.09938600804367281,0.06443493397329658,0.004243119266055029,1
2022-11-16,87.39,87.75,87.21,87.57,1840592,0.004243119266055029,79.583,82.0026,0.34884627714450583,70.94695091720372,0.424306981502923,-0.8819679902741637,0.025547530783143473,-0.007680455112521911,0.12240451166367605,0.1531472214906504,0.07283464566929143,0.018929422088504566,0.0011295180722890041,0.027254772876892597,0.1003606297827424,0.06789296924731647,0.008336188192303418,1
2022-11-17,88.22,88.67,87.85,88.3,2321588,0.008336188192303418,79.8615,82.0886,0.3491941113192789,76.89161554192226,0.9625489103747356,-0.5130646101443839,0.02561221593939368,0.26132679051087915,0.10818273092369468,0.14393056095349133,0.004243119266055029,0.07283464566929143,0.018929422088504566,0.021276595744680993,0.1056641811135528,0.07566702319201446,0.0007927519818800022,1
2022-11-18,88.57,89.59,87.35,88.37,2069747,0.0007927519818800022,80.1855,82.21260000000001,0.3456665302074836,82.25367446924332,1.3788632545292927,-0.13467903720964858,0.021683081915422193,-0.10847790391749101,0.10780995361664791,0.1779525459877367,0.008336188192303418,0.004243119266055029,0.07283464566929143,0.0011295180722890041,0.10206957617025525,0.07489606216078792,-0.03700350797782059,0
2022-11-21,84.98,85.21,84.87,85.1,2506647,-0.03700350797782059,80.3375,82.2898,0.3751785638053876,69.0960719356365,1.4284672192711554,0.17795021408651218,0.027508012408389005,0.2110886016503466,0.046998031496062964,0.1281983295770912,0.0007927519818800022,0.008336188192303418,0.004243119266055029,0.018929422088504566,0.059281157616306146,0.03415004046674075,0.009400705052879044,1
2022-11-22,85.97,86.54,85.33,85.9,3116239,0.009400705052879044,80.574,82.3538,0.37280213337330487,73.89635316698654,1.5148695595188002,0.4453340831729698,0.027462947342634138,0.24319020588060458,-0.014908256880733939,0.13100724160631994,-0.03700350797782059,0.0007927519818800022,0.008336188192303418,0.07283464566929143,0.06610072728175354,0.043060550939968856,-0.044703143189755545,0
2022-11-23,82.14,82.33,81.87,82.06,1753899,-0.044703143189755545,80.6615,82.288,0.407461102447229,60.392658984208275,1.2589754436499163,0.6080623552683592,0.032242486739102336,-0.43717442725028477,-0.06292109169807003,0.05178159446295827,0.009400705052879044,-0.03700350797782059,0.0007927519818800022,0.004243119266055029,0.017337887344023972,-0.002770756367878602,-0.0017060687301974076,0
2022-11-24,81.94,82.6,81.25,81.92,2014601,-0.0017060687301974076,80.8015,82.2176,0.4031802935930277,66.12149532710279,1.0329732110614742,0.6930445264269822,0.03181106352616203,0.14864139839295198,-0.07225368063420157,0.028112449799196693,-0.044703143189755545,0.009400705052879044,-0.03700350797782059,0.008336188192303418,0.013842564803871138,-0.0036196629432141414,-0.006225585937500111,0
2022-11-25,81.1,82.25,80.26,81.41,2389060,-0.006225585937500111,80.98299999999999,82.13119999999999,0.39825537457639754,63.906976744186,0.8034503996481988,0.7151257010712256,0.031949633938042406,0.18587253753969146,-0.07875976009958141,0.02055910743387246,-0.0017060687301974076,-0.044703143189755545,0.009400705052879044,0.0007927519818800022,0.005272711556746579,-0.008781072235642395,-0.0674364328706547,0
2022-11-28,76.03,76.53,75.43,75.92,1964471,-0.0674364328706547,80.953,81.9468,0.4660553653484617,49.94333207404609,0.1765199872913854,0.6074045583152576,0.038094227983058435,-0.17772220036332287,-0.10787309048178606,-0.06594488188976377,-0.006225585937500111,-0.0017060687301974076,-0.044703143189755545,-0.03700350797782059,-0.06217187750917197,-0.0735452757154641,0.0048735511064279535,1
2022-11-29,76.32,76.66,75.95,76.29,2004425,0.0048735511064279535,80.916,81.7726,0.465759753864602,46.50787242632219,-0.2871607629858062,0.4284914940550449,0.026837058371442755,0.020338299725473075,-0.11187427240977876,-0.12511467889908257,-0.0674364328706547,-0.006225585937500111,-0.0017060687301974076,0.009400705052879044,-0.05717039893222586,-0.06704690813304204,0.040372263730501956,1
2022-11-30,79.89,80.05,79.21,79.37,3619724,0.040372263730501956,81.0875,81.6568,0.4837639654134594,49.40817105765559,-0.4014729090663849,0.262498613430759,0.03144423824129734,0.8058665203237836,-0.03278089203022172,-0.09363937421491364,0.0048735511064279535,-0.0674364328706547,-0.006225585937500111,-0.044703143189755545,-0.021180823184831166,-0.02800501611623285,0.020914703288396064,1
2022-12-01,80.78,81.61,80.2,81.03,1018994,0.020914703288396064,81.27950000000001,81.562,0.4857045598732709,52.26945244956772,-0.3540368650091068,0.13919151774278582,0.032464485245010444,-0.7184884814422314,-0.0108642578125,-0.08233295583238953,0.040372263730501956,0.0048735511064279535,-0.0674364328706547,-0.0017060687301974076,-0.003069654709982328,-0.006522645349549938,-0.006293965198074902,0
2022-12-02,80.77,81.49,79.81,80.52,2248764,-0.006293965198074902,81.5545,81.45259999999999,0.4732566023064396,48.57997010463377,-0.3535210257618502,0.04064900904185863,0.03232652774051155,1.2068471453217584,-0.010932317897064281,-0.08883105126174051,0.020914703288396064,0.040372263730501956,0.0048735511064279535,-0.006225585937500111,-0.012684769080798852,-0.011449603818662557,0.018628912071535053,1
2022-12-05,81.91,82.04,81.89,82.02,1724073,0.018628912071535053,81.884,81.3706,0.47610732040063003,38.406445837063565,-0.2294300289070179,-0.013366798547916683,0.03171103600100757,-0.2333241727455616,0.08034773445732335,-0.03619271445358396,-0.006293965198074902,0.020914703288396064,0.040372263730501956,-0.0674364328706547,0.0016608861316007584,0.007980769467104798,0.06437454279444044,1
2022-12-06,87.21,87.58,86.93,87.3,1513504,0.06437454279444044,82.4515,81.4152,0.5213132029211237,49.504587155963314,0.2916034304966928,0.047627247261005215,0.03823547185562929,-0.12213461958977379,0.14431773495871014,0.016298020954598202,0.018628912071535053,-0.006293965198074902,0.020914703288396064,0.0048735511064279535,0.05880426675075645,0.07228134304159428,0.005841924398625409,1
2022-12-07,88.26,88.41,87.66,87.81,1874545,0.005841924398625409,82.941,81.4642,0.516065590573883,49.09359970403257,0.7371811729868227,0.18553803240616873,0.03449213325858178,0.23854644586337392,0.106337407080761,0.07007067999025107,0.06437454279444044,0.018628912071535053,-0.006293965198074902,0.040372263730501956,0.058704380222085684,0.07789679392911242,-0.0040997608472839175,0
2022-12-08,87.41,87.7,87.17,87.45,2308277,-0.0040997608472839175,83.3295,81.48360000000001,0.5142402733205557,48.31625183016105,1.049161670117428,0.3582627599484206,0.03457006125955469,0.2313798815179151,0.07922991484635333,0.0675048828125,0.005841924398625409,0.06437454279444044,0.018628912071535053,0.020914703288396064,0.049448274620632615,0.07322209622549813,0.0030874785591765708,1
2022-12-09,87.93,88.49,87.16,87.72,2697914,0.0030874785591765708,83.727,81.5608,0.5140836695427458,55.38651315789475,1.3031730377255428,0.5472448155038451,0.03429569269462338,0.16879993172396546,0.08941877794336817,0.0775089055398599,-0.0040997608472839175,0.005841924398625409,0.06437454279444044,-0.006293965198074902,0.04769070909025763,0.07551666977273386,-0.025079799361605093,0
2022-12-12,85.55,85.59,85.48,85.52,1615005,-0.025079799361605093,83.939,81.63380000000001,0.5222316482814299,49.261275272161726,1.311835242686584,0.7001629009403929,0.02540282206651866,-0.4013875164293599,0.04267251889782986,0.12644889357218125,0.0030874785591765708,-0.0040997608472839175,0.005841924398625409,0.018628912071535053,0.018835106446347893,0.04760528114579965,0.00736669784845656,1
2022-12-13,85.91,86.44,85.62,86.15,2560270,0.00736669784845656,83.8865,81.7046,0.453380351440094,59.08485117725455,1.353928591386122,0.8309160390295388,0.02533439388799168,0.5853015934935186,-0.013172966781214157,0.12924367544894477,-0.025079799361605093,0.0030874785591765708,-0.0040997608472839175,0.06437454279444044,0.026982887592163385,0.054408197335278574,-0.004643064422518939,0
2022-12-14,85.7,86.56,84.89,85.75,3378680,-0.004643064422518939,83.7955,81.7316,0.45331848987512574,58.410188844971444,1.3395694931719646,0.9326467298580241,0.023785814027301146,0.31965769235275965,-0.023459742626124602,0.08038301625299216,0.00736669784845656,-0.025079799361605093,0.0030874785591765708,0.005841924398625409,0.023324641538029933,0.04916580612639421,0.008746355685131268,1
2022-12-15,86.38,86.72,86.16,86.5,2180185,0.008746355685131268,83.7055,81.82260000000001,0.45342877560622974,61.060408518035636,1.3728827980677494,1.0206939434999693,0.02335970617276638,-0.35472285034392126,-0.010863350485992074,0.06750586202640996,-0.004643064422518939,0.00736669784845656,-0.025079799361605093,-0.0040997608472839175,0.03338490302309882,0.057165135304915626,0.001040462427745803,1
2022-12-16,86.53,86.77,86.36,86.59,2595178,0.001040462427745803,83.6165,81.9498,0.45344000625208813,80.29528676888128,1.3905170648884564,1.0946585677776668,0.023015761495856792,0.19034760811582507,-0.012881896944824445,0.07538499751614514,0.008746355685131268,-0.004643064422518939,0.00736669784845656,0.0030874785591765708,0.03556116316755675,0.05662246887728828,-0.06721330407668336,0
2022-12-19,81.21,81.39,80.59,80.77,2700460,-0.06721330407668336,83.4,81.9486,0.49624321846077385,59.713790112749315,0.9242132333105246,1.0605695008842384,0.032478013370270016,0.040568315545215006,-0.055542563143124446,-0.015240185320653521,0.001040462427745803,0.008746355685131268,-0.004643064422518939,-0.025079799361605093,-0.03153477218225431,-0.014382185906775757,-0.025752135693945744,0
2022-12-20,78.8,78.84,78.65,78.69,2669823,-0.025752135693945744,83.0395,81.8892,0.5010670368582182,48.4587488667271,0.3824172030621611,0.9249390413198231,0.02359265579898227,-0.01134510416743817,-0.08659315147997693,-0.09862542955326459,-0.06721330407668336,0.001040462427745803,0.008746355685131268,0.00736669784845656,-0.052378687251247946,-0.03906742281033404,-0.002287457110179081,0
2022-12-21,78.1,78.87,77.73,78.51,1448743,-0.002287457110179081,82.862,81.78020000000001,0.477307584320486,43.877551020408184,-0.060783871383861765,0.7277944587790862,0.023118732794754505,-0.45736365294628145,-0.08443148688046642,-0.10591048855483431,-0.025752135693945744,-0.06721330407668336,0.001040462427745803,-0.004643064422518939,-0.052521059110327895,-0.039987674278125995,0.008024455483377935,1
2022-12-22,79.58,79.68,79.04,79.14,3135612,0.008024455483377935,82.723,81.70639999999999,0.4785741416633517,46.66666666666668,-0.35707207647534744,0.5108211517281994,0.023821262931470792,1.1643673170465707,-0.0850867052023121,-0.09502572898799311,-0.002287457110179081,-0.025752135693945744,-0.06721330407668336,0.008746355685131268,-0.04331322606771992,-0.03141002418415184,-0.0037907505686125553,0
2022-12-23,78.92,79.29,78.47,78.84,2385197,-0.0037907505686125553,82.59450000000001,81.6458,0.478318934188821,41.846153846153875,-0.6090691365729697,0.2868430940679656,0.02350919497683534,-0.2393201072071417,-0.0895022519921469,-0.10123119015047877,0.008024455483377935,-0.002287457110179081,-0.025752135693945744,0.001040462427745803,-0.0454570219566679,-0.034365515433739335,0.01255707762557079,1
2022-12-26,80.04,80.13,79.74,79.83,3928035,0.01255707762557079,82.78999999999999,81.6168,0.4108467582943048,25.44378698224854,-0.7205874128708416,0.08535699268020416,0.02390007083563166,0.6468388145717103,-0.011637984400148516,-0.06653414405986902,-0.0037907505686125553,0.008024455483377935,-0.002287457110179081,-0.06721330407668336,-0.035753110279019173,-0.021892551533507776,0.00025053238131023114,1
2022-12-27,80.23,80.37,79.71,79.85,2688203,0.00025053238131023114,82.968,81.5708,0.41087000846148003,22.961956521739097,-0.7981520178008594,-0.09134480941600855,0.0235414207837447,-0.3156366987565029,0.014741390265599064,-0.07312826465467226,0.01255707762557079,-0.0037907505686125553,0.008024455483377935,-0.025752135693945744,-0.03758075402564853,-0.021095784275745877,-0.0037570444583593376,0
2022-12-28,79.35,79.73,79.16,79.55,1494813,-0.0037570444583593376,82.977,81.5168,0.3861842019680422,23.055934515688918,-0.8737578818594045,-0.24782742390468776,0.023554223910574865,-0.4439359676333967,0.013246720163036407,-0.07230320699708459,0.00025053238131023114,0.01255707762557079,-0.0037907505686125553,-0.002287457110179081,-0.04130060137146441,-0.02412754180733301,0.032809553739786335,1
2022-12-29,82.24,82.49,81.91,82.16,3237104,0.032809553739786335,83.0335,81.5054,0.3967306908834884,33.647058823529406,-0.7148307624538717,-0.3412280916145246,0.026421082774667263,1.165557832317487,0.03816022239070005,-0.05017341040462431,-0.0037570444583593376,0.00025053238131023114,0.01255707762557079,0.008024455483377935,-0.0105198504218178,0.008031369700657986,-0.030063291139240444,0
2022-12-30,79.65,79.88,79.47,79.69,3471979,-0.030063291139240444,82.99199999999999,81.4614,0.4112261783021947,33.12101910828025,-0.7792060305839641,-0.4288236794084125,0.02746574274193556,0.07255713749079429,0.010781329274479834,-0.07968587596720178,0.032809553739786335,-0.0037570444583593376,0.00025053238131023114,-0.0037907505686125553,-0.03978696741854626,-0.021745268311126442,-0.02585016940645002,0
2023-01-02,77.55,77.98,77.2,77.63,3081757,-0.02585016940645002,82.77250000000001,81.3728,0.4145135853677482,27.219251336898353,-0.9850931377447694,-0.5400775710756839,0.01950553312510041,-0.1123918088214243,-0.02755856194413131,-0.038875820230283575,-0.030063291139240444,0.032809553739786335,-0.0037570444583593376,0.01255707762557079,-0.06212812226282893,-0.04599571355538956,-0.016359654772639343,0
2023-01-03,76.29,76.56,76.08,76.36,1881626,-0.016359654772639343,82.2255,81.2766,0.3330142617906606,26.00919775166068,-1.2364851090218139,-0.6793590786649099,0.018532118550222684,-0.38943076952530653,-0.043706950532247935,-0.02960986148176381,-0.02585016940645002,-0.030063291139240444,0.032809553739786335,0.00025053238131023114,-0.07133431842919769,-0.06049219578574894,0.05356207438449445,1
2023-01-04,80.47,80.62,80.3,80.45,1930792,0.05356207438449445,81.8575,81.2794,0.3939059087968357,36.796158882584024,-1.0930858260163916,-0.7621044281352063,0.025735129487122817,0.026129528397247803,0.011313639220616123,0.02471022799643352,-0.016359654772639343,-0.02585016940645002,-0.030063291139240444,-0.0037570444583593376,-0.01719451485813761,-0.010204307610538366,-0.06264760720944695,0
2023-01-05,75.68,75.88,75.21,75.41,3667655,-0.06264760720944695,81.25550000000001,81.20519999999999,0.44541551525159745,29.93539124192388,-1.3703304239350302,-0.883749627295171,0.03284405632241701,0.8995598697322136,-0.08215676728334953,-0.04713166540308322,0.05356207438449445,-0.016359654772639343,-0.02585016940645002,0.032809553739786335,-0.07193974561721994,-0.0713648879628398,-0.06723246253812487,0
2023-01-06,70.5,70.9,69.94,70.34,1755983,-0.06723246253812487,80.3865,81.0564,0.4918172621922692,30.763555883437846,-1.9763729958207534,-1.1022743010002876,0.038387886210487165,-0.5212245971881215,-0.11732965240306181,-0.10781329274479956,-0.06264760720944695,0.05356207438449445,-0.016359654772639343,-0.030063291139240444,-0.12497745268173133,-0.13220917780705777,0.009525163491612254,1
2023-01-09,71.07,71.82,70.26,71.01,2802236,0.009525163491612254,79.661,80.9462,0.4935625753316128,35.05836575875486,-2.375222612018163,-1.3568639632038628,0.038195517072371385,0.5958218274322702,-0.08527631070462438,-0.11048478015783536,-0.06723246253812487,-0.06264760720944695,0.05356207438449445,-0.02585016940645002,-0.10859768268035797,-0.12275066649206512,-0.02478524151527961,0
2023-01-10,69.5,70.26,68.5,69.25,2227247,-0.02478524151527961,78.816,80.7906,0.4928014513280727,33.027859237536646,-2.801042424001679,-1.6456996553634262,0.038198377359177665,-0.20518935592862275,-0.09311157674174964,-0.13274890419536622,0.009525163491612254,-0.06723246253812487,-0.06264760720944695,-0.016359654772639343,-0.12137129516849376,-0.14284582612333607,0.034801444043321306,1
2023-01-11,71.16,72.12,70.7,71.66,1715667,0.034801444043321306,78.1115,80.705,0.518144595225017,37.130075705437015,-2.9104905111796313,-1.8986578265266671,0.04112301380934448,-0.22969163276457438,-0.1092604101926663,-0.09918290383406658,-0.02478524151527961,0.009525163491612254,-0.06723246253812487,0.05356207438449445,-0.08259347215198798,-0.11207484046837246,0.009070611219648361,1
2023-01-12,72.32,72.62,72.01,72.31,1808176,0.009070611219648361,77.402,80.6074,0.5182883452893128,38.898333900034004,-2.9112206021460594,-2.1011703816505456,0.03903338705217445,0.0539201371827982,-0.041108606285638394,-0.11988802336903592,0.034801444043321306,-0.02478524151527961,0.009525163491612254,-0.06264760720944695,-0.0657864137877574,-0.10293595873331729,0.003595629926704369,1
2023-01-13,72.65,72.98,72.23,72.57,1689360,0.003595629926704369,76.701,80.5584,0.5189848464203487,37.343096234309606,-2.857875566838885,-2.2525114186882136,0.03875271483395442,-0.06571041756997109,0.031703156098947805,-0.08934621658928354,0.009070611219648361,0.034801444043321306,-0.02478524151527961,-0.06723246253812487,-0.05385848945906835,-0.09916284335339343,-0.039410224610720634,0
2023-01-16,69.78,70.26,69.23,69.71,2612231,-0.039410224610720634,76.148,80.444,0.48540601684277423,33.91497461928934,-3.01166078912712,-2.404341292775995,0.03964901824455584,0.546284391722309,-0.018307280664695225,-0.10202241401520029,0.003595629926704369,0.009070611219648361,0.034801444043321306,0.009525163491612254,-0.08454588433051424,-0.13343443886430317,0.026825419595466915,1
2023-01-17,71.89,72.91,70.56,71.58,1688100,0.026825419595466915,75.79249999999999,80.3566,0.49410464822992284,37.95708673315201,-2.9486530767988057,-2.513203649580557,0.04119943224239677,-0.35377078060860623,0.03364620938628149,-0.06259821896280782,-0.039410224610720634,0.003595629926704369,0.009070611219648361,-0.02478524151527961,-0.05557937790678491,-0.10922064895727301,-0.01452919810002784,0
2023-01-18,70.57,70.88,70.23,70.54,2023559,-0.01452919810002784,75.394,80.207,0.4953662480082531,31.56725888324874,-2.948648138914237,-2.6002925474472933,0.03556372844806531,0.1987198625673834,-0.015629360870778597,-0.12318210068365443,0.026825419595466915,-0.039410224610720634,0.003595629926704369,0.034801444043321306,-0.06438178104358439,-0.12052563990674114,0.017011624610150156,1
2023-01-19,72.03,72.59,71.18,71.74,1925028,0.017011624610150156,75.02399999999999,80.0482,0.4994791772157182,36.85950413223139,-2.819314946680862,-2.644097027294007,0.03180007196240445,-0.048691933370857976,-0.007882727147005997,-0.04866728550590105,-0.01452919810002784,0.026825419595466915,-0.039410224610720634,0.009070611219648361,-0.04377265941565356,-0.1037899665451566,-0.015054362977418467,0
2023-01-20,70.62,72.03,69.24,70.66,2390564,-0.015054362977418467,74.615,79.866,0.5008889520035993,38.09361120601298,-2.772010423458923,-2.6696797065269906,0.02358508537683885,0.24183336554065704,-0.026319415736530183,0.004549331816889213,0.017011624610150156,-0.01452919810002784,0.026825419595466915,0.003595629926704369,-0.0530054278630302,-0.1152680740239902,-0.010189640532125677,0
2023-01-23,70.08,70.09,69.93,69.94,2943489,-0.010189640532125677,74.1205,79.63919999999999,0.4968149483502291,38.823119777158766,-2.760794510125976,-2.687902667246788,0.0235898759875855,0.23129479068537795,0.0032993831588008504,-0.015068300239402976,-0.015054362977418467,0.017011624610150156,-0.01452919810002784,-0.039410224610720634,-0.056401400422285475,-0.12178926960592262,0.0012868172719473492,1
2023-01-24,70.05,71.29,68.79,70.03,1206996,0.0012868172719473492,73.6295,79.2958,0.4970048080124006,28.923948220064702,-2.7133655807611063,-2.692995249949652,0.02209511687566652,-0.5899437708107623,-0.021654093322156953,0.011263537906137211,-0.010189640532125677,-0.015054362977418467,0.017011624610150156,0.026825419595466915,-0.04888665548455429,-0.11685108164619062,-0.002570327002713202,0
2023-01-25,69.8,70.27,69.39,69.85,2351901,-0.002570327002713202,73.1445,78.94139999999999,0.4970958850902347,36.002014098690815,-2.6596435924466135,-2.6863249184490443,0.01870759173150238,0.9485574102979628,-0.009781684150836578,-0.02525816355009769,0.0012868172719473492,-0.010189640532125677,-0.015054362977418467,-0.01452919810002784,-0.045040980524851504,-0.11516643991619091,-0.016034359341445814,0
2023-01-26,68.84,69.48,68.1,68.73,1636535,-0.016034359341445814,72.473,78.55,0.47630633266611366,44.94028912633563,-2.676589116217926,-2.684377758002821,0.018682265160880823,-0.30416501374845284,-0.04195706718706427,-0.049509058221546054,-0.002570327002713202,0.0012868172719473492,-0.010189640532125677,0.017011624610150156,-0.051646820195107024,-0.12501591343093565,-0.009602793539939092,0
2023-01-27,68.19,68.99,67.26,68.07,1921493,-0.009602793539939092,71.89200000000001,78.144,0.46948200021067915,40.75471698113204,-2.7120126563097813,-2.689904737664213,0.01847996767275393,0.17412276547705985,-0.03665440135861875,-0.06200909466721782,-0.016034359341445814,-0.002570327002713202,0.0012868172719473492,-0.015054362977418467,-0.053163077950258986,-0.12891584766584785,-0.047304245629499087,0
2023-01-30,64.68,64.89,64.65,64.85,2116014,-0.047304245629499087,71.253,77.73899999999999,0.4865142139855267,37.327188940092135,-2.9657261118653935,-2.7450690125044495,0.02014825514581029,0.10123430061936212,-0.07277666571346875,-0.06971740065987664,-0.009602793539939092,-0.016034359341445814,-0.002570327002713202,-0.010189640532125677,-0.08986288296633127,-0.16579837661920016,0.008481110254433544,1
2023-01-31,65.59,66.18,64.81,65.4,3565729,0.008481110254433544,70.705,77.32900000000001,0.48917629753654474,29.80645161290326,-3.086832367792269,-2.8134216835620136,0.01736802021776159,0.6851159774935327,-0.06611452234756521,-0.0863369656328582,-0.047304245629499087,-0.009602793539939092,-0.016034359341445814,0.0012868172719473492,-0.0750300544515945,-0.15426295438968562,0.01162079510703351,1
2023-02-01,66.11,66.79,65.49,66.16,3517445,0.01162079510703351,69.9905,77.011,0.44021614903949907,30.30108904548362,-3.0859118290706675,-2.8679197126637446,0.018358404658708003,-0.013541130018574044,-0.05282748747315669,-0.062092429827048656,0.008481110254433544,-0.047304245629499087,-0.009602793539939092,-0.002570327002713202,-0.054728856059036546,-0.14090194907221043,-0.004987908101571903,0
2023-02-02,65.85,66.29,65.39,65.83,1878520,-0.004987908101571903,69.51149999999998,76.6892,0.3926486004862317,28.507653061224488,-3.076348309228152,-2.909605431976626,0.01648570846950355,-0.46594189816756193,-0.04219409282700426,-0.08238081962642874,0.01162079510703351,0.008481110254433544,-0.047304245629499087,-0.016034359341445814,-0.052962459449155674,-0.14160012100791253,0.04010329636943655,1
2023-02-03,67.92,68.78,67.61,68.47,2005410,0.04010329636943655,69.41799999999999,76.4304,0.35544977773830333,45.9896507115136,-2.823199132038397,-2.8923241719889803,0.022246035796165776,0.06754785682345665,0.0058763038049067795,-0.030993489951882225,-0.004987908101571903,0.01162079510703351,0.008481110254433544,-0.009602793539939092,-0.013656400357255905,-0.10415227448763853,0.041916167664670656,1
2023-02-06,71.33,71.6,71.07,71.34,3629810,0.041916167664670656,69.4345,76.33879999999999,0.38561607186013874,49.27095990279467,-2.363743803675632,-2.786608098326311,0.026119126890756968,0.8100089258555607,0.10007710100231315,0.020017157563626098,0.04010329636943655,-0.004987908101571903,0.01162079510703351,-0.047304245629499087,0.02744312985619546,-0.06548177335771577,-0.01387720773759471,0
2023-02-07,69.95,70.63,69.67,70.35,2487523,-0.01387720773759471,69.48949999999999,76.22,0.377993579458544,49.421084704448475,-2.0558087879649065,-2.64044823625403,0.026619296489899972,-0.3146960860210314,0.07568807339449513,0.004569470227045347,0.041916167664670656,0.04010329636943655,-0.004987908101571903,0.008481110254433544,0.012383165802027696,-0.07701390711099454,0.04420753375977249,1
2023-02-08,73.66,74.23,72.89,73.46,4239167,0.04420753375977249,69.5795,76.1018,0.39040146853970414,54.6943231441048,-1.5430299718044722,-2.4209645833641185,0.02987698976011166,0.7041719815253971,0.11033857315598539,0.05168217609162484,-0.01387720773759471,0.041916167664670656,0.04010329636943655,0.01162079510703351,0.05577073707054514,-0.03471402778909305,-0.028450857609583324,0
2023-02-09,71.21,72.36,70.22,71.37,1676796,-0.028450857609583324,69.5325,75.9086,0.40329279561619996,51.83652353854115,-1.2904194466439662,-2.194855556020088,0.031102053807985447,-0.6044515349359909,0.0841561598055598,0.03841117415975548,0.04420753375977249,-0.01387720773759471,0.041916167664670656,-0.004987908101571903,0.026426491209146974,-0.0597903267877421,0.009387697912287996,1
2023-02-10,71.94,72.33,71.64,72.04,3076048,0.009387697912287996,69.506,75.739,0.4045660805069918,55.44605809128633,-1.0243522893627386,-1.9607549026886184,0.030742603086069527,0.8344795669837,0.052139623192639206,0.058322315263699354,-0.028450857609583324,0.04420753375977249,-0.01387720773759471,0.04010329636943655,0.03645728426322914,-0.048838775267695644,0.006801776790671843,1
2023-02-13,72.5,72.67,72.36,72.53,1726606,0.006801776790671843,69.647,75.5492,0.3772836927906551,56.351626016260155,-0.7651332654032217,-1.721630575231539,0.024405506447310963,-0.43869341440705734,0.01668068404821965,0.11842713955281425,0.009387697912287996,-0.028450857609583324,0.04420753375977249,0.041916167664670656,0.041394460637213415,-0.03996336162394831,-0.0009651178822557283,0
2023-02-14,72.18,72.79,71.85,72.46,729389,-0.0009651178822557283,69.691,75.2524,0.36600429330082096,56.66836995401124,-0.5589060156867589,-1.489085663322583,0.0247170284129854,-0.5775590957056793,0.029992892679459926,0.10795107033639129,0.006801776790671843,0.009387697912287996,-0.028450857609583324,-0.01387720773759471,0.03973253361266149,-0.03710712216487444,-0.009108473640629278,0
2023-02-15,71.8,72.22,71.38,71.8,2686155,-0.009108473640629278,69.754,74.93220000000001,0.3634778917948657,58.032443746729435,-0.4436122329666006,-1.2799909772513867,0.02547718857006781,2.6827467921781105,-0.022597331881295868,0.08524788391777505,-0.0009651178822557283,0.006801776790671843,0.009387697912287996,0.04420753375977249,0.029331651231470524,-0.041800454277333476,0.072841225626741,1
2023-02-16,76.75,77.73,76.05,77.03,1654285,0.072841225626741,70.0185,74.7238,0.44147970494962074,68.91891891891893,0.06898104105025027,-1.0101965735910594,0.031960909532918205,-0.38414387851780707,0.07930503012470225,0.17013519671882116,-0.009108473640629278,-0.0009651178822557283,0.006801776790671843,-0.028450857609583324,0.10013782071880994,0.03086299144315463,-0.012073218226665072,0
2023-02-17,76.06,76.4,75.76,76.1,2660601,-0.012073218226665072,70.2905,74.4914,0.439903897966708,76.29733520336605,0.3956113150970566,-0.7290349958534363,0.03189949340831124,0.6083087255219022,0.056357579122709334,0.11143566525485604,0.072841225626741,-0.009108473640629278,-0.0009651178822557283,0.009387697912287996,0.08264986022293197,0.021594439089613005,-0.03666228646517733,0
2023-02-20,73.51,74.79,72.03,73.31,1955507,-0.03666228646517733,70.45899999999999,74.2472,0.4608273542497497,66.7371984765129,0.42444573134343955,-0.4983388504140611,0.0331114366460575,-0.2650130553209594,0.010754170687991227,0.027614241659657868,-0.012073218226665072,0.072841225626741,-0.009108473640629278,0.006801776790671843,0.04046324813011837,-0.012622698229697638,0.00913927158641381,1
2023-02-21,74.26,74.51,73.73,73.98,3188190,0.00913927158641381,70.6565,74.0038,0.4613392495287049,66.61002548853017,0.4956471032590599,-0.2995416596794369,0.032587502640261896,0.6303649130378977,0.02097709080872212,0.05159914712153535,-0.03666228646517733,-0.012073218226665072,0.072841225626741,-0.0009651178822557283,0.04703742755443607,-0.00032160510676471077,0.0,0
2023-02-22,74.3,74.76,73.52,73.98,1253431,0.0,70.863,73.7684,0.4610071549220326,67.55708746230074,0.5457832538680663,-0.13047667696993628,0.02961811292018419,-0.6068518501093096,0.030362116991643484,0.007078682276068671,0.00913927158641381,-0.03666228646517733,-0.012073218226665072,-0.009108473640629278,0.04398628339189714,0.0028684368916771508,0.00878615842119479,1
2023-02-23,74.58,75.56,73.66,74.63,1187187,0.00878615842119479,71.158,73.53099999999999,0.45560830978776073,64.51460885956644,0.6306958134179297,0.02175782110763691,0.027774744638595736,-0.05285013694411578,-0.031156692197845115,0.04567745551352087,0.0,0.00913927158641381,-0.03666228646517733,0.072841225626741,0.04879282722954548,0.014946077164733396,0.006833712984054774,1
2023-02-24,74.92,75.31,74.76,75.14,3460144,0.006833712984054774,71.5115,73.30199999999999,0.4525799387336345,60.074231177094376,0.7307190915448274,0.163550075195075,0.027739742437931824,1.9145736939504898,-0.012614980289093247,0.04303164908384227,0.00878615842119479,0.0,0.00913927158641381,-0.012073218226665072,0.050740090754633815,0.025074349949524066,-0.004258717061485284,0
2023-02-27,74.94,74.98,74.78,74.82,2986622,-0.004258717061485284,72.01,73.18299999999999,0.4099639089805775,62.2869708631116,0.775230559119521,0.28588617197996424,0.027860635658861658,-0.13685037385727294,0.020597462829081925,0.031573142148076494,0.006833712984054774,0.00878615842119479,0.0,-0.03666228646517733,0.039022358005832425,0.022368582867605902,-0.043838545843357224,0
2023-02-28,71.88,72.19,71.23,71.54,2284085,-0.043838545843357224,72.31700000000001,73.04,0.44853199226019314,44.77124183006539,0.5396172581125853,0.33663238920648847,0.03165633962348643,-0.23522795988243572,-0.03298188699648552,-0.012696660226331646,-0.004258717061485284,0.006833712984054774,0.00878615842119479,0.00913927158641381,-0.010744361630045551,-0.020536692223439235,-0.04934302488118536,0
2023-03-01,67.84,68.19,67.66,68.01,1259229,-0.04934302488118536,72.40950000000001,72.83,0.48692316423446236,41.51515151515151,0.06727501649048406,0.28276091466328757,0.035185041317886946,-0.4486943349306177,-0.08069748580697489,-0.05278551532033415,-0.043838545843357224,-0.004258717061485284,0.006833712984054774,0.0,-0.06075860211712558,-0.06618151860497035,-0.005734450816056502,0
2023-03-02,67.9,68.3,67.22,67.62,2755096,-0.005734450816056502,72.499,72.5996,0.4870688435385631,38.678278688524586,-0.33467146929881153,0.15927443787086776,0.022331196210517643,1.1879229274421093,-0.09393005493769246,-0.12216019732571726,-0.04934302488118536,-0.043838545843357224,-0.004258717061485284,0.00878615842119479,-0.06729747996524083,-0.06858990958627864,-0.01449275362318847,0
2023-03-03,66.62,66.73,66.54,66.64,4916289,-0.01449275362318847,72.4075,72.3556,0.468294578262797,35.28235882058971,-0.7239495254664945,-0.017370354796604676,0.022336575620956454,0.7844347347606035,-0.1131221719457014,-0.12431011826544014,-0.005734450816056502,-0.04934302488118536,-0.043838545843357224,0.006833712984054774,-0.07965335082691705,-0.0789931947216248,0.006302521008403339,1
2023-03-06,66.53,67.64,65.95,67.06,1797961,0.006302521008403339,72.1935,72.1002,0.44135056107047915,36.73870333988214,-0.98718504496577,-0.21133329283043775,0.02138197587721536,-0.6342849250725496,-0.10371558406843084,-0.08525439912699495,-0.01449275362318847,-0.005734450816056502,-0.04934302488118536,-0.004258717061485284,-0.07110750967884916,-0.06990549263386225,-0.005517447062332259,0
2023-03-07,66.71,67.98,65.41,66.69,1774249,-0.005517447062332259,72.01050000000001,71.837,0.4395428150242244,37.26955655206777,-1.2116893973373948,-0.4114045137318292,0.02051087130983426,-0.013188272715592864,-0.06779424098406495,-0.0985401459854015,0.006302521008403339,-0.01449275362318847,-0.005734450816056502,-0.043838545843357224,-0.07388505842897919,-0.07164831493520063,0.0022492127755286973,1
2023-03-08,67.22,67.62,66.44,66.84,1508548,0.0022492127755286973,71.67949999999999,71.58279999999999,0.404486410459745,16.010673782521707,-1.3618088825591883,-0.6014853874973011,0.02064613991933325,-0.1497540649593152,-0.017203352448169396,-0.09651257096512567,-0.005517447062332259,0.006302521008403339,-0.01449275362318847,-0.04934302488118536,-0.06751581693510678,-0.06625613974306666,-0.043387193297426796,0
2023-03-09,64.08,64.64,63.37,63.94,2570373,-0.043387193297426796,71.308,71.2184,0.4194607115641429,14.150943396226438,-1.6952437056525156,-0.8202370511283441,0.021950050469793994,0.7038722002879589,-0.054421768707483054,-0.14323998392067527,0.0022492127755286973,-0.005517447062332259,0.006302521008403339,-0.005734450816056502,-0.1033264149885007,-0.10219830830234888,-0.011729746637472616,0
2023-03-10,63.4,63.41,63.19,63.19,2005318,-0.011729746637472616,70.8655,70.8884,0.4164391314597638,16.08579088471852,-1.9969918581540895,-1.055588012533493,0.020632660120578877,-0.21983385290772972,-0.051770708283313316,-0.15903646526483906,-0.043387193297426796,0.0022492127755286973,-0.005517447062332259,-0.01449275362318847,-0.10831081414792809,-0.10859886807996799,0.002215540433612828,1
2023-03-13,63.41,63.73,63.01,63.33,1179545,0.002215540433612828,70.40549999999999,70.6024,0.4148540393607744,12.995135510771377,-2.1994783952062846,-1.2843660890680515,0.021170581135501774,-0.4117915462784456,-0.055621831195943994,-0.15356856455493173,-0.011729746637472616,-0.043387193297426796,0.0022492127755286973,0.006302521008403339,-0.1004964100815986,-0.10300499699726928,-0.03394915521869568,0
2023-03-14,60.87,61.44,60.61,61.18,1666513,-0.03394915521869568,69.84150000000001,70.29879999999999,0.4254694595319249,11.305925030229773,-2.504566384119471,-1.5284061480783355,0.019937759796527663,0.4128439355853317,-0.08262108262108259,-0.14481409001956957,0.002215540433612828,-0.011729746637472616,-0.043387193297426796,-0.005517447062332259,-0.1240165231273671,-0.12971487422260386,0.03857469761359922,1
2023-03-15,63.09,63.93,62.7,63.54,3014615,0.03857469761359922,69.4285,69.9606,0.4564864411916409,19.616438356164437,-2.526791259944673,-1.7280831704516033,0.022496980763276605,0.8089357838792737,-0.04937163375224418,-0.06572562858403186,-0.03394915521869568,0.002215540433612828,-0.011729746637472616,0.0022492127755286973,-0.08481387326530176,-0.09177451308307816,0.017784073024866176,1
2023-03-16,64.46,65.06,64.07,64.67,1396393,0.017784073024866176,68.8105,69.7458,0.36313125921746936,22.2575516693164,-2.425266119808356,-1.8675197603229539,0.023783865470109765,-0.5367922603715566,0.011416953393806661,-0.043626146110618214,0.03857469761359922,-0.03394915521869568,0.002215540433612828,-0.043387193297426796,-0.06017250274304076,-0.07277570835806602,-0.005566723364775039,0
2023-03-17,64.24,65.18,63.38,64.31,2212760,-0.005566723364775039,68.221,69.62519999999999,0.3630058637443088,22.210470650449537,-2.3468032194758024,-1.9633764521535237,0.023520490480636105,0.5846255316375835,0.01772432346890329,-0.034963985594237634,0.017784073024866176,0.03857469761359922,-0.03394915521869568,-0.011729746637472616,-0.05732838861934009,-0.07634017568351681,0.0034209298709375613,1
2023-03-20,64.34,64.89,63.98,64.53,2886630,0.0034209298709375613,67.78200000000001,69.4956,0.34882619243290475,27.886435331230302,-2.241035383380776,-2.018908238398974,0.023407120058902782,0.3045382237567562,0.018948365703458148,-0.037727408291082676,-0.005566723364775039,0.017784073024866176,0.03857469761359922,0.002215540433612828,-0.047977339116579754,-0.07145200559459874,-0.005423833875716655,0
2023-03-21,64.03,64.86,63.35,64.18,2634149,-0.005423833875716655,67.292,69.3942,0.3441730291825592,34.88555643251779,-2.1605502082820465,-2.0472366323755886,0.023406282518548902,-0.0874656606492692,0.04903563255966015,-0.037636827110511195,0.0034209298709375613,-0.005566723364775039,0.017784073024866176,-0.03394915521869568,-0.04624621054508704,-0.07513884445674124,0.0009348706762228876,1
2023-03-22,64.39,65.25,63.38,64.24,1071994,0.0009348706762228876,66.805,69.2458,0.34443584280175166,36.30470016207452,-2.068084043081811,-2.051406114516833,0.02337357228324763,-0.59303972554324,0.011016682404784373,-0.03889886295631373,-0.005423833875716655,0.0034209298709375613,-0.005566723364775039,0.03857469761359922,-0.038395329690891544,-0.07229030497156519,0.027085927770859497,1
2023-03-23,66.27,67.35,64.9,65.98,2576652,0.027085927770859497,66.3725,69.1192,0.36114383632152564,47.48091603053437,-1.8332677137302653,-2.0077784343595195,0.020533853980860568,1.403606736604869,0.020256687799597994,0.03190491085392555,0.0009348706762228876,-0.005423833875716655,0.0034209298709375613,0.017784073024866176,-0.0059135937323439025,-0.045417192328614964,-0.022279478629887772,0
2023-03-24,64.18,64.75,63.94,64.51,1411814,-0.022279478629887772,65.84100000000001,68.958,0.36232128901932165,40.98939929328623,-1.7456678236260075,-1.955356312212817,0.02163528614218177,-0.4520742420784801,0.0031099362463069546,0.02088938123120765,0.027085927770859497,0.0009348706762228876,-0.005423833875716655,-0.005566723364775039,-0.020215367324311617,-0.06450303083036046,-0.008060765772748502,0
2023-03-27,63.78,64.89,62.88,63.99,999843,-0.008060765772748502,65.2995,68.8436,0.3621426830797362,40.55944055944058,-1.6986232621639772,-1.904009702203049,0.021881323886741733,-0.29180260289244897,-0.008368200836820106,0.010421601136902048,-0.022279478629887772,0.027085927770859497,0.0009348706762228876,0.0034209298709375613,-0.020053752325821628,-0.07050183314062586,-0.008751367401156451,0
2023-03-28,63.42,64.26,62.59,63.43,2251388,-0.008751367401156451,64.89399999999999,68.6806,0.335965707536343,38.40924541128483,-1.687079822133441,-1.8606237261891276,0.018578905191262353,1.2517415234191769,-0.011685883452789092,0.036776724419745,-0.008060765772748502,-0.022279478629887772,0.027085927770859497,-0.005423833875716655,-0.022559866859802047,-0.07644953596794435,-0.021125650323190914,0
2023-03-29,62.05,62.19,61.95,62.09,1172479,-0.021125650323190914,64.598,68.5116,0.30050096235023877,42.965779467680626,-1.765704422427092,-1.8416398654367208,0.015487678249511711,-0.4792194859348988,-0.0334682440846823,-0.022820270695624756,-0.008751367401156451,-0.008060765772748502,-0.022279478629887772,0.0009348706762228876,-0.0388247314158332,-0.09373011285680088,0.009985504912224163,1
2023-03-30,62.27,62.87,62.11,62.71,1863938,0.009985504912224163,64.3525,68.331,0.3047073939322647,48.15668202764978,-1.7577242155639823,-1.8248567354621732,0.014536862085430705,0.5897410529314384,-0.04956047287056686,-0.03030771609710836,-0.021125650323190914,-0.008751367401156451,-0.008060765772748502,0.027085927770859497,-0.02552348393613313,-0.08226134550935893,-0.010524637218944366,0
2023-03-31,62.6,62.63,62.02,62.05,3128996,-0.010524637218944366,64.123,68.15879999999999,0.30314520013592794,45.273264401772515,-1.7840904441975596,-1.8167034772092507,0.014718374027386476,0.6787017593932845,-0.0381336226941561,-0.035142279583268654,0.009985504912224163,-0.021125650323190914,-0.008751367401156451,-0.022279478629887772,-0.03232849367621615,-0.08962599106791769,0.013698630136986356,1
2023-04-03,63.04,64.4,61.55,62.9,2476222,0.013698630136986356,63.915,68.018,0.30738817118330514,57.02614379084967,-1.7166099629937008,-1.796684774366141,0.015586560373116882,-0.2086209122670658,-0.017033911548679503,-0.02525956919262362,-0.010524637218944366,0.009985504912224163,-0.021125650323190914,-0.008060765772748502,-0.015880466244230673,-0.07524478814431479,0.024960254372019097,1
2023-04-04,64.54,65.21,63.79,64.47,1984635,0.024960254372019097,63.803999999999995,67.9068,0.3227554288128004,54.06113537117904,-1.51893596817024,-1.7411350131269607,0.017752585540692124,-0.1985229918803726,0.01639602711650645,0.00451854160174503,0.013698630136986356,-0.010524637218944366,0.009985504912224163,-0.008751367401156451,0.010438217039684172,-0.050610542684974225,-0.002636885373041742,0
2023-04-05,63.93,65.11,63.12,64.3,2762179,-0.002636885373041742,63.677,67.7958,0.32246963024358666,48.236415633937064,-1.3603146221613116,-1.664970934933831,0.017780836706660558,0.39178186417149763,0.03559349331615391,0.0009339975093400898,0.024960254372019097,0.013698630136986356,-0.010524637218944366,-0.021125650323190914,0.00978375237526885,-0.051563666185810986,0.02597200622083995,1
2023-04-06,66.03,66.07,65.93,65.97,2127504,0.02597200622083995,63.778499999999994,67.7406,0.29660550448377565,57.03389830508473,-1.0873171046653027,-1.5494401688801256,0.01759646685573554,-0.2297733057850342,0.05198532929357347,-0.00015156107911495909,-0.002636885373041742,0.024960254372019097,0.013698630136986356,0.009985504912224163,0.03436110915120305,-0.026137943862321933,0.008185538881309684,1
2023-04-07,66.27,66.56,66.22,66.51,2664894,0.008185538881309684,63.94449999999999,67.7094,0.29302241149646796,58.16831683168318,-0.817962159565397,-1.40314456701718,0.015835951341868312,0.2525917695101867,0.07187751813054,0.03100294527980152,0.02597200622083995,-0.002636885373041742,0.024960254372019097,-0.010524637218944366,0.0401207296952828,-0.0177139363219877,-0.0021049466245677273,0
2023-04-10,66.47,66.65,66.19,66.37,2951474,-0.0021049466245677273,64.0965,67.7398,0.29352294175691146,59.193954659949604,-0.6087756679963547,-1.2442707872130152,0.01547449818644081,0.10753898654130323,0.05516693163752007,0.03719331145491478,0.008185538881309684,0.02597200622083995,-0.002636885373041742,0.013698630136986356,0.035469955457786195,-0.020221494601401213,0.0028627391893927268,1
2023-04-11,66.62,67.23,65.94,66.56,1402346,0.0028627391893927268,64.3655,67.763,0.26005657066095295,59.63455149501662,-0.4227888080149569,-1.0799743913734037,0.014854057056480992,-0.5248658805735711,0.032418178997983604,0.049345735456408635,-0.0021049466245677273,0.008185538881309684,0.02597200622083995,0.024960254372019097,0.03409435178783671,-0.017753051075070525,0.03831129807692313,1
2023-04-12,69.12,70.99,67.24,69.11,3799098,0.03831129807692313,64.644,67.822,0.25959807841408816,62.17898832684823,-0.06883569768177722,-0.8777466526350785,0.0151593477674091,1.709101748070733,0.07480559875583204,0.11306168465131261,0.0028627391893927268,-0.0021049466245677273,0.008185538881309684,-0.002636885373041742,0.06908607140647227,0.018990887912476717,0.02445376935320498,1
2023-04-13,70.89,71.22,70.47,70.8,1976950,0.02445376935320498,64.9505,67.9214,0.26519968234511465,74.06273909716904,0.3440772599602582,-0.6333818701160112,0.015744587486704414,-0.47962647975914285,0.07321509777171431,0.12900653803221163,0.03831129807692313,0.0028627391893927268,-0.0021049466245677273,0.02597200622083995,0.09006089252584637,0.04238134078508371,0.0029661016949154018,1
2023-04-14,70.89,71.38,70.53,71.01,2034704,0.0029661016949154018,65.2855,67.97219999999999,0.2625476585169811,77.50783699059559,0.680415591332661,-0.3706223778262768,0.014057446679063602,0.02921368775133404,0.06765899864682012,0.14439967767929107,0.02445376935320498,0.03831129807692313,0.0028627391893927268,0.008185538881309684,0.0876840952432012,0.04469180047136945,-0.01718067877763696,0
2023-04-17,69.83,70.3,69.32,69.79,2184056,-0.01718067877763696,65.5485,67.94120000000001,0.27421655281397744,73.69597615499256,0.8388525678628156,-0.12872738868845834,0.01710984820579593,0.07340232289315796,0.051529305409070414,0.10953895071542141,0.0029661016949154018,0.02445376935320498,0.03831129807692313,-0.0021049466245677273,0.06470781177296203,0.027211765467786808,0.01389883937526859,1
2023-04-18,70.24,70.85,70.15,70.76,1841385,0.01389883937526859,65.8775,67.9494,0.2739248209894529,83.21839080459768,1.0308034461372984,0.10317877827669299,0.016420467377928544,-0.15689661803543498,0.06310096153846168,0.0975647588025439,-0.01718067877763696,0.0029661016949154018,0.02445376935320498,0.0028627391893927268,0.07411483435163757,0.04136313197761865,-0.02317693612210292,0
2023-04-19,69.27,69.85,68.55,69.12,1771748,-0.02317693612210292,66.1215,67.8626,0.2915150992973482,72.77896233120113,1.038619052236811,0.2902668330687166,0.019159727048740204,-0.03781772958941232,0.00014469686007823057,0.0749611197511666,0.01389883937526859,-0.01718067877763696,0.0029661016949154018,0.03831129807692313,0.04534833601778554,0.01852861517242199,-0.011140046296296391,0
2023-04-20,68.31,68.79,67.87,68.35,2436575,-0.011140046296296391,66.24,67.8022,0.28250315524937647,72.2143864598025,0.9714817743690674,0.4265098213287868,0.018756726619093014,0.3752379006495281,-0.034604519774011355,0.036077004699105686,-0.02317693612210292,0.01389883937526859,-0.01718067877763696,0.02445376935320498,0.03185386473429941,0.008079383854801003,0.0035113386978786743,1
2023-04-21,69.11,69.57,68.13,68.59,1607255,0.0035113386978786743,66.44399999999999,67.7332,0.26764972355524497,70.96536477523946,0.9269556247647728,0.526598982015984,0.018690861129891618,-0.3403630095523429,-0.03407970708350938,0.031273492707863504,-0.011140046296296391,-0.02317693612210292,0.01389883937526859,0.0029661016949154018,0.032297874902173396,0.012649631200061462,0.003353258492491573,1
2023-04-24,68.84,69.12,68.54,68.82,2347243,0.003353258492491573,66.6855,67.659,0.2643234403969896,67.78413736712996,0.8998544463025553,0.6012500748732983,0.018596887931659496,0.4604048517503445,-0.013898839375268812,0.036914268494801616,0.0035113386978786743,-0.011140046296296391,-0.02317693612210292,-0.01718067877763696,0.032008457610724905,0.017159579656808255,0.010316768381284591,1
2023-04-25,69.04,69.96,68.62,69.53,2609539,0.010316768381284591,66.99050000000001,67.6004,0.2609823275384717,70.47768206734531,0.9250047543871034,0.6660010107760593,0.01870484461385526,0.11174641909678718,-0.017382702091577218,0.04462139423076916,0.003353258492491573,0.0035113386978786743,-0.011140046296296391,0.01389883937526859,0.037908360140616715,0.028544209797575215,-0.024881346181504393,0
2023-04-26,68.11,69.33,66.57,67.8,1696737,-0.024881346181504393,67.276,67.5204,0.26620536504120157,57.131722525331234,0.7961623489902507,0.6920332784188976,0.016578213194308387,-0.3497943506496741,-0.01909722222222232,-0.01895528867023588,0.010316768381284591,0.003353258492491573,0.0035113386978786743,-0.02317693612210292,0.007788810274094837,0.004140970728846449,0.013126843657817133,1
2023-04-27,68.54,69.28,67.95,68.69,1806560,0.013126843657817133,67.575,67.3536,0.26728873851072926,58.270106221547756,0.7571415202720289,0.7050549267895239,0.014886716574230095,0.06472600055282585,0.00497439648866127,-0.02980225988700569,-0.024881346181504393,0.010316768381284591,0.003353258492491573,-0.011140046296296391,0.01650018497965222,0.01984155264158116,-0.007861406318241282,0
2023-04-28,67.92,68.78,67.29,68.15,2411955,-0.007861406318241282,67.88,67.1946,0.26543771964285595,56.553755522827686,0.674864329449818,0.6990168073215827,0.014804519204933258,0.33510926844389344,-0.006414929289983884,-0.04027601746232923,0.013126843657817133,-0.024881346181504393,0.010316768381284591,0.0035113386978786743,0.003977607542722694,0.014218404455120126,0.0030814380044019707,1
2023-05-01,68.35,68.98,67.73,68.36,1964140,0.0030814380044019707,68.153,67.09559999999999,0.2634013921162246,56.617647058823515,0.619463518071143,0.6831061494714947,0.014173764664961515,-0.1856647408430091,-0.006684103458296953,-0.020490041553231197,-0.007861406318241282,0.013126843657817133,-0.024881346181504393,0.003353258492491573,0.0030372837586019052,0.018844752860098346,-0.007314218841427689,0
2023-05-02,68.12,68.69,67.29,67.86,2495513,-0.007314218841427689,68.3225,66.97319999999999,0.254593852785069,44.58874458874459,0.529112870773659,0.6523074937319276,0.013078818295713297,0.27053723258016227,-0.024018409319718104,-0.040983606557377095,0.0030814380044019707,-0.007861406318241282,0.013126843657817133,0.010316768381284591,-0.006769365875077815,0.013241117342459585,-0.0036840554081933874,0
2023-05-03,68.01,68.12,67.5,67.61,1945910,-0.0036840554081933874,68.48800000000001,66.8458,0.2549112315779234,34.2235410484669,0.4323525303465914,0.6083165010548605,0.011243192943831703,-0.22023648043508492,-0.0028023598820058337,-0.02184606481481488,-0.007314218841427689,0.0030814380044019707,-0.007861406318241282,-0.024881346181504393,-0.01281976404625651,0.011432281459717863,-0.0004437213429966391,0
2023-05-04,67.5,68.25,66.82,67.58,1758139,-0.0004437213429966391,68.5685,66.7048,0.23962314203287724,32.729103726082556,0.34922289006502183,0.5564977788568928,0.010792566698038642,-0.09649521303657416,-0.01615955743194064,-0.011265544989026988,-0.0036840554081933874,-0.007314218841427689,0.0030814380044019707,0.013126843657817133,-0.014416240693613025,0.013120495076816008,-0.027818881325835987,0
2023-05-05,65.74,66.41,65.03,65.7,1928500,-0.027818881325835987,68.528,66.51599999999999,0.2592105792207063,30.689329556185072,0.13014157200892384,0.47122653748729904,0.013515732711119662,0.09689848186064931,-0.03595011005135729,-0.042134421927394694,-0.0004437213429966391,-0.0036840554081933874,-0.007314218841427689,-0.007861406318241282,-0.041267802941863274,-0.012267725058632384,-0.0007610350076102668,0
2023-05-08,65.69,66.2,65.14,65.65,2202717,-0.0007610350076102668,68.49199999999999,66.3326,0.2591431538782379,23.5780765253361,-0.04697503412629089,0.36758622316458106,0.01332105342994749,0.14219185895773911,-0.03964306612053825,-0.04606219122348132,-0.027818881325835987,-0.0004437213429966391,-0.0036840554081933874,0.0030814380044019707,-0.04149389709747098,-0.010290566026358028,-0.006702208682406896,0
2023-05-09,65.08,65.33,64.96,65.21,3011554,-0.006702208682406896,68.4245,66.206,0.25976003273058457,26.918536009445077,-0.2203059929601494,0.25000777993963497,0.012243743646769938,0.3671996902007839,-0.03905098732684953,-0.0621314540486122,-0.0007610350076102668,-0.027818881325835987,-0.0004437213429966391,-0.007314218841427689,-0.04697878683804779,-0.015043953720206726,-0.010734549915656921,0
2023-05-10,64.41,64.57,64.36,64.51,1118123,-0.010734549915656921,68.19449999999999,66.13600000000001,0.21627292811362178,27.142857142857196,-0.40943644796719525,0.11811893435826892,0.01056356735340703,-0.6287222477166274,-0.04585120544298171,-0.04852507374631254,-0.006702208682406896,-0.0007610350076102668,-0.027818881325835987,-0.0036840554081933874,-0.05402928388653028,-0.024585702189427905,0.0035653387071770126,1
2023-05-11,64.72,65.33,64.13,64.74,1676791,0.0035653387071770126,67.8915,66.0784,0.19200540025145404,27.056019070321682,-0.5346020586084137,-0.01242526423506761,0.009077685953955356,0.49964807091885244,-0.04202426753477362,-0.05750473140195078,-0.010734549915656921,-0.006702208682406896,-0.0007610350076102668,-0.0004437213429966391,-0.0464196548905238,-0.02025472771737824,0.0007723200494287319,1
2023-05-12,64.78,65.67,63.91,64.79,1722631,0.0007723200494287319,67.5805,66.04140000000001,0.1910455702932153,25.456760048721122,-0.6225853483289256,-0.13445728105383922,0.009275379177935498,0.027337932992245406,-0.01385083713850832,-0.04930300807043286,0.0035653387071770126,-0.010734549915656921,-0.006702208682406896,-0.027818881325835987,-0.041291496807510986,-0.018948720045305012,0.015434480629726854,1
2023-05-15,66.0,66.95,64.85,65.79,1537032,0.015434480629726854,67.38050000000001,66.01599999999999,0.19731695692600618,28.0,-0.6046510556788576,-0.22849603597884288,0.01111250693540205,-0.10774158830300862,0.002132520944402083,-0.03759508484493845,0.0007723200494287319,0.0035653387071770126,-0.010734549915656921,-0.0007610350076102668,-0.023604752116710426,-0.0034234125060589315,-0.0048639610883114415,0
2023-05-16,65.09,65.67,64.9,65.47,1685597,-0.0048639610883114415,67.116,65.9916,0.18714244949133768,33.568406205923836,-0.6092364268996846,-0.30464411416301124,0.011052493838388579,0.09665706374363059,0.003987118540101253,-0.03521956970232831,0.015434480629726854,0.0007723200494287319,0.0035653387071770126,-0.006702208682406896,-0.02452470349842062,-0.00790403627128311,0.005345959981670978,1
2023-05-17,65.92,66.44,65.31,65.82,2998853,0.005345959981670978,66.951,65.9712,0.1749877405169772,28.091603053435023,-0.5779658610254188,-0.3593084635354928,0.011401307452795106,0.7791043766689192,0.020306929158269815,-0.026475373465463803,-0.0048639610883114415,0.015434480629726854,0.0007723200494287319,-0.010734549915656921,-0.016892951561589875,-0.0022919091967404936,0.054086903676694,1
2023-05-18,69.46,69.69,69.15,69.38,3107068,0.054086903676694,67.0025,66.08,0.26283008264600277,56.426332288401206,-0.2628910203999908,-0.34002497490839245,0.02130089821912391,0.036085463342151236,0.07167130058696336,0.02663509914175788,0.005345959981670978,-0.0048639610883114415,0.015434480629726854,0.0035653387071770126,0.035483750606320585,0.04993946731234855,0.014125108100317085,1
2023-05-19,70.65,71.05,69.96,70.36,1643650,0.014125108100317085,67.09100000000001,66.2234,0.26690991494531713,59.67117988394584,0.06513503445353308,-0.2589929730360073,0.01854617567646609,-0.47099645067311047,0.08597005710757832,0.07092846270928455,0.054086903676694,0.005345959981670978,-0.0048639610883114415,0.0007723200494287319,0.04872486622646832,0.06246432529891255,-0.01492325184764065,0
2023-05-22,69.23,70.57,67.97,69.31,1226334,-0.01492325184764065,67.1155,66.343,0.2729582424281755,56.657483930211214,0.2376325414247873,-0.1596678701438484,0.01971109180992712,-0.2538959024123141,0.05350357197142408,0.0557501904036557,0.014125108100317085,0.054086903676694,0.005345959981670978,0.015434480629726854,0.03269736499020359,0.044722125921348166,-0.02986582022796147,0
2023-05-23,67.16,67.25,67.15,67.24,2416862,-0.02986582022796147,67.001,66.4642,0.29048219134988734,48.54445318646734,0.20494389256836598,-0.08674551760140553,0.022484712718722658,0.9708024078269053,0.0270352833358789,0.031130194755405682,-0.01492325184764065,0.014125108100317085,0.054086903676694,-0.0048639610883114415,0.0035671109386425925,0.011672449228306236,0.017102914931588442,1
2023-05-24,68.41,68.56,68.24,68.39,2409813,0.017102914931588442,67.03049999999999,66.56120000000001,0.2838445509745937,52.928416485900215,0.2687354765974561,-0.015649318761633203,0.022277143626357927,-0.002916591845128158,0.03904588271042253,0.060145713842814974,-0.02986582022796147,-0.01492325184764065,0.014125108100317085,0.005345959981670978,0.020281812010950473,0.027475466187508513,0.003363064775552038,1
2023-05-25,68.5,68.76,68.36,68.62,1314175,0.003363064775552038,67.027,66.64020000000001,0.2802145459062253,61.98686371100163,0.3339997036675726,0.054280485724207954,0.02227977026632969,-0.45465685511697385,-0.010954165465551946,0.05993203583565054,0.017102914931588442,-0.02986582022796147,-0.01492325184764065,0.054086903676694,0.02376654184134752,0.029708794391373416,0.014135820460507098,1
2023-05-26,69.46,70.33,68.72,69.59,2174612,0.014135820460507098,67.099,66.7458,0.2827973117183703,65.03816793893125,0.45870529805392835,0.13516544819015203,0.022328243253511855,0.6547354804344931,-0.0109437180216031,0.07408550702268868,0.003363064775552038,0.017102914931588442,-0.02986582022796147,0.014125108100317085,0.03712424924365498,0.04261241905857749,-0.015663169995689064,0
2023-05-29,68.37,68.65,68.22,68.5,2359139,-0.015663169995689064,67.106,66.82520000000001,0.2889005290741029,61.963636363636375,0.4642301335639871,0.20097838526491907,0.02323129827803956,0.08485513737623074,-0.01168662530659359,0.04119167046663619,0.014135820460507098,0.003363064775552038,0.017102914931588442,-0.01492325184764065,0.020773105236491674,0.025062401608973772,0.030802919708029286,1
2023-05-30,70.46,71.08,69.99,70.61,2634064,0.030802919708029286,67.24350000000001,66.9538,0.3067801897573118,70.11873350923477,0.6315874248204381,0.28710019317602287,0.0243802488174964,0.11653616001431022,0.05011897679952426,0.07850924087368272,-0.015663169995689064,0.014135820460507098,0.003363064775552038,-0.02986582022796147,0.05006431848431436,0.054607804187364994,0.0008497379974508057,1
2023-05-31,70.45,71.44,69.68,70.67,1657645,0.0008497379974508057,67.39649999999999,67.08239999999999,0.3060552253869351,69.7798532354903,0.7602965570034428,0.3817394659415069,0.02447286487978097,-0.3706891708022281,0.03333820734025439,0.07368580978426031,0.030802919708029286,-0.015663169995689064,0.014135820460507098,0.017102914931588442,0.04857077147923139,0.05348049562925605,0.008207160039620742,1
2023-06-01,71.12,71.64,70.74,71.25,2390194,0.008207160039620742,67.58,67.1878,0.3065328597516998,70.81185567010304,0.8987405032208784,0.4851396733973812,0.018260187522289133,0.44192152119422423,0.03832701836199348,0.026953012395503073,0.0008497379974508057,0.030802919708029286,-0.015663169995689064,0.003363064775552038,0.05430600769458427,0.06046038120015851,-0.01684210526315788,0
2023-06-02,69.88,70.13,69.79,70.05,1927035,-0.01684210526315788,67.7975,67.29860000000001,0.29420822273443076,63.549618320610634,0.9012394297078004,0.568359624659465,0.018748037968638092,-0.19377464758090768,0.006610145135795387,-0.0044059124502559,0.008207160039620742,0.0008497379974508057,0.030802919708029286,0.014135820460507098,0.033223938935801334,0.04088346562929979,0.04225553176302643,1
2023-06-05,72.84,73.12,72.73,73.01,2874760,0.04225553176302643,68.16550000000001,67.479,0.324280737167362,70.53376906318081,1.1290520994088524,0.6804981196093425,0.022190288023107303,0.4918047674276804,0.06583941605839416,0.05338335016592133,-0.01684210526315788,0.008207160039620742,0.0008497379974508057,-0.015663169995689064,0.07106967600912473,0.08196624134916064,-0.005067798931653211,0
2023-06-06,72.35,72.78,72.22,72.64,2175124,-0.005067798931653211,68.537,67.6632,0.3235145273654476,68.55277475516864,1.2651554491813926,0.7974295855237525,0.018957162830409716,-0.24337196844258302,0.02874946891375152,0.08030933967876264,0.04225553176302643,-0.01684210526315788,0.008207160039620742,0.030802919708029286,0.0598654741234661,0.07355253668168227,0.014317180616740144,1
2023-06-07,73.89,74.87,72.7,73.68,2525010,0.014317180616740144,68.9955,67.895,0.31892255407848,63.55611601513241,1.4403343648244658,0.9260105413838953,0.01882715829939759,0.16085795568436567,0.04259233055044587,0.07735048983769577,-0.005067798931653211,0.04225553176302643,-0.01684210526315788,0.0008497379974508057,0.06789573233036927,0.08520509610427873,0.0005428881650380024,1
2023-06-08,73.79,74.63,72.88,73.72,1985131,0.0005428881650380024,69.4445,68.1152,0.31951619623714084,61.26005361930292,1.5643596193616247,1.0536803569794413,0.018919170147105667,-0.2138126185638869,0.03466666666666662,0.07432235499854256,0.014317180616740144,-0.005067798931653211,0.04225553176302643,0.008207160039620742,0.06156715074627939,0.08228413041435689,0.0099023331524688,1
2023-06-09,74.44,74.66,74.22,74.45,1842105,0.0099023331524688,69.92750000000001,68.3632,0.3189104851791182,67.60273972602735,1.7019365610148327,1.1833315977865198,0.018797523799847303,-0.07204864565613045,0.06281227694503944,0.0698376203477511,0.0005428881650380024,0.014317180616740144,-0.005067798931653211,-0.01684210526315788,0.06467412677415885,0.08903620661408462,0.024580255204835533,1
2023-06-12,76.03,76.5,75.82,76.28,2244102,0.024580255204835533,70.452,68.6308,0.3236737399027279,81.47632311977712,1.9363123807030718,1.3339277543698302,0.01769874858878114,0.21822697403242497,0.04478838515271866,0.11357664233576648,0.0099023331524688,0.0005428881650380024,0.014317180616740144,0.04225553176302643,0.08272298870152728,0.11145433245714753,-0.020450970110120648,0
2023-06-13,74.86,75.13,74.45,74.72,2775576,-0.020450970110120648,70.9145,68.8358,0.3361360458698293,71.42857142857139,1.973429477259927,1.4618280989478496,0.018704992746480856,0.23683148092199025,0.028634361233480066,0.05820705282537886,0.024580255204835533,0.0099023331524688,0.0005428881650380024,-0.005067798931653211,0.053663214152253724,0.08548168249660781,-0.007896145610278404,0
2023-06-14,74.08,75.24,72.97,74.13,1761274,-0.007896145610278404,71.33,69.03240000000001,0.34017903880444017,68.20885657633835,1.9329550716875445,1.5560534934957886,0.019162566736508267,-0.365438381078378,0.006107491856677472,0.04895995471911685,-0.020450970110120648,0.024580255204835533,0.0099023331524688,0.014317180616740144,0.03925417075564286,0.07384358648982192,0.03939026035343329,1
2023-06-15,77.02,77.08,76.98,77.05,2407507,0.03939026035343329,71.7135,69.25399999999999,0.3158577815790949,71.83840749414514,2.1121508499805515,1.6672729647927413,0.02206761864203906,0.3669122464761303,0.04517091698317954,0.08140350877192981,-0.007896145610278404,-0.020450970110120648,0.024580255204835533,0.0005428881650380024,0.07441416190814842,0.11257111502584705,0.021804023361453595,1
2023-06-16,78.75,78.94,78.54,78.73,4816296,0.021804023361453595,72.13199999999999,69.4984,0.31980858931291306,78.9473684210526,2.3624934016348362,1.8063170521611605,0.02055138084463672,1.0005325010477644,0.057488247145735416,0.12391149179157757,0.03939026035343329,-0.007896145610278404,-0.020450970110120648,0.0099023331524688,0.09147119170409823,0.13283183497749596,0.022227867394893908,1
2023-06-19,80.45,80.6,80.33,80.48,1647215,0.022227867394893908,72.6905,69.7806,0.31499028691859826,78.50953206239164,2.67130886630261,1.9793154149894505,0.018098009143850725,-0.6579913277755354,0.05506030414263252,0.10231475140391733,0.021804023361453595,0.03939026035343329,-0.007896145610278404,0.024580255204835533,0.10715980767775712,0.153329148789205,-0.0027335984095426813,0
2023-06-20,80.5,81.1,79.66,80.26,1253811,-0.0027335984095426813,73.3415,70.0546,0.28542707265403977,77.44705208929591,2.8652661806001305,2.156505568111587,0.01789694581356249,-0.23882978239027697,0.07414346895074964,0.10490088105726869,0.022227867394893908,0.021804023361453595,0.03939026035343329,-0.020450970110120648,0.09433267658828925,0.1456777998875165,-0.0022427111886370588,0
2023-06-21,79.89,80.83,79.14,80.08,1425496,-0.0022427111886370588,73.92600000000002,70.274,0.2864389919312408,75.86408904510832,2.9702154589745504,2.3192475462841795,0.018233384020259993,0.13693052621168578,0.08026440037771487,0.08686210640608016,-0.0027335984095426813,0.022227867394893908,0.021804023361453595,-0.007896145610278404,0.08324540756973153,0.13953951674872633,0.003871128871128837,1
2023-06-22,80.22,80.87,79.74,80.39,1800258,0.003871128871128837,74.5145,70.4658,0.2863338212894987,81.95302843016063,3.043321412584419,2.4640623195442277,0.018101648362594383,0.26289936976322625,0.04334847501622319,0.09047748236570818,-0.0022427111886370588,-0.0027335984095426813,0.022227867394893908,0.03939026035343329,0.07885042508505058,0.14083711530983822,-0.0031098395322801675,0
2023-06-23,80.17,80.27,80.04,80.14,1987093,-0.0031098395322801675,75.042,70.6484,0.2880504712948909,76.46622123236816,3.0459734114231054,2.5804445379200036,0.01848092707461549,0.10378234675252096,0.017909310301028825,0.07642713230355946,0.003871128871128837,-0.0022427111886370588,-0.0027335984095426813,0.021804023361453595,0.06793528957117356,0.13434982250128824,-0.001746942850012534,0
2023-06-26,79.95,81.0,78.95,80.0,912089,-0.001746942850012534,75.617,70.8526,0.27741594132623276,77.7945619335347,3.0021711494143943,2.6647898602188818,0.01764048029442923,-0.5409933002632489,-0.005964214711729698,0.04876769795490299,-0.0031098395322801675,0.003871128871128837,-0.0022427111886370588,0.022227867394893908,0.057963156433077145,0.12910464824156076,0.03049999999999997,1
2023-06-27,82.57,82.73,82.28,82.44,1051129,0.03049999999999997,76.20849999999999,71.0862,0.27708661729860157,79.91803278688519,3.128284235881466,2.757488735351399,0.016841136328944142,0.15244126395560076,0.02716172439571385,0.10331905781584583,-0.001746942850012534,-0.0031098395322801675,0.003871128871128837,-0.0027335984095426813,0.08176909399870103,0.15971876397950635,0.01783114992721968,1
2023-06-28,84.14,85.35,82.7,83.91,2681079,0.01783114992721968,76.8705,71.382,0.2778966445132544,81.70504044803977,3.3087057795707153,2.867732144195262,0.01573089965662754,1.5506659981791007,0.04782717282717286,0.13193039255362193,0.03049999999999997,-0.001746942850012534,-0.0031098395322801675,-0.0022427111886370588,0.09157609225905894,0.17550643019248535,0.013109283756405743,1
2023-06-29,85.36,85.49,84.89,85.01,1243406,0.013109283756405743,77.55850000000001,71.7152,0.27831014452136876,82.11678832116783,3.50010492884779,2.9942067011257683,0.012647030457359548,-0.536229256952145,0.05746983455653698,0.1033095392602208,0.01783114992721968,0.03049999999999997,-0.001746942850012534,0.003871128871128837,0.09607586531456902,0.18538329391816544,-0.018821315139395445,0
2023-06-30,83.64,83.74,83.31,83.41,2596350,-0.018821315139395445,78.2265,72.0116,0.28082604763095126,71.99259716224546,3.482538963992539,3.0918731536991224,0.014764219109360715,1.0880951193737203,0.040803593711005615,0.05944366823320202,0.013109283756405743,0.01783114992721968,0.03049999999999997,-0.0031098395322801675,0.06626271148523832,0.15828560954068505,-0.003836470447188489,0
2023-07-03,83.02,83.49,82.63,83.09,3042161,-0.003836470447188489,78.73049999999999,72.297,0.25468706761362936,77.95591182364726,3.4035623366672922,3.1542109902927566,0.013830340097088787,0.17170681918847608,0.03862500000000013,0.03243041749502984,-0.018821315139395445,0.013109283756405743,0.01783114992721968,-0.001746942850012534,0.055372441429941466,0.14928696903052696,-0.010109519797809607,0
2023-07-04,82.21,82.84,81.61,82.25,693079,-0.010109519797809607,79.211,72.5514,0.2583550912473315,76.67542706964517,3.2358904795131167,3.170546888136829,0.014372855325736638,-0.7721754371316969,-0.0023047064531780403,0.024794418141041552,-0.003836470447188489,-0.018821315139395445,0.013109283756405743,0.03049999999999997,0.0383658835262779,0.1336790192883941,-0.019088145896656417,0
2023-07-05,80.59,80.99,80.28,80.68,2485753,-0.019088145896656417,79.561,72.809,0.2715763648054265,63.085796683489555,2.9424052298394656,3.1249185564773567,0.015902085977604858,2.5865363111564483,-0.03849362412108204,0.007492507492507627,-0.010109519797809607,-0.003836470447188489,-0.018821315139395445,0.01783114992721968,0.014064679931121926,0.10810476726778306,0.008180466038671286,1
2023-07-06,81.62,81.88,81.08,81.34,2033087,0.008180466038671286,79.942,73.062,0.2713840371997284,60.15564202334629,2.731584533031466,3.0462517517881786,0.016050451401133408,-0.18210417527405176,-0.04317139160098815,0.011817390222664592,-0.019088145896656417,-0.010109519797809607,-0.003836470447188489,0.013109283756405743,0.017487678566961096,0.11330103200021902,0.006761740840914632,1
2023-07-07,81.83,81.97,81.74,81.89,1779508,0.006761740840914632,80.314,73.3368,0.27087051853785077,56.05150214592273,2.5791570978339564,2.9528328209973345,0.016053287486422922,-0.12472609386612576,-0.018223234624145768,0.021836785625156008,0.008180466038671286,-0.019088145896656417,-0.010109519797809607,-0.018821315139395445,0.019622979804268414,0.11662903208211972,0.04359506655269252,1
2023-07-10,85.24,85.96,84.73,85.46,2450207,0.04359506655269252,80.773,73.6788,0.29639087655381335,67.33333333333329,2.7151281147266815,2.905291879743204,0.02056069648424764,0.37690136824335707,0.02852328800096271,0.06824999999999992,0.006761740840914632,0.008180466038671286,-0.019088145896656417,-0.003836470447188489,0.05802681589144876,0.15989945547430207,-0.005265621343318427,0
2023-07-11,84.74,86.51,83.25,85.01,1956166,-0.005265621343318427,81.2875,74.0218,0.28311477761609205,66.14276358873613,2.7548190468822185,2.8751973131710074,0.019036590269584746,-0.2016323518788412,0.033556231003039505,0.031174187287724475,0.04359506655269252,0.006761740840914632,0.008180466038671286,-0.010109519797809607,0.045794248808242566,0.14844545795968234,-0.06399247147394438,0
2023-07-12,79.75,80.45,78.88,79.57,2696884,-0.06399247147394438,81.5595,74.261,0.3760393745189014,47.99019607843136,2.320561867837327,2.7642702241042714,0.027685955765042843,0.378658048447831,-0.013758056519583728,-0.05172208318436422,-0.005265621343318427,0.04359506655269252,0.006761740840914632,-0.019088145896656417,-0.02439323438716523,0.0714910922287606,0.008545934397385935,1
2023-07-13,80.04,80.4,79.89,80.25,3801785,0.008545934397385935,81.71950000000001,74.5144,0.35254320080370527,50.26404224675948,2.008131749009152,2.6130425290852477,0.027391319690318473,0.4096954114452087,-0.013400540939267347,-0.05599341253970125,-0.06399247147394438,-0.005265621343318427,0.04359506655269252,0.008180466038671286,-0.017982244140015702,0.07697304145239059,0.010342679127725907,1
2023-07-14,80.43,81.63,79.88,81.08,2241205,0.010342679127725907,81.837,74.822,0.34641624697600726,52.50929368029739,1.8066764507932191,2.451769313426842,0.027356459494431717,-0.4104861269114376,-0.009891317621199214,-0.02793430044359191,0.008545934397385935,-0.06399247147394438,-0.005265621343318427,0.006761740840914632,-0.009250094700441136,0.08363850204485312,0.021460286137148454,1
2023-07-17,82.99,83.23,82.58,82.82,1350032,0.021460286137148454,81.954,75.1654,0.34582320461247545,50.912584053794426,1.7670556165694222,2.314826574055358,0.02836865099015865,-0.3976311850098496,-0.030891645214135233,-0.0032494885064389134,0.010342679127725907,0.008545934397385935,-0.06399247147394438,0.04359506655269252,0.010566903384825688,0.10183674935542131,0.013523303549867194,1
2023-07-18,84.03,84.31,83.66,83.94,3292874,0.013523303549867194,82.138,75.54,0.3478906795976369,50.07327796775769,1.8052209958348726,2.212905458411261,0.028413250357836376,1.4391081100299843,-0.012586754499470776,0.020547112462006023,0.021460286137148454,0.010342679127725907,0.008545934397385935,-0.005265621343318427,0.021938688548540197,0.11119936457505952,0.06385513461996672,1
2023-07-19,89.51,90.82,87.99,89.3,3278503,0.06385513461996672,82.59899999999999,76.0358,0.40963882348678154,58.673675697533355,2.2421286747940314,2.2187501016878155,0.03315251039529048,-0.004364272668799352,0.12228226718612545,0.10684184432325217,0.013523303549867194,0.021460286137148454,0.010342679127725907,-0.06399247147394438,0.08112689015605534,0.1744467737565727,0.03023516237402024,1
2023-07-20,92.27,92.89,91.38,92.0,3461779,0.03023516237402024,83.17949999999999,76.581,0.4186007579087112,66.62795199380568,2.7742685523284933,2.329853791815951,0.0336953760620502,0.055902343234091934,0.14641744548286595,0.13105483157118258,0.06385513461996672,0.013523303549867194,0.021460286137148454,0.008545934397385935,0.1060417530761788,0.20134236951724316,-0.026195652173912953,0
2023-07-21,89.72,90.17,89.14,89.59,2382094,-0.026195652173912953,83.652,77.077,0.433812424344015,61.640401146131815,2.967320951509862,2.4573472237547334,0.03590261770951735,-0.31188732729616764,0.10495806610754821,0.09402857491757244,0.03023516237402024,0.06385513461996672,0.013523303549867194,0.010342679127725907,0.07098455506144496,0.16234414935713648,0.01417568925103252,1
2023-07-24,90.97,91.35,90.47,90.86,2770930,0.01417568925103252,84.195,77.5784,0.43375015877149486,65.18518518518519,3.1860677491418983,2.6030913288321664,0.03396127681481241,0.16323285311159008,0.09707800048297521,0.06318745611982224,-0.026195652173912953,0.03023516237402024,0.06385513461996672,0.021460286137148454,0.07916147039610433,0.1712022934218802,0.02795509575170607,1
2023-07-25,93.41,93.93,92.89,93.4,4139215,0.02795509575170607,84.74300000000001,78.137,0.431991738900813,71.69167803547067,3.523763186042842,2.787225700274302,0.034287433556637256,0.49379991555181824,0.11269954729568754,0.09869427126220454,0.01417568925103252,-0.026195652173912953,0.03023516237402024,0.013523303549867194,0.10215593028332726,0.19533639632952382,-0.009743040685224913,0
2023-07-26,92.27,93.07,91.7,92.49,1972273,-0.009743040685224913,85.172,78.6704,0.4335801414903953,68.85356780520796,3.6755899450274256,2.964898549224927,0.02404228596997815,-0.5235152075937104,0.03572228443449044,0.16237275355033298,0.02795509575170607,0.01417568925103252,-0.026195652173912953,0.06385513461996672,0.08592025548302251,0.17566454473347015,-0.047680830360038895,0
2023-07-27,87.52,88.27,87.33,88.08,1755891,-0.047680830360038895,85.3255,79.04440000000001,0.4710155818176093,59.258151361052946,3.4008605972800012,3.0520909588359424,0.03130511160535645,-0.10971199220391903,-0.042608695652173956,0.09757009345794398,-0.009743040685224913,0.02795509575170607,0.01417568925103252,0.03023516237402024,0.0322822602856121,0.11431043818410891,-0.001021798365122617,0
2023-07-28,87.47,88.15,87.32,87.99,3280280,-0.001021798365122617,85.55449999999999,79.39699999999999,0.46467702099636016,54.223706176961606,3.139681073007452,3.0696089816702443,0.03148867125672159,0.8681569641851345,-0.017859136064293013,0.0852244696595954,-0.047680830360038895,-0.009743040685224913,0.02795509575170607,-0.026195652173912953,0.028467234336008174,0.10822827058956896,0.005796113194681318,1
2023-07-31,88.6,88.7,88.39,88.5,1781413,0.005796113194681318,85.825,79.7808,0.46403160562779056,55.814728423858696,2.939957159996112,3.043678617335418,0.031168949703533264,-0.45693263989659416,-0.025974025974025983,0.06858246800289791,-0.001021798365122617,-0.047680830360038895,-0.009743040685224913,0.01417568925103252,0.03116807457034665,0.10928945310149807,-0.01548022598870058,0
2023-08-01,87.34,88.36,86.1,87.13,3048326,-0.01548022598870058,86.069,80.1786,0.466515941257185,64.57208943716267,2.6406867761838555,2.9630802491051056,0.03184586715130814,0.7111843239046756,-0.06713062098501077,0.038003335715987685,0.005796113194681318,-0.001021798365122617,-0.047680830360038895,0.02795509575170607,0.012327318779119079,0.08669894460616656,0.006312406748536725,1
2023-08-02,87.69,87.8,87.58,87.68,1672457,0.006312406748536725,86.419,80.56439999999999,0.45900231413999587,64.39364587369236,2.4199970250354,2.8544636042911646,0.024131222214490138,-0.4513523159924496,-0.05200562222943006,-0.018141097424411945,-0.01548022598870058,0.005796113194681318,-0.001021798365122617,-0.009743040685224913,0.014591698584802026,0.08832188907259297,-0.0062728102189781865,0
2023-08-03,86.93,88.0,86.06,87.13,1706764,-0.0062728102189781865,86.7085,80.9346,0.46035880253735645,61.848805327066174,2.1756389917990333,2.7186986817927385,0.02139183185925879,0.020512933964819346,-0.010785649409627673,-0.05293478260869566,0.006312406748536725,-0.01548022598870058,0.005796113194681318,-0.047680830360038895,0.004861115115588399,0.07654822535726358,-0.020199701595317254,0
2023-08-04,85.53,86.6,84.3,85.37,2294521,-0.020199701595317254,86.8825,81.25019999999999,0.4679782199071282,54.99021526418788,1.8189979231175641,2.538758530057704,0.020814681426286293,0.344369227380001,-0.02977611092169552,-0.04710347136957249,-0.0062728102189781865,0.006312406748536725,-0.01548022598870058,-0.001021798365122617,-0.017408569044398914,0.05070510595666233,-0.010073796415602687,0
2023-08-07,84.5,84.67,84.35,84.51,2265858,-0.010073796415602687,86.835,81.5704,0.4436074660131873,51.12692763938317,1.4502449727475408,2.3210558185956716,0.019768435056107574,-0.012491931867261163,-0.04508474576271182,-0.06988773937926474,-0.020199701595317254,-0.0062728102189781865,0.006312406748536725,0.005796113194681318,-0.026774917947831933,0.03603758226023168,-0.010767956454857508,0
2023-08-08,83.61,84.12,83.1,83.6,1559592,-0.010767956454857508,86.7645,81.8302,0.4448712533307049,36.324376199616154,1.0722163652183525,2.071287927920208,0.015478824841781976,-0.311699144430057,-0.040514174222426313,-0.1049250535331907,-0.010073796415602687,-0.020199701595317254,-0.0062728102189781865,-0.01548022598870058,-0.03647228993424734,0.02162771201830127,-0.0031100478468898407,0
2023-08-09,83.25,84.03,82.56,83.34,3520052,-0.0031100478468898407,86.953,82.0836,0.37684549734672634,26.467391304347885,0.7430803751004191,1.8056464173562503,0.015675408696630037,1.2570338909150598,-0.049498175182481785,-0.09892961401232558,-0.010767956454857508,-0.010073796415602687,-0.020199701595317254,0.006312406748536725,-0.041551182822904376,0.015306346212885291,-0.02087832973362147,0
2023-08-10,81.31,82.1,80.81,81.6,1790939,-0.02087832973362147,87.0205,82.2906,0.3850546938575065,27.467569091934607,0.3379387261464757,1.5121048791142955,0.00972691350282456,-0.491218027460958,-0.06346838058074145,-0.07356948228882842,-0.0031100478468898407,-0.010767956454857508,-0.010073796415602687,-0.0062728102189781865,-0.06228992019121937,-0.008392210045861881,-0.022426470588235325,0
2023-08-11,79.53,80.41,78.9,79.77,2655923,-0.022426470588235325,86.95500000000001,82.485,0.3921391744263874,19.682886823400835,-0.12931400424361073,1.1838211024427143,0.010453876935488595,0.4829779238712206,-0.0655968138690407,-0.09341970678486189,-0.02087832973362147,-0.0031100478468898407,-0.010767956454857508,-0.020199701595317254,-0.08262894600655524,-0.032915075468267,-0.029710417450169113,0
2023-08-14,77.49,78.33,76.56,77.4,1542386,-0.029710417450169113,86.684,82.5728,0.3961322650365122,5.849889624724142,-0.6829813684610002,0.8104606082619714,0.010630416797097286,-0.4192655434664333,-0.08413205537806179,-0.12542372881355923,-0.022426470588235325,-0.02087832973362147,-0.0031100478468898407,-0.010073796415602687,-0.10710165659175852,-0.06264532630599906,0.007235142118863003,1
2023-08-15,78.34,79.59,76.71,77.96,1639763,0.007235142118863003,86.385,82.6792,0.39325389422783513,9.11648846370288,-1.0643107122955797,0.4355063441504612,0.012385510769730896,0.06313400147563586,-0.06746411483253589,-0.10524503615287506,-0.029710417450169113,-0.022426470588235325,-0.02087832973362147,-0.010767956454857508,-0.0975285061063843,-0.05707844294574693,-0.01141611082606464,0
2023-08-16,77.48,78.65,75.9,77.07,1675222,-0.01141611082606464,85.7735,82.74700000000001,0.302904839078456,11.36842105263159,-1.421941272709617,0.06401682077844556,0.010801309500337149,0.021624466462531577,-0.07523398128149761,-0.12100821167883224,0.007235142118863003,-0.029710417450169113,-0.022426470588235325,-0.0031100478468898407,-0.10147073396795059,-0.068606716859826,0.014532243415077195,1
2023-08-17,78.15,78.23,78.11,78.19,2168197,0.014532243415077195,85.083,82.8364,0.2815675054677452,17.93193717277491,-1.5965869679318985,-0.2681039369636233,0.013782427509953196,0.2942744304933913,-0.04178921568627447,-0.10260530242166876,-0.01141611082606464,0.007235142118863003,-0.029710417450169113,-0.02087832973362147,-0.08101500887368807,-0.056091283542017756,-0.018800358102059045,0
2023-08-18,76.82,78.55,74.99,76.72,2188274,-0.018800358102059045,84.4395,82.8818,0.2763870865555981,13.731527093596071,-1.8324878748105249,-0.5809807245330036,0.01368178747379206,0.009259767447330702,-0.03823492541055529,-0.10132364999414323,0.014532243415077195,-0.01141611082606464,0.007235142118863003,-0.022426470588235325,-0.0914204844888944,-0.07434442784785078,0.0018248175182482562,1
2023-08-21,76.84,77.35,76.36,76.86,2156790,0.0018248175182482562,83.73949999999999,82.8934,0.2668044522407523,15.789473684210563,-1.985259378777414,-0.8618364553818858,0.014233269943044349,-0.014387594972110396,-0.006976744186046546,-0.09052183173588935,-0.018800358102059045,0.014532243415077195,-0.01141611082606464,-0.029710417450169113,-0.08215358343434098,-0.07278504681916775,-0.0011709601873536313,0
2023-08-22,76.81,77.84,75.74,76.77,2011784,-0.0011709601873536313,82.90799999999999,82.93440000000001,0.2322557099771578,12.508591065292052,-2.0895076012155727,-1.107370684548623,0.014449079877721075,-0.06723232210831842,-0.015264238070805458,-0.08169856459330138,0.0018248175182482562,-0.018800358102059045,0.014532243415077195,0.007235142118863003,-0.0740338688666955,-0.07432862599837964,0.020971733750162924,1
2023-08-23,78.48,79.03,77.84,78.38,2858862,0.020971733750162924,82.2025,83.01939999999999,0.25642901649569155,21.973094170403556,-2.0189384580976935,-1.2896842392584371,0.017176606095518618,0.42105812552441013,0.016997534708706352,-0.059515238780897595,-0.0011709601873536313,0.0018248175182482562,-0.018800358102059045,-0.01141611082606464,-0.04650101882546154,-0.05588332365688009,0.054223016075529484,1
2023-08-24,82.86,83.28,82.21,82.63,3021959,0.054223016075529484,81.92999999999999,83.131,0.29942031843357875,42.43093922651931,-1.6016100586965507,-1.3520694031460598,0.0247079054151768,0.05704962324169549,0.056784755083770344,0.01262254901960791,0.020971733750162924,-0.0011709601873536313,0.0018248175182482562,0.014532243415077195,0.008543878921030146,-0.006026632664108522,-0.031223526564201798,0
2023-08-25,79.78,80.53,79.3,80.05,1826925,-0.031223526564201798,81.533,83.1574,0.3155049343386535,38.74873864783045,-1.462203363340123,-1.3740961951848725,0.025788459457854983,-0.3954501037241075,0.04340458811261727,0.003510091513100111,0.054223016075529484,0.020971733750162924,-0.0011709601873536313,-0.018800358102059045,-0.01818895416579791,-0.0373676906685394,0.023610243597751435,1
2023-08-28,82.38,82.79,81.52,81.94,2195237,0.023610243597751435,81.205,83.1866,0.3292753499988905,46.009615384615394,-1.1855490765128422,-1.3363867714504667,0.024282772544115778,0.2016021456819519,0.06609419724173815,0.058656330749353947,-0.031223526564201798,0.054223016075529484,0.020971733750162924,0.0018248175182482562,0.009051166800073895,-0.014985586620922087,0.03392726385159883,1
2023-08-29,84.69,85.8,83.6,84.72,2494732,0.03392726385159883,81.08449999999999,83.2758,0.351658521160098,52.95883361921098,-0.7335202298360457,-1.2158134631275825,0.025852526360807156,0.13642946069148798,0.10355607659241906,0.0867111339148281,0.023610243597751435,-0.031223526564201798,0.054223016075529484,-0.0011709601873536313,0.044835942751080715,0.01734237317443954,0.0182955618508025,1
2023-08-30,86.02,86.8,85.49,86.27,2655811,0.0182955618508025,81.014,83.39959999999999,0.3575635138805152,60.09511456982275,-0.24736064648715228,-1.0221228997994964,0.024983141784071353,0.06456765696676037,0.10066343454963,0.11937199948099142,0.03392726385159883,0.023610243597751435,-0.031223526564201798,0.020971733750162924,0.0648776754635001,0.034417431258663145,-0.026080908774776868,0
2023-08-31,84.61,84.65,83.98,84.02,2511864,-0.026080908774776868,80.85849999999999,83.47219999999999,0.36849840283652724,59.02335456475584,-0.04313464076949458,-0.826325247993496,0.02761897489436527,-0.05420076955777353,0.016821977490015794,0.07456196444558127,0.0182955618508025,0.03392726385159883,0.023610243597751435,0.054223016075529484,0.0390991670634504,0.006562663976749317,-0.03380147583908577,0
2023-09-01,80.96,81.81,80.32,81.18,1903269,-0.03380147583908577,80.649,83.49300000000001,0.3805874118974176,57.86844296419651,-0.10918965462866481,-0.6828981293205298,0.029549582555430925,-0.2422881971316918,0.014116177389131845,0.05813347236704902,-0.026080908774776868,0.0182955618508025,0.03392726385159883,-0.031223526564201798,0.0065840865974780005,-0.027702921202975128,0.03165804385316573,1
2023-09-04,83.74,84.36,83.14,83.75,1899257,0.03165804385316573,80.611,83.56800000000001,0.3976437435166527,61.12178255858626,0.045316413198221994,-0.5372552208167795,0.0305633513321777,-0.0021079521602043183,0.022089333658774635,0.08964350767629448,-0.03380147583908577,-0.026080908774776868,0.0182955618508025,0.023610243597751435,0.03894009502425222,0.002177867126172517,-0.01683582089552238,0
2023-09-05,82.16,82.49,82.01,82.34,2119600,-0.01683582089552238,80.54799999999999,83.566,0.4003656312627344,59.92467043314504,0.05337311690080071,-0.41912955327326346,0.03153102490727867,0.1160153681150049,-0.028092540132200083,0.0725543832226132,0.03165804385316573,-0.03380147583908577,-0.026080908774776868,0.03392726385159883,0.022247603913194913,-0.014671038460617902,-0.026354141365071637,0
2023-09-06,80.46,80.53,80.11,80.17,2496730,-0.026354141365071637,80.3895,83.49119999999999,0.41077361373453064,53.58695652173915,-0.1140283046074444,-0.3581093035400997,0.032805943518678306,0.17792508020381215,-0.07070824156717281,0.022837458535340804,-0.01683582089552238,0.03165804385316573,-0.03380147583908577,0.0182955618508025,-0.002730456091902478,-0.03977904258173304,-0.0036173132094300398,0
2023-09-07,79.24,80.41,78.71,79.88,1398132,-0.0036173132094300398,80.30350000000001,83.38860000000001,0.4045635597251343,55.980317940953825,-0.26701769975370837,-0.3398909827828215,0.027369172993980524,-0.44001473927897694,-0.04927398238514635,-0.03328089071765705,-0.026354141365071637,-0.01683582089552238,0.03165804385316573,-0.026080908774776868,-0.005273742738486131,-0.04207529566391588,0.008262393590385608,1
2023-09-08,80.63,81.56,79.6,80.54,1443853,0.008262393590385608,80.342,83.33120000000001,0.39736497332791154,56.82999257609504,-0.33118867658049567,-0.33815052154235636,0.025645745009979026,0.0327014902741658,-0.007883715200788344,0.006121174266083829,-0.0036173132094300398,-0.026354141365071637,-0.01683582089552238,-0.03380147583908577,0.002464464414627665,-0.0334952574785915,-0.006704742984852352,0
2023-09-11,79.62,80.2,79.42,80.0,1764715,-0.006704742984852352,80.47200000000001,83.2694,0.3820507964785765,55.896312522818555,-0.4207677760706616,-0.3546739724480174,0.024426539179582304,0.2222262238607393,-0.04477611940298509,-0.023675860385648062,0.008262393590385608,-0.0036173132094300398,-0.026354141365071637,0.03165804385316573,-0.005865394174371263,-0.039262922514152865,0.008874999999999966,1
2023-09-12,81.1,81.84,79.97,80.71,2096811,0.008874999999999966,80.6095,83.2386,0.38239718326073646,54.39788599471498,-0.42951758021742137,-0.3696426940018982,0.021417462537381936,0.18818676103506804,-0.019795967937818904,-0.04733238904627013,-0.006704742984852352,0.008262393590385608,-0.0036173132094300398,-0.01683582089552238,0.0012467513134306607,-0.030377733407337626,-0.015487548011398844,0
2023-09-13,79.96,80.72,78.69,79.46,1645478,-0.015487548011398844,80.729,83.2142,0.3845599546874986,43.252447850149,-0.5311931523527136,-0.4019527856720613,0.020018106879337826,-0.21524734465814988,-0.008856180616190645,-0.07893821722499139,0.008874999999999966,-0.006704742984852352,0.008262393590385608,-0.026354141365071637,-0.01571925825911391,-0.04511489625568732,0.028819531839919588,1
2023-09-14,81.96,82.72,80.99,81.75,1819134,0.028819531839919588,80.907,83.2224,0.3940580847410246,53.66379310344828,-0.42212195499600114,-0.4059866195368493,0.021946460558639202,0.10553529126490901,0.02341011517275926,-0.027017376815044014,-0.015487548011398844,0.008874999999999966,-0.006704742984852352,-0.0036173132094300398,0.010419370388223603,-0.017692352059060945,0.01590214067278284,1
2023-09-15,82.86,83.19,82.71,83.05,1559794,0.01590214067278284,81.2235,83.2456,0.3883682516775988,52.4546660769571,-0.22815310287896295,-0.37041991620527204,0.01957460180407234,-0.14256234010248836,0.03116463868885022,0.02303523035230337,0.028819531839919588,-0.015487548011398844,0.008874999999999966,0.008262393590385608,0.022487334330581588,-0.0023496737365097387,-0.009271523178807861,0
2023-09-18,82.57,82.72,82.13,82.28,2426391,-0.009271523178807861,81.4945,83.182,0.39127552335489896,44.077669902912625,-0.13500767056073926,-0.32333746707636546,0.016883227264366175,0.5555842630501207,0.02849999999999997,-0.017552238805970122,0.01590214067278284,0.028819531839919588,-0.015487548011398844,-0.006704742984852352,0.009638687273374247,-0.01084369214493519,-0.004253767622751536,0
2023-09-19,82.47,83.19,81.21,81.93,1013872,-0.004253767622751536,81.75250000000001,83.12039999999999,0.39193697802133737,38.814432989690744,-0.08841215896599408,-0.27635240545429124,0.016074508888134317,-0.5821481368831323,0.015115846859125481,-0.004979353898469707,-0.009271523178807861,0.01590214067278284,0.028819531839919588,0.008874999999999966,0.002171187425460852,-0.014321394026015066,0.026241913828878305,1
2023-09-20,84.14,84.22,84.0,84.08,2091558,0.026241913828878305,82.0375,83.2106,0.39547526948403433,50.15544041450778,0.12061181346825833,-0.19695956166978132,0.015214246107595034,1.06294088405637,0.058142461615907415,0.04877136085817635,-0.004253767622751536,-0.009271523178807861,0.01590214067278284,-0.015487548011398844,0.024897150693280468,0.010448188091421118,0.01712654614652709,1
2023-09-21,85.43,85.72,85.22,85.52,1639939,0.01712654614652709,82.182,83.316,0.35232276256223527,62.12290502793294,0.39787433530740657,-0.07799278227434375,0.015341096071787894,-0.21592468389592834,0.04611620795107019,0.07060590886329488,0.026241913828878305,-0.004253767622751536,-0.009271523178807861,0.028819531839919588,0.04061716677617966,0.026453502328484202,0.001987839101964539,1
2023-09-22,86.07,87.2,84.55,85.69,2020097,0.001987839101964539,82.464,83.4082,0.3298486618130194,56.25806451612903,0.6241298799357367,0.062431750167672335,0.015409662184557821,0.23181228082264038,0.03178807947019879,0.06394338217035012,0.01712654614652709,0.026241913828878305,-0.004253767622751536,0.01590214067278284,0.03912010089251061,0.02735702245103,-0.045629595051931315,0
2023-09-25,81.46,81.99,81.25,81.78,2324948,-0.045629595051931315,82.456,83.3874,0.36398022649956774,48.44444444444444,0.48237419689597516,0.1464202395133329,0.022397908611840437,0.15090909000904418,-0.006076810889645068,0.022250000000000103,0.001987839101964539,0.01712654614652709,0.026241913828878305,-0.009271523178807861,-0.008198311826913773,-0.019276293540750777,0.005013450721447654,1
2023-09-26,82.12,82.38,81.92,82.19,717564,0.005013450721447654,82.32950000000001,83.3524,0.3422151500961881,56.219211822660085,0.398521462925828,0.19684048419583194,0.022307572123472383,-0.6913634197410007,0.0031734407420969113,0.018337256845496253,-0.045629595051931315,0.001987839101964539,0.01712654614652709,-0.004253767622751536,-0.0016944108733808472,-0.013945609244604862,0.008881859106947276,1
2023-09-27,82.91,83.23,82.59,82.92,2980521,0.008881859106947276,82.162,83.2248,0.3366546991961671,59.112709832134314,0.38651693958254896,0.2347757752731754,0.02149578899054094,3.153665735739251,-0.013796384395813432,0.04354392146992203,0.005013450721447654,-0.045629595051931315,0.001987839101964539,0.026241913828878305,0.009225676103308045,-0.0036623698705193775,0.004823926676314372,1
2023-09-28,83.35,83.75,82.91,83.32,2582264,0.004823926676314372,82.127,83.0512,0.32470829637244697,58.465286236297175,0.40461576671151533,0.2687437735608434,0.0197451410341633,-0.13361992752273844,-0.02572497661365769,0.019204892966360854,0.008881859106947276,0.005013450721447654,-0.045629595051931315,0.01712654614652709,0.014526282464962792,0.0032365576897142034,-0.010201632261161664,0
2023-09-29,82.74,83.68,81.53,82.47,3501756,-0.010201632261161664,82.19149999999999,82.90880000000001,0.3023728822282445,57.38194859533773,0.3463784857816563,0.284270716005006,0.01943822281344158,0.35607978115328254,-0.03757731357217875,-0.00698374473208907,0.004823926676314372,0.008881859106947276,0.005013450721447654,0.001987839101964539,0.003388428243796593,-0.0052925624300438345,-0.02449375530495934,0
2023-10-02,80.42,80.46,80.42,80.45,2738972,-0.02449375530495934,82.0265,82.7006,0.29229342249156176,49.27937915742796,0.13566405216674582,0.25454938323735393,0.020750727319798854,-0.21782899779424947,-0.016263145023233005,-0.022241127856101106,-0.010201632261161664,0.004823926676314372,0.008881859106947276,-0.045629595051931315,-0.019219398608986027,-0.02721382916206161,0.00621504039776255,1
2023-10-03,80.68,81.07,80.57,80.95,2763044,0.00621504039776255,81.95700000000001,82.4516,0.28803579416635317,54.30884904569119,0.008914407002166058,0.20542238799031637,0.020890815622446112,0.008788698825690888,-0.015086993551526873,-0.011961430489442204,-0.02449375530495934,-0.010201632261161664,0.004823926676314372,0.005013450721447654,-0.012286930951596609,-0.018211896433786512,-0.014576899320568382,0
2023-10-04,79.43,79.85,79.35,79.77,2478700,-0.014576899320568382,81.937,82.19720000000001,0.2769397663469128,43.881334981458565,-0.18462351336326321,0.12741320771960046,0.018865451916488273,-0.10290968945843781,-0.0379884225759769,-0.05126070409134165,0.00621504039776255,-0.02449375530495934,-0.010201632261161664,0.008881859106947276,-0.026447148418907274,-0.029528986388830947,-0.0007521624670929761,0
2023-10-05,79.68,80.56,78.83,79.71,3455026,-0.0007521624670929761,81.9285,82.0298,0.27664431561136466,38.82195448460505,-0.3389381402779179,0.03414293812009679,0.017309572970177538,0.393886311372897,-0.04332693230916951,-0.06793732460243218,-0.014576899320568382,0.00621504039776255,-0.02449375530495934,0.004823926676314372,-0.027078489170435316,-0.028279966548742097,0.012796386902521828,1
2023-10-06,80.84,80.85,80.72,80.73,1292383,0.012796386902521828,81.938,81.8846,0.27889090587213605,44.89795918367347,-0.3746098492249814,-0.047607619348918856,0.01823697056137183,-0.6259411651316082,-0.021098581302291697,-0.057883066868946176,-0.0007521624670929761,-0.014576899320568382,0.00621504039776255,-0.010201632261161664,-0.014742854353291479,-0.014100331442053804,0.01858045336306202,1
2023-10-09,82.47,82.76,81.94,82.23,1999569,0.01858045336306202,82.0495,81.7592,0.284887110164953,50.917992656058736,-0.27863059157125747,-0.09381221379338658,0.013283309254188368,0.5471953747457217,0.02212554381603482,0.005502567865003805,0.012796386902521828,-0.0007521624670929761,-0.014576899320568382,-0.02449375530495934,0.0021998915288943266,0.005758373369602499,-0.009120758847136035,0
2023-10-10,81.64,82.75,80.37,81.48,1480108,-0.009120758847136035,82.088,81.6462,0.2858930873549249,41.298527443105776,-0.2600869499158307,-0.1270671610178754,0.013514864756815079,-0.2597864839872993,0.006547251389746878,-0.008638520501277447,0.01858045336306202,0.012796386902521828,-0.0007521624670929761,0.00621504039776255,-0.007406685508234978,-0.00203561219015691,-0.0003681885125184081,0
2023-10-11,81.11,81.89,80.67,81.45,2701507,-0.0003681885125184081,82.1875,81.52159999999999,0.27955501676807515,34.95934959349596,-0.2449876642892974,-0.1506512616721598,0.01308959680670641,0.8252093766130579,0.02106054907860111,-0.01772793053545585,-0.009120758847136035,0.01858045336306202,0.012796386902521828,-0.014576899320568382,-0.008973384030418252,-0.0008782948322897388,0.01129527317372614,1
2023-10-12,82.52,83.23,81.66,82.37,2231235,0.01129527317372614,82.2185,81.4264,0.26318794441239446,38.37535014005605,-0.15697554404869152,-0.15191611814746617,0.013598577870998803,-0.17407765369477113,0.03337096976539966,-0.01140182429188652,-0.0003681885125184081,-0.009120758847136035,0.01858045336306202,-0.0007521624670929761,0.0018426509848756822,0.011588379198884002,-0.012625956051960707,0
2023-10-13,81.17,82.15,80.34,81.33,3585237,-0.012625956051960707,82.1325,81.3456,0.26052710476130025,48.028045574057835,-0.16919424706192387,-0.15537174393035771,0.01379973156417655,0.6068397098467888,0.00743218134522472,-0.013823208439432522,0.01129527317372614,-0.0003681885125184081,-0.009120758847136035,0.012796386902521828,-0.009770797187471425,-0.00019177435534323273,0.006885528095413873,1
2023-10-16,82.22,82.56,81.55,81.89,2125968,0.006885528095413873,82.113,81.2932,0.2599668915039499,48.70242214532874,-0.13216680073824705,-0.15073075529193558,0.011278284506708097,-0.4070216278589114,-0.004134744010701685,0.017899316345556304,-0.012625956051960707,0.01129527317372614,-0.0003681885125184081,0.01858045336306202,-0.0027157697319547536,0.007341327441901635,-0.00879228232995477,0
2023-10-17,81.1,81.8,80.46,81.17,1912851,-0.00879228232995477,82.075,81.2446,0.2614217721204977,42.42424242424243,-0.1590864162882042,-0.15240188749118933,0.011623567218977211,-0.10024468853717461,-0.003804614629356884,0.0027177269919702596,0.006885528095413873,-0.012625956051960707,0.01129527317372614,-0.009120758847136035,-0.011026500152299779,-0.0009182148721269545,0.018479733891831884,1
2023-10-18,82.61,83.75,81.53,82.67,1949878,0.018479733891831884,82.0045,81.2312,0.2522461821499613,47.43083003952573,-0.05870621290097233,-0.13366275257314594,0.01161295963972561,0.019356970302443877,0.014978514426028156,0.03635451924282318,-0.00879228232995477,0.006885528095413873,-0.012625956051960707,-0.0003681885125184081,0.008115408300764182,0.017712406070573783,-0.005685254626829561,0
2023-10-19,82.07,83.45,80.82,82.2,1560964,-0.005685254626829561,81.8385,81.2432,0.2436871965937149,48.899755501222515,-0.016884615228349276,-0.11030712510418662,0.011920857298055632,-0.19945555568091955,-0.0020638582008012385,0.03123823861497943,0.018479733891831884,-0.00879228232995477,0.006885528095413873,0.01129527317372614,0.0044172363862975406,0.011776985643106253,-0.02141119221411203,0
2023-10-20,80.68,81.02,80.09,80.44,1033056,-0.02141119221411203,81.576,81.25659999999999,0.25276692658124156,49.95836802664444,-0.12432484935688137,-0.11311066995472559,0.013629087996788577,-0.338193577814735,-0.010943071437353957,-0.003592220983525407,-0.005685254626829561,0.018479733891831884,-0.00879228232995477,-0.012625956051960707,-0.013925664411101213,-0.010049645198051516,-0.04313774241670809,0
2023-10-23,76.95,77.95,75.98,76.97,2146486,-0.04313774241670809,81.3355,81.24799999999999,0.247292987900755,36.71562082777037,-0.4838939803765925,-0.18726733203909898,0.017551148363334462,1.0778021714214914,-0.06008059592135795,-0.06396692204791443,-0.02141119221411203,-0.005685254626829561,0.018479733891831884,0.006885528095413873,-0.05367275052099019,-0.05265360378101602,0.0044173054436793535,1
2023-10-24,77.95,78.36,76.9,77.31,1733757,0.0044173054436793535,81.0915,81.23499999999999,0.2470485915533866,41.30127298444135,-0.7329707185786134,-0.29640800934700184,0.017841807512625193,-0.19228124478799302,-0.047554515214980886,-0.05117820324005895,-0.04313774241670809,-0.02141119221411203,-0.005685254626829561,-0.00879228232995477,-0.04663250772275751,-0.048316612297654715,-0.005303324278877253,0
2023-10-25,77.17,77.63,76.45,76.9,1728383,-0.005303324278877253,80.7905,81.2316,0.24314649220471926,40.303657694962105,-0.9524699212317387,-0.4276203917239493,0.017764643675485532,-0.0030996269950172017,-0.06979557275916293,-0.05586249232658069,0.0044173054436793535,-0.04313774241670809,-0.02141119221411203,0.018479733891831884,-0.04815541431232617,-0.053324075852254516,0.023927178153445805,1
2023-10-26,78.46,79.24,77.96,78.74,1408071,0.023927178153445805,80.5615,81.2426,0.26079078816554346,43.50097975179619,-0.9668072461453647,-0.5354577626082324,0.01946615905007367,-0.18532466472998177,-0.04209245742092471,-0.04406944275828595,-0.005303324278877253,0.0044173054436793535,-0.04313774241670809,-0.005685254626829561,-0.022610055671753893,-0.030804036306075866,0.002794005588011128,1
2023-10-27,78.96,80.45,77.47,78.96,2072240,0.002794005588011128,80.386,81.2874,0.2599068944894591,38.34640057020667,-0.9494725890703393,-0.6182607279006538,0.019345877150549935,0.4716871521393453,-0.018398806563898584,-0.029140538546661765,0.023927178153445805,-0.005303324278877253,0.0044173054436793535,-0.02141119221411203,-0.017739407359490533,-0.028631743665070042,-0.0011398176291791406,0
2023-10-30,79.12,79.17,78.82,78.87,1395295,-0.0011398176291791406,80.307,81.3276,0.2460002489804192,40.23934181002243,-0.9322505917714352,-0.6810587006748101,0.019064661923828934,-0.3266730687565147,0.024684942185267067,-0.03687873977286604,0.002794005588011128,0.023927178153445805,-0.005303324278877253,-0.04313774241670809,-0.0178938324180955,-0.030218523600843983,0.009128946367439994,1
2023-10-31,79.78,80.3,79.07,79.59,2227343,0.009128946367439994,80.239,81.384,0.24732816424892895,43.385490753911796,-0.8506977381409939,-0.714986508168047,0.01936080976038152,0.5963240748372207,0.02949165696546374,-0.019465319699396355,-0.0011398176291791406,0.002794005588011128,0.023927178153445805,0.0044173054436793535,-0.008088336095913418,-0.022043644942494778,0.010051514009297602,1
2023-11-01,80.54,81.39,79.54,80.39,1873695,0.010051514009297602,80.27000000000001,81.4242,0.2444748519961742,42.89813486370156,-0.7132908273121075,-0.7146473719968591,0.018546558836923577,-0.15877572515773275,0.045383615084525264,-0.027579533083343377,0.009128946367439994,-0.0011398176291791406,0.002794005588011128,-0.005303324278877253,0.0014949545284663746,-0.012701383618138107,0.022142057469834553,1
2023-11-02,82.24,82.72,81.69,82.17,1861635,0.022142057469834553,80.393,81.415,0.2561467356473589,52.86103542234334,-0.4555128678044582,-0.662820471158379,0.020063739663180185,-0.00643647978993378,0.043561087122174325,-0.00036496350364967345,0.010051514009297602,0.009128946367439994,-0.0011398176291791406,0.023927178153445805,0.022103914519920886,0.009273475403795306,0.050383351588170866,1
2023-11-03,85.91,86.78,85.44,86.31,1267791,0.050383351588170866,80.672,81.5402,0.30745716103933834,62.10295728368019,0.08189736107253509,-0.5138769047121963,0.02395942847995474,-0.3189905647455059,0.09308510638297873,0.07297364495275982,0.022142057469834553,0.010051514009297602,0.009128946367439994,0.002794005588011128,0.06988794129313769,0.05849629998454753,-0.00011586142973007973,0
2023-11-06,85.92,86.61,85.6,86.3,2233399,-0.00011586142973007973,80.8755,81.6274,0.30243613702646444,64.61538461538461,0.5012142371320323,-0.3108586763433506,0.01663384034666839,0.7616460441823614,0.0942056548751109,0.12121605820449521,0.050383351588170866,0.022142057469834553,0.010051514009297602,-0.0011398176291791406,0.06707222830152504,0.05724303358921157,-0.03626882966396283,0
2023-11-07,83.37,83.83,82.71,83.17,2885430,-0.03626882966396283,80.96,81.59639999999999,0.33043542359711137,51.30344108446298,0.5743404022825587,-0.13381886061816878,0.022525988438361143,0.2919455950325043,0.04498052519160689,0.07579873237614798,-0.00011586142973007973,0.050383351588170866,0.022142057469834553,0.009128946367439994,0.02729743083003955,0.01928516454157303,-0.01130215221834796,0
2023-11-08,82.08,82.37,81.94,82.23,1945684,-0.01130215221834796,80.999,81.51559999999999,0.33340406782984494,50.07633587786259,0.5501020370610803,0.002965318917681037,0.02298187097513216,-0.32568663942635934,0.022888418957581758,0.06931079323797129,-0.03626882966396283,-0.00011586142973007973,0.050383351588170866,0.010051514009297602,0.015197718490351786,0.00876396665178203,0.016052535570959314,1
2023-11-09,83.56,83.83,83.28,83.55,1679611,0.016052535570959314,81.058,81.50619999999999,0.335830651526654,58.09474232170746,0.6301420410948424,0.12840066335311331,0.02246500050310075,-0.13675036645210625,0.016794450529390215,0.06108712217424439,-0.01130215221834796,-0.03626882966396283,-0.00011586142973007973,0.022142057469834553,0.03074341829307392,0.02507539303758488,0.027169359664871218,1
2023-11-10,85.99,86.33,85.47,85.82,2592900,0.027169359664871218,81.2825,81.59899999999999,0.3441406680564688,74.56968350916162,0.8667529611658011,0.2760711229156509,0.02336217426260542,0.5437503088512756,-0.005677210056772242,0.08687943262411357,0.016052535570959314,-0.01130215221834796,-0.03626882966396283,0.050383351588170866,0.055823824316427295,0.051728575105087105,-0.0006991377301327484,0
2023-11-13,85.28,86.07,84.97,85.76,2612358,-0.0006991377301327484,81.476,81.6392,0.34403277061774695,73.82966723068253,1.03746803573803,0.42835050548012676,0.023342146575592033,0.007504338771259889,-0.006257242178447142,0.0873589450995309,0.027169359664871218,0.016052535570959314,-0.01130215221834796,-0.00011586142973007973,0.05257990082969233,0.0504757518447021,-0.017490671641791078,0
2023-11-14,83.78,85.08,82.96,84.26,1775065,-0.017490671641791078,81.6305,81.6776,0.34917816607009217,69.55366631243363,1.039738045323233,0.550628013448748,0.024756973499329513,-0.320512349379373,0.01310568714680782,0.05867571302927499,-0.0006991377301327484,0.027169359664871218,0.016052535570959314,-0.03626882966396283,0.0322122245974239,0.031616991684378704,-0.004984571564206064,0
2023-11-15,83.98,84.28,83.55,83.84,5160276,-0.004984571564206064,81.689,81.75099999999999,0.3444811617041314,64.65517241379317,0.9961634027438606,0.6397350913077706,0.024938977138609184,1.9070912896147467,0.01957922899185216,0.04291578554546582,-0.017490671641791078,-0.0006991377301327484,0.027169359664871218,-0.01130215221834796,0.02633157463061142,0.02555320424215002,0.02135019083969447,1
2023-11-16,85.49,85.77,85.35,85.63,3179603,0.02135019083969447,81.8605,81.866,0.35090634269182797,67.58039008961524,1.0934634588113852,0.7304807648084936,0.024877877765167995,-0.38383082610309993,0.024895272292040582,0.04210782524035528,-0.004984571564206064,-0.017490671641791078,-0.0006991377301327484,0.016052535570959314,0.04604784969551856,0.04597757310727291,0.02055354431858003,1
2023-11-17,87.31,87.88,86.82,87.39,3480020,0.02055354431858003,82.208,82.00300000000001,0.34489720867108825,70.63953488372096,1.2976334348322496,0.8439112988132449,0.0200782577904285,0.09448255018000684,0.01829410393847586,0.012513034410844615,0.02135019083969447,-0.004984571564206064,-0.017490671641791078,0.027169359664871218,0.06303522771506431,0.06569271855907699,0.008467788076438998,1
2023-11-20,88.43,89.59,86.97,88.13,2339257,0.008467788076438998,82.76599999999999,82.1656,0.2957485629516337,70.66795740561473,1.5018391603775711,0.9754968711261103,0.020188175575729043,-0.3278035758415182,0.027635261194029814,0.02120509849362695,0.02055354431858003,0.02135019083969447,-0.004984571564206064,-0.0006991377301327484,0.06480922117777843,0.07258998899782876,0.012254623851128965,1
2023-11-21,89.14,89.22,89.12,89.21,2342852,0.012254623851128965,83.361,82.3356,0.29616419022028906,71.0601719197708,1.7308682711566377,1.1265711511322158,0.015076191056154774,0.0015368127572130685,0.0587467362924281,0.07262233978598043,0.008467788076438998,0.02055354431858003,0.02135019083969447,-0.017490671641791078,0.07016470531783425,0.08349243826485742,0.011097410604192559,1
2023-11-22,90.19,90.29,90.09,90.2,1449420,0.011097410604192559,84.02600000000001,82.55040000000001,0.29257173769708794,69.92555831265511,1.969556397594289,1.2951682004246305,0.013626467489070886,-0.3813437639253354,0.07585877862595414,0.09692326401556617,0.012254623851128965,0.008467788076438998,0.02055354431858003,-0.004984571564206064,0.07347725703948771,0.09266581385432415,0.03126385809312637,1
2023-11-23,93.11,93.64,92.49,93.02,1934434,0.03126385809312637,84.74000000000001,82.7758,0.2989035004733899,67.81731279872545,2.3590749422665738,1.5079495487930192,0.015211310242134523,0.3346262642988229,0.0863015298376737,0.113345302214243,0.011097410604192559,0.012254623851128965,0.008467788076438998,0.02135019083969447,0.09771064432381382,0.12375839315355441,-0.0066652332831648176,0
2023-11-24,91.92,93.09,91.23,92.4,2057148,-0.0066652332831648176,85.412,82.9628,0.3031688319665175,65.68930041152268,2.587910554847255,1.7239417500038665,0.01495067403545052,0.06343664348331357,0.05732921386886369,0.07667210440456795,0.03126385809312637,0.011097410604192559,0.012254623851128965,0.02055354431858003,0.08181520161101474,0.11375218772751161,-0.031926406926406914,0
2023-11-27,89.92,90.04,89.33,89.45,2696222,-0.031926406926406914,85.941,83.1062,0.33371974793232023,66.30321910695747,2.50237822219853,1.8796290444427994,0.01944316059222777,0.3106601955717332,0.014977873595824365,0.043027052238805874,-0.0066652332831648176,0.03126385809312637,0.011097410604192559,0.008467788076438998,0.04083033709172579,0.07633365501009548,0.010285075461151427,1
2023-11-28,90.49,91.08,89.78,90.37,1707892,0.010285075461151427,86.48,83.275,0.33386468361231253,71.15384615384619,2.4802388935170683,1.9997510142576533,0.017891814684842227,-0.36656106210838724,0.01300302656652863,0.07251364823166395,-0.031926406926406914,-0.0066652332831648176,0.03126385809312637,0.012254623851128965,0.044981498612395976,0.08519963974782341,-0.020360739183357346,0
2023-11-29,88.39,88.7,88.22,88.53,1548045,-0.020360739183357346,86.887,83.36399999999999,0.34687118435593817,62.60121457489881,2.287847808156755,2.057370373037474,0.019628797410270862,-0.09359315460228168,-0.018514412416851478,0.05593988549618323,0.010285075461151427,-0.031926406926406914,-0.0066652332831648176,0.011097410604192559,0.018909618239782766,0.061969195336116556,0.010730825708799241,1
2023-11-30,89.79,90.21,89.06,89.48,3044899,0.010730825708799241,87.25250000000001,83.44319999999999,0.3417451286267443,59.924078091106324,2.1868251879097187,2.083261336011923,0.01895980202743739,0.9669318398366973,-0.03805633197161895,0.04496087819689376,-0.020360739183357346,0.010285075461151427,-0.031926406926406914,0.03126385809312637,0.02552935445975746,0.07234621874520641,0.001117568171658423,1
2023-12-01,89.34,89.67,89.26,89.58,2072812,0.001117568171658423,87.416,83.521,0.2956278537824603,60.335497835497826,2.090732534577583,2.084755575725055,0.018116719161505836,-0.3192509833659507,-0.030519480519480613,0.0250600755235153,0.010730825708799241,-0.020360739183357346,0.010285075461151427,-0.0066652332831648176,0.02475519355724365,0.07254462949437857,0.016521544987720516,1
2023-12-04,90.88,91.91,90.02,91.06,2851578,0.016521544987720516,87.654,83.7066,0.2998967841568467,68.41820151679306,2.1096829339945486,2.089741047378954,0.01857837846327172,0.37570508082739784,0.017998882057015164,0.03324634063315557,0.001117568171658423,0.010730825708799241,-0.020360739183357346,-0.031926406926406914,0.03885732539302267,0.0878473143097438,0.03228640456841636,1
2023-12-05,93.65,94.77,92.88,94.0,2198085,0.03228640456841636,88.1955,83.94279999999999,0.27928906251998703,74.2135367016206,2.3350180567970824,2.13879644926258,0.02060480516732266,-0.2291689022709531,0.040168197410645146,0.053693532115233866,0.016521544987720516,0.001117568171658423,0.010730825708799241,0.010285075461151427,0.06581401545430321,0.11981015643986148,0.006702127659574453,1
2023-12-06,94.57,96.29,92.9,94.63,1634640,0.006702127659574453,88.81550000000001,84.17699999999999,0.2714531304271491,72.70433905146318,2.5352091865506594,2.218078996720196,0.02051729108775197,-0.25633449115935003,0.06890319665650058,0.04911308203991127,0.03228640456841636,0.016521544987720516,0.001117568171658423,-0.020360739183357346,0.06546717633746346,0.12417881369020045,0.009722075451759515,1
2023-12-07,95.34,96.04,94.85,95.55,2016448,0.009722075451759515,89.4155,84.4216,0.2696347391295004,71.49631190727081,2.736553129388355,2.321773823253828,0.018482851660961537,0.23357314148681052,0.06783638801966907,0.02719845194581816,0.006702127659574453,0.03228640456841636,0.016521544987720516,0.010730825708799241,0.06860667333963355,0.13181934481222823,-0.017687074829931926,0
2023-12-08,93.94,93.97,93.84,93.86,883268,-0.017687074829931926,89.8175,84.64939999999999,0.27184806344981216,64.37531359759159,2.7283006272881067,2.403079184060684,0.01941773154015963,-0.5619683721077855,0.04777852199151589,0.015800865800865704,0.009722075451759515,0.006702127659574453,0.03228640456841636,0.001117568171658423,0.0450079327525259,0.1088088043152109,0.0027700831024930483,1
2023-12-11,93.94,94.3,93.76,94.12,2806964,0.0027700831024930483,90.2355,84.9228,0.2712247761764611,62.84667713239145,2.7114839874399053,2.4647601447365286,0.015422724315706404,2.177930141248183,0.033604216999780334,0.052207937395192916,-0.017687074829931926,0.009722075451759515,0.006702127659574453,0.016521544987720516,0.043048467620836695,0.10830071547334774,-0.006906077348066364,0
2023-12-12,93.54,93.71,93.3,93.47,2447776,-0.006906077348066364,90.696,85.1732,0.26213703748147654,58.7107085775173,2.6155566030865742,2.494919436406538,0.015748691517235968,-0.12796316589738954,-0.005638297872340492,0.03430341927630853,0.0027700831024930483,-0.017687074829931926,0.009722075451759515,0.03228640456841636,0.03058569286407331,0.09741092268460028,-0.02268107414143583,0
2023-12-13,91.47,91.53,91.29,91.35,3121521,-0.02268107414143583,91.0715,85.4048,0.2783944216245718,45.37908135030437,2.341476098501076,2.4642307688254457,0.016151088761323616,0.2752478167936936,-0.034661312480186,0.03185360894611988,-0.006906077348066364,0.0027700831024930483,-0.017687074829931926,0.006702127659574453,0.00305803681722594,0.06961201243958182,-0.007224958949096805,0
2023-12-14,90.8,91.04,90.45,90.69,1871872,-0.007224958949096805,91.3245,85.62440000000001,0.27382054666818556,45.27885146327994,2.0474075994839325,2.3808661349571434,0.016225885976045996,-0.4003333631265015,-0.0508634222919937,0.01352257487706754,-0.02268107414143583,-0.006906077348066364,0.0027700831024930483,0.009722075451759515,-0.006947752246111438,0.059160706527578544,0.004741426838681395,1
2023-12-15,91.22,91.88,90.46,91.12,3978695,0.004741426838681395,91.511,85.8322,0.26603028417122526,55.35599743425273,1.8279817657869302,2.270289261123101,0.016257773200377034,1.1255165951518054,-0.029192414233965458,0.017191337352087555,-0.007224958949096805,-0.02268107414143583,-0.006906077348066364,-0.017687074829931926,-0.004272710384543799,0.061606250334955925,-0.009547848990342445,0
2023-12-18,90.27,91.15,89.37,90.25,3097830,-0.009547848990342445,91.61699999999999,85.9926,0.26810160878293154,49.6138996138996,1.5658335283800113,2.129398114574483,0.0157204744053999,-0.22139545755580659,-0.041117722056948636,-0.008895233911706546,0.004741426838681395,-0.007224958949096805,-0.02268107414143583,0.0027700831024930483,-0.014920811639761111,0.04950891123189671,-0.018060941828254795,0
2023-12-19,88.4,88.66,88.35,88.62,1124270,-0.018060941828254795,91.5875,86.13539999999999,0.2732560500128046,50.293542074364005,1.2125739859286568,1.9460332888453178,0.01142952926476868,-0.6370782128134855,-0.051888306408473195,-0.05723404255319142,-0.009547848990342445,0.004741426838681395,-0.007224958949096805,-0.006906077348066364,-0.03240070970383513,0.0288452831240118,0.018280297901150933,1
2023-12-20,89.7,90.7,89.24,90.24,1117119,0.018280297901150933,91.5895,86.31120000000001,0.27833399653300206,52.37499999999997,1.0512159514049273,1.7670698213572398,0.0132759527779183,-0.006360571748779242,-0.012151067323481146,-0.04639120786220019,-0.018060941828254795,-0.009547848990342445,0.004741426838681395,-0.02268107414143583,-0.014734221717555007,0.045519005644690136,-0.022717198581560294,0
2023-12-21,88.29,89.0,87.48,88.19,2274361,-0.022717198581560294,91.348,86.4276,0.2639298592671003,46.128133704735376,0.7492834063916973,1.5635125383641315,0.013334517867747997,1.0359164959149383,-0.027566435108611786,-0.07702773417059128,0.018280297901150933,-0.018060941828254795,-0.009547848990342445,-0.007224958949096805,-0.03457109077374443,0.020391634153904548,-0.018029255017575685,0
2023-12-22,86.24,86.6,86.24,86.6,1276884,-0.018029255017575685,91.058,86.53300000000002,0.2693183836419831,37.652270210409725,0.37735012005492763,1.3262800547022908,0.013362822731371574,-0.4385746150237363,-0.04960491659350319,-0.07734924355422979,-0.022717198581560294,0.018280297901150933,-0.018060941828254795,0.004741426838681395,-0.048957807111950746,0.0007742710873306358,0.01189376443418011,1
2023-12-25,87.72,87.95,87.4,87.63,1933971,0.01189376443418011,90.967,86.6478,0.2514331379533998,30.27863777089783,0.16381435303830472,1.0937869143694938,0.014442948442306865,0.51460195287904,-0.02903047091412747,-0.06895452613684672,-0.018029255017575685,-0.022717198581560294,0.018280297901150933,-0.009547848990342445,-0.03668363252608098,0.011335544583936263,0.002624671916010568,1
2023-12-26,87.85,87.92,87.8,87.86,1880979,0.002624671916010568,90.8415,86.7816,0.24836166057747647,28.50793650793655,0.01299499878838617,0.8776285312532723,0.014762606292665858,-0.02740061769281954,-0.008575942225231392,-0.06001925751578041,0.01189376443418011,-0.018029255017575685,-0.022717198581560294,-0.018060941828254795,-0.03282090234089041,0.012426597343215606,0.007170498520373325,1
2023-12-27,88.48,88.85,88.12,88.49,1810186,0.007170498520373325,90.8395,86.898,0.23938966111200685,27.166882276843467,-0.055059993843755706,0.6910908262338668,0.014030951304275004,-0.03763625218569688,-0.019392730496453847,-0.03130815544608645,0.002624671916010568,0.01189376443418011,-0.018029255017575685,0.018280297901150933,-0.025864299120977208,0.018320329581808625,-0.007119448525257033,0
2023-12-28,87.86,87.97,87.75,87.86,3390481,-0.007119448525257033,90.7585,87.0112,0.23723726355843874,29.166666666666686,-0.158008378454781,0.5212709852961372,0.014027533102589591,0.8730014484699362,-0.0037419208527044168,-0.031205204542948506,0.007170498520373325,0.002624671916010568,0.01189376443418011,-0.022717198581560294,-0.0319364026509914,0.009755066014490055,0.006373776462553993,1
2023-12-29,88.57,89.09,87.9,88.42,2452272,0.006373776462553993,90.7005,87.1708,0.23853299719985122,30.612244897959187,-0.19219291479156198,0.3785782052785974,0.014137680689658387,-0.27671855409306234,0.021016166281755178,-0.029631255487269526,-0.007119448525257033,0.007170498520373325,0.002624671916010568,-0.018029255017575685,-0.025143191051868574,0.014330486814392085,-0.018434743270753118,0
2024-01-01,86.54,87.74,85.6,86.79,2573357,-0.018434743270753118,90.487,87.36720000000001,0.23763396940771042,28.698979591836746,-0.34681392856207083,0.23349977851046377,0.014861840580642082,0.04937665968538574,-0.009585758301951297,-0.03833795013850405,0.006373776462553993,-0.007119448525257033,0.007170498520373325,0.01189376443418011,-0.0408566976471757,-0.006606598357278282,0.0011522064754003747,1
2024-01-02,86.98,88.43,85.44,86.89,2161669,0.0011522064754003747,90.1315,87.55879999999999,0.20031465741825918,33.67496339677892,-0.45602624500833144,0.09559457380670475,0.014032405027507498,-0.15998091209264786,-0.011040291372638289,-0.01952155269690814,-0.018434743270753118,0.006373776462553993,-0.007119448525257033,0.002624671916010568,-0.035964119092659064,-0.00763829563676055,0.013235124870526027,1
2024-01-03,88.32,88.54,87.82,88.04,5711712,0.013235124870526027,89.80199999999999,87.7816,0.2061363202532196,40.63604240282688,-0.44465667817840426,-0.012455676590317058,0.013298513075867465,1.6422694686374277,-0.0050853203751835,-0.02437943262411335,0.0011522064754003747,-0.018434743270753118,0.006373776462553993,0.007170498520373325,-0.019620943854256945,0.0029436692883246796,-0.0027260336210814806,0
2024-01-04,88.01,88.61,87.2,87.8,3162141,-0.0027260336210814806,89.4145,87.9628,0.20017821268274255,38.10888252148994,-0.44982688447200303,-0.09992991816665425,0.011246776314341825,-0.44637597273812124,-0.0006829046209879674,-0.004422270098650594,0.013235124870526027,0.0011522064754003747,-0.018434743270753118,-0.007119448525257033,-0.018056355512808375,-0.0018507823761862996,0.0077448747152619735,1
2024-01-05,88.77,88.98,88.27,88.48,1589744,0.0077448747152619735,89.1455,88.1532,0.19769889710746263,43.572984749455344,-0.3945063693519302,-0.15884520840370944,0.009584727426618879,-0.49725707993413326,0.0006785795068988687,0.021709006928406493,-0.0027260336210814806,0.013235124870526027,0.0011522064754003747,0.006373776462553993,-0.007465323544093572,0.003707182495927608,0.013562386980108476,1
2024-01-08,89.6,90.0,89.28,89.68,2479201,0.013562386980108476,88.9235,88.3694,0.20534833454293996,53.97301349325338,-0.2509417906185121,-0.17726452484667,0.009784839786467523,0.5594970007749676,0.03329876713907143,0.023393814903571952,0.0077448747152619735,-0.0027260336210814806,0.013235124870526027,-0.018434743270753118,0.00850731246520886,0.014830925637155046,0.006690454950936564,1
2024-01-09,90.26,90.58,89.96,90.28,1560363,0.006690454950936564,88.764,88.58319999999999,0.20699769879312074,50.162337662337684,-0.08773943644710869,-0.15935950716675776,0.009881133000811552,-0.3706185984920142,0.03901484635746355,0.027543819713180095,0.013562386980108476,0.0077448747152619735,-0.0027260336210814806,0.0011522064754003747,0.01707899598936513,0.01915487361034618,0.0037660611431102886,1
2024-01-10,91.13,91.24,90.52,90.62,1886320,0.0037660611431102886,88.72749999999999,88.7878,0.19211821742596255,61.451460885956664,0.06824804259255757,-0.11383799721489468,0.00977050650779511,0.20889818587085185,0.02930486142662425,0.024070516442535883,0.006690454950936564,0.013562386980108476,0.0077448747152619735,0.013235124870526027,0.02132935110309675,0.020635717970261647,0.01887000662105498,1
2024-01-11,92.47,92.9,91.9,92.33,2001772,0.01887000662105498,88.8095,88.991,0.20178575878121868,76.70083876980429,0.3260929558846897,-0.025851806594977808,0.010386901472544532,0.06120488570338023,0.05159453302961281,0.05087639426360124,0.0037660611431102886,0.006690454950936564,0.013562386980108476,-0.0027260336210814806,0.03964102939437786,0.037520648155431324,0.007039965341709253,1
2024-01-12,93.05,93.09,92.93,92.98,1246295,0.007039965341709253,88.9025,89.12440000000001,0.20251863775850967,75.84541062801935,0.5762438941519292,0.09456733355440361,0.010398654415418335,-0.37740411994972456,0.05085895117540695,0.0515720425243158,0.01887000662105498,0.0037660611431102886,0.006690454950936564,0.0077448747152619735,0.045864851944545926,0.043260880297651294,-0.0034416003441600784,0
2024-01-15,92.93,93.21,92.38,92.66,1050715,-0.0034416003441600784,89.023,89.2516,0.1994010546733022,72.9885057471264,0.7401371489863493,0.22368129664079278,0.007227128180650471,-0.15692913796492802,0.03322925958965195,0.0676345201060029,0.007039965341709253,0.01887000662105498,0.0037660611431102886,0.013562386980108476,0.04085461060624773,0.03818867112746438,0.001618821497949563,1
2024-01-16,92.57,93.74,91.64,92.81,1309134,0.001618821497949563,89.23249999999999,89.4444,0.18570059951287496,71.68674698795179,0.8720747458055058,0.3533599864737354,0.007189531676251109,0.24594585591716123,0.02802392556490929,0.06813212107262068,-0.0034416003441600784,0.007039965341709253,0.01887000662105498,0.006690454950936564,0.040091894769282765,0.03762784478402237,0.009481736881801428,1
2024-01-17,93.65,93.81,93.53,93.69,2447641,0.009481736881801428,89.405,89.6736,0.17818132179391993,78.5504407443682,1.0357059143013458,0.4898291720392575,0.006898834969095227,0.869664220774955,0.03387773118516879,0.06417537482962277,0.001618821497949563,-0.0034416003441600784,0.007039965341709253,0.0037660611431102886,0.04792796823443868,0.04478910180922813,0.0014942896787277782,1
2024-01-18,93.95,94.1,93.68,93.83,759576,0.0014942896787277782,89.68699999999998,89.8792,0.15264398933300646,77.63023493360565,1.163272147005486,0.6245177670325033,0.006398973560924043,-0.6896701763044499,0.016246073865482602,0.06867881548974952,0.009481736881801428,0.001618821497949563,-0.0034416003441600784,0.01887000662105498,0.04619398575044342,0.04395677754141114,-0.001811787274858756,0
2024-01-19,93.65,93.7,93.61,93.66,2456561,-0.001811787274858756,90.03999999999999,90.036,0.13230142625302221,91.23649459783894,1.236399284913233,0.7468940706086493,0.006915496920812767,2.2341214045730777,0.007313400731340014,0.05854430379746822,0.0014942896787277782,0.009481736881801428,0.001618821497949563,0.007039965341709253,0.04020435362061314,0.04025056644009051,-0.006726457399103047,0
2024-01-22,93.45,93.59,92.9,93.03,963633,-0.006726457399103047,90.31,90.18140000000001,0.13398949786219425,84.65011286681705,1.2293461959815346,0.8433844956832264,0.007325373192468184,-0.6077308888319891,0.003993093028275441,0.03735504014272961,-0.001811787274858756,0.0014942896787277782,0.009481736881801428,-0.0034416003441600784,0.030118480788395408,0.031587444861135294,-0.009136837579275414,0
2024-01-23,92.3,92.82,91.65,92.18,1535984,-0.009136837579275414,90.526,90.3398,0.14079095058454752,74.18224299065416,1.1420043605395307,0.9031084686544874,0.008257538655716717,0.5939512241693674,-0.006788061631289644,0.021045635799734175,-0.006726457399103047,-0.001811787274858756,0.0014942896787277782,0.001618821497949563,0.01827099396858367,0.020369759507991025,-0.012584074636580733,0
2024-01-24,91.26,91.66,90.62,91.02,1689341,-0.012584074636580733,90.6525,90.4834,0.14919914484277721,66.98312236286915,0.968024240343766,0.9160916229923431,0.009429859958639151,0.09984283690455098,-0.028498238872878612,0.004414036636503971,-0.009136837579275414,-0.006726457399103047,-0.001811787274858756,0.009481736881801428,0.004053942252006282,0.0059303695484473895,-0.021973192704900057,0
2024-01-25,88.8,89.16,88.66,89.02,2679904,-0.021973192704900057,90.7105,90.55120000000001,0.16857586338908556,52.499999999999964,0.6611392545454606,0.8651011493029668,0.009424968865288343,0.5863605986002827,-0.0512629223062987,-0.03584966966316472,-0.012584074636580733,-0.009136837579275414,-0.006726457399103047,0.0014942896787277782,-0.01863621080249811,-0.016909770384048062,-0.01954616940013476,0
2024-01-26,87.28,88.12,86.44,87.28,2063264,-0.01954616940013476,90.6535,90.54899999999999,0.18162788453763434,39.417989417989396,0.2743645305776141,0.7469538255578964,0.009829951085899409,-0.2300977945478644,-0.06811872731155233,-0.06130350613035063,-0.021973192704900057,-0.012584074636580733,-0.009136837579275414,-0.001811787274858756,-0.03721312470009419,-0.03610200002208741,-0.002062328139321834,0
2024-01-29,87.09,87.81,86.38,87.1,1362327,-0.002062328139321834,90.66900000000001,90.5284,0.16915849082435042,35.43956043956044,-0.04614973498782149,0.5883331134487528,0.009883461211111586,-0.3397224010112133,-0.06374287864129857,-0.06000431685732788,-0.01954616940013476,-0.021973192704900057,-0.012584074636580733,-0.006726457399103047,-0.0393629575709451,-0.037870988551659046,0.0096440872560275,1
2024-01-30,88.08,88.3,87.72,87.94,1648738,0.0096440872560275,90.72149999999999,90.50300000000001,0.17242507642913105,38.26619964973729,-0.22973043040248342,0.4247204046785056,0.010859689377361927,0.21023660251907206,-0.04599696246474294,-0.05247279387996984,-0.002062328139321834,-0.01954616940013476,-0.021973192704900057,-0.009136837579275414,-0.03065976642802415,-0.02831950322088783,0.0026154196042755817,1
2024-01-31,88.3,89.29,87.18,88.17,2172616,0.0026154196042755817,90.728,90.4624,0.1661569242992245,29.074446680080555,-0.3525958706230625,0.26925714961819197,0.010002955376231826,0.31774484484496623,-0.03131179960448249,-0.05891770733269286,0.0096440872560275,-0.002062328139321834,-0.01954616940013476,-0.012584074636580733,-0.02819416277224218,-0.025340915120536267,0.026426222070999206,1
2024-02-01,90.5,90.54,90.45,90.5,3039564,0.026426222070999206,90.863,90.412,0.19002845961637005,39.32874354561101,-0.25897083523322806,0.16361155264790797,0.014275470371578437,0.3990341597410678,0.016625477420804335,-0.03548971544282209,0.0026154196042755817,0.0096440872560275,-0.002062328139321834,-0.021973192704900057,-0.003995025477917302,0.0009733221253815927,-0.006740331491712714,0
2024-02-02,90.05,90.54,89.4,89.89,2209787,-0.006740331491712714,90.93350000000001,90.36179999999999,0.1907541802040043,38.371116708648216,-0.23132762134963514,0.08462371784839937,0.014295178747260261,-0.27299211334257145,0.029903758020164872,-0.040251975229553705,0.026426222070999206,0.0026154196042755817,0.0096440872560275,-0.01954616940013476,-0.011475418850038888,-0.005221232866100323,0.01613082656580267,1
2024-02-05,91.91,92.06,91.2,91.34,1969159,0.01613082656580267,91.0165,90.39959999999999,0.19322461734052532,44.43603330809993,-0.09136410481578139,0.04942615331556322,0.015581765493786273,-0.10889194297911975,0.048679678530424875,-0.018166182951736,-0.006740331491712714,0.026426222070999206,0.0026154196042755817,-0.002062328139321834,0.003554300593848536,0.010402700896906758,0.011386030216772314,1
2024-02-06,92.39,93.25,91.52,92.38,1851369,0.011386030216772314,91.1215,90.43979999999999,0.19576483372903447,45.100972326103204,0.10229807030124505,0.06000053671269959,0.015846032638930717,-0.05981741443936217,0.050488969752103596,0.002169668040789663,0.01613082656580267,-0.006740331491712714,0.026426222070999206,0.0096440872560275,0.01381123006096252,0.021452944389527717,0.011690842173630589,1
2024-02-07,93.28,93.76,92.98,93.46,3501810,0.011690842173630589,91.2635,90.5384,0.1991227394510912,48.70719776380152,0.3390157508595877,0.1158035795420772,0.015503605495701627,0.891470582039561,0.05999773165475775,0.026807295099978035,0.011386030216772314,0.01613082656580267,-0.006740331491712714,0.0026154196042755817,0.02406767218000616,0.03226918081167773,0.004386903488123428,1
2024-02-08,94.21,95.42,92.65,93.87,1505664,0.004386903488123428,91.34049999999999,90.62619999999998,0.1888523444319696,50.72164948453611,0.5533214464439311,0.203307152922448,0.012844528986945165,-0.5700326402631781,0.03723756906077358,0.054482138845203476,0.011690842173630589,0.011386030216772314,0.01613082656580267,0.026426222070999206,0.027693082477105113,0.0357931812213248,0.01683178864386914,1
2024-02-09,95.87,96.91,94.41,95.45,1746768,0.01683178864386914,91.464,90.74359999999999,0.19613641195105044,57.806451612903224,0.8409589977257497,0.33083752188310833,0.009783060903355527,0.1601313440448866,0.06185337634887089,0.09360678276810264,0.004386903488123428,0.011690842173630589,0.011386030216772314,-0.006740331491712714,0.04357998775474514,0.05186481470869597,-0.008276584599266723,0
2024-02-12,94.72,94.79,94.6,94.66,2277748,-0.008276584599266723,91.564,90.81560000000002,0.19845144030724332,58.031088082901505,0.9937125322317257,0.46341252395283183,0.01071863751815856,0.3039785478094401,0.03634771184585062,0.08679678530424795,0.01683178864386914,0.004386903488123428,0.011690842173630589,0.01613082656580267,0.03381241535974833,0.042331934161091045,-0.006021550813437471,0
2024-02-13,94.36,94.79,93.66,94.09,3128752,-0.006021550813437471,91.62800000000001,90.81739999999999,0.20005488802858992,60.33670033670035,1.056596782545725,0.5820493756714105,0.011624653645593485,0.37361639654606216,0.018510500108248618,0.06993404594041408,-0.008276584599266723,0.01683178864386914,0.004386903488123428,0.011386030216772314,0.026869515868511717,0.036034944845371175,0.0023381868423848484,1
2024-02-14,93.73,95.43,92.6,94.31,1095199,0.0023381868423848484,91.659,90.811,0.197515376247198,70.23718439173682,1.1113739384037586,0.6879142882178801,0.011636180869888125,-0.6499565961124436,0.009094799914401985,0.06963819893387768,-0.006021550813437471,-0.008276584599266723,0.01683178864386914,0.011690842173630589,0.028922418965949825,0.038530574489874514,0.002862898950270365,1
2024-02-15,94.72,95.27,94.03,94.58,2795239,0.002862898950270365,91.69649999999999,90.7916,0.19767532363216866,81.46551724137927,1.1631637449773962,0.7829641795697834,0.009393339213242003,1.5522658439242547,0.0075636518589539126,0.0450828729281767,0.0023381868423848484,-0.006021550813437471,-0.008276584599266723,0.004386903488123428,0.031446129350629626,0.04172632710515067,0.004652146331148188,1
2024-02-16,94.97,95.14,94.86,95.02,2991134,0.004652146331148188,91.7645,90.81480000000002,0.19801630379263194,83.389544688027,1.2255840920652474,0.8714881620688761,0.008535865994529577,0.07008166385772374,-0.004504976427448959,0.05706975191901198,0.002862898950270365,0.0023381868423848484,-0.006021550813437471,0.01683178864386914,0.03547668215922273,0.04630522778225554,-0.0044201220795622165,0
2024-02-19,95.23,96.19,93.64,94.6,2186150,-0.0044201220795622165,91.843,90.82440000000001,0.19702114821723463,79.1083916083916,1.2270178786205292,0.9425941053792068,0.008184968439087862,-0.26912334920468295,-0.0006338474540460437,0.0356908254871906,0.004652146331148188,0.002862898950270365,0.0023381868423848484,-0.008276584599266723,0.030018618729788837,0.04157032691655527,0.004016913319238924,1
2024-02-20,95.05,96.16,93.88,94.98,1033907,0.004016913319238924,91.983,90.8546,0.19362793913007326,79.37877480586712,1.2444714962507817,1.002969583553522,0.007718846000575817,-0.5270649315005832,0.00945902858964831,0.02814462004762941,-0.0044201220795622165,0.004652146331148188,0.002862898950270365,-0.006021550813437471,0.03258210756335411,0.04540661672606561,0.012634238787113006,1
2024-02-21,96.71,96.73,96.15,96.18,1582554,0.012634238787113006,92.241,90.95119999999999,0.189836696242647,77.15105162523902,1.3396904673713266,1.070313760317083,0.007844246591995013,0.5306541110564102,0.019828226062983845,0.02910335972608613,0.004016913319238924,-0.0044201220795622165,0.004652146331148188,0.0023381868423848484,0.04270335317266727,0.057490170552999986,-0.008941567893533064,0
2024-02-22,95.27,96.48,94.11,95.32,1917747,-0.008941567893533064,92.55600000000001,91.0438,0.17205860258862052,75.35014005602233,1.3304211089344875,1.122335230040564,0.008654155843389704,0.21180509480245213,0.007824064284203791,0.015446894641525377,0.012634238787113006,0.004016913319238924,-0.0044201220795622165,0.002862898950270365,0.029863001858334126,0.04696860192566632,-0.0014687368862776884,0
2024-02-23,95.11,95.35,94.94,95.18,2192875,-0.0014687368862776884,92.951,91.125,0.15059843218481864,70.42553191489363,1.2968292057838653,1.1572340251892244,0.0068050957652001365,0.143464179581561,0.0016838560303096273,-0.002828706128863212,-0.008941567893533064,0.012634238787113006,0.004016913319238924,0.004652146331148188,0.02398037675764675,0.04449931412894381,-0.005463332632906215,0
2024-02-26,94.51,95.04,94.14,94.66,1299061,-0.005463332632906215,93.329,91.2132,0.1529941710971288,62.83783783783781,1.214250601255202,1.16863734040242,0.006487724839482487,-0.4075991563586616,0.0006342494714588476,0.0,-0.0014687368862776884,-0.008941567893533064,0.012634238787113006,-0.0044201220795622165,0.014261376421048189,0.037788390276845885,-0.0008451299387280953,0
2024-02-27,94.25,96.18,92.65,94.58,1819973,-0.0008451299387280953,93.661,91.33240000000002,0.15258671369964513,57.10659898477158,1.1293328843024995,1.160776449182436,0.006149932738575181,0.40099117747357504,-0.004211412929037706,0.005207779785311839,-0.005463332632906215,-0.0014687368862776884,-0.008941567893533064,0.004016913319238924,0.009811981507777956,0.035558027600281816,0.0047578769295835155,1
2024-02-28,94.87,95.84,94.06,95.03,2561553,0.0047578769295835155,94.00399999999999,91.4282,0.15257616056444256,57.32323232323228,1.0858294549600345,1.1457870503379557,0.006275023439005885,0.40746758331030186,-0.011956747764608089,0.007634397200721121,-0.0008451299387280953,-0.005463332632906215,-0.0014687368862776884,0.012634238787113006,0.010914429173226825,0.03939484754156819,0.014942649689571708,1
2024-02-29,96.77,97.37,95.85,96.45,1684293,0.014942649689571708,94.3015,91.5934,0.1343420891132127,56.44329896907215,1.1526478000055675,1.147159200271478,0.007717722788900331,-0.3424719301142706,0.011854804867813762,0.01977162190738002,0.0047578769295835155,-0.0008451299387280953,-0.005463332632906215,-0.008941567893533064,0.02278330673425133,0.05302347112346517,-0.0015552099533437946,0
2024-03-01,95.86,96.83,95.32,96.3,1786716,-0.0015552099533437946,94.62199999999999,91.78739999999999,0.1304462242174923,61.51685393258424,1.1798969558104204,1.1537067513792665,0.0077291226850463605,0.06081067842709076,0.011767177978566856,0.013470848242475242,0.014942649689571708,0.0047578769295835155,-0.0008451299387280953,-0.0014687368862776884,0.017733719430999217,0.04916361069166353,0.00031152647975085657,1
2024-03-04,96.36,96.73,95.97,96.33,1684688,0.00031152647975085657,94.8715,91.9614,0.1219079670409469,67.02127659574458,1.1901930527422877,1.1610040116518707,0.007476260086599263,-0.057103647138101454,0.017642087470948642,0.01828752642706144,-0.0015552099533437946,0.014942649689571708,0.0047578769295835155,-0.005463332632906215,0.015373426160648851,0.04750471393432454,-0.0009342883836811477,0
2024-03-05,96.57,96.84,95.97,96.24,1209252,-0.0009342883836811477,95.06450000000001,92.12899999999999,0.11803584119688941,64.96124031007739,1.1775168545807588,1.1643065802376484,0.0074799420792531325,-0.28221011843142474,0.017551279340241033,0.013265950726468745,0.00031152647975085657,-0.0015552099533437946,0.014942649689571708,-0.0008451299387280953,0.012365288830215038,0.04462221450357662,0.012364921030756593,1
2024-03-06,97.51,97.76,97.17,97.43,1788207,0.012364921030756593,95.263,92.3078,0.11878604607976428,69.33514246947077,1.2490951397296328,1.1812642921360452,0.007435124227876303,0.478771174246559,0.025255182573924007,0.012996464961530396,-0.0009342883836811477,0.00031152647975085657,-0.0015552099533437946,0.0047578769295835155,0.022747551515278852,0.05549043526115893,0.0065688186390227,1
2024-03-07,98.23,98.43,97.87,98.07,1858023,0.0065688186390227,95.473,92.51199999999999,0.11959084353591844,70.1453104359312,1.3419944213735562,1.2134103179835476,0.006631740443778902,0.03904245984944699,0.01679626749611196,0.0288501888375996,0.012364921030756593,-0.0009342883836811477,0.00031152647975085657,0.014942649689571708,0.0272014077278393,0.060078692493946706,0.0069338227796471585,1
2024-03-08,98.86,99.62,97.99,98.75,2602916,0.0069338227796471585,95.638,92.71860000000001,0.10816368340825254,76.50063856960398,1.4537303893695253,1.2614743322607431,0.006553071204413701,0.4009062320541781,0.02544132917964692,0.03750787980668191,0.0065688186390227,0.012364921030756593,-0.0009342883836811477,-0.0015552099533437946,0.032539367197139235,0.0650505939477084,0.011240506329113886,1
2024-03-11,100.02,100.25,99.64,99.86,1532186,0.011240506329113886,95.898,92.98,0.10640512101725152,78.50467289719613,1.6132530949006139,1.3318300847887174,0.006066324512805061,-0.41135787708861904,0.03664486660438082,0.054933446017325194,0.0069338227796471585,0.0065688186390227,0.012364921030756593,0.00031152647975085657,0.041314730234207175,0.07399440739944074,0.0104145804125777,1
2024-03-12,100.33,101.3,99.93,100.9,1279213,0.0104145804125777,96.2385,93.2602,0.10451765378832412,78.09523809523797,1.8028135839076072,1.4260267846124954,0.005822866370112678,-0.1651059336138041,0.04842061512884466,0.06682173821103832,0.011240506329113886,0.0069338227796471585,0.0065688186390227,-0.0009342883836811477,0.04843695610384624,0.08191918953637245,0.012983151635282297,1
2024-03-13,102.68,102.75,102.14,102.21,1709445,0.012983151635282297,96.6335,93.54360000000001,0.10962595853677845,88.92655367231635,2.035286176902744,1.5478786630705452,0.006121985333630003,0.33632553765479245,0.04906086421020195,0.07555508786698928,0.0104145804125777,0.011240506329113886,0.0069338227796471585,0.012364921030756593,0.0577077307558973,0.09264556848357319,-0.00557675374229516,0
2024-03-14,101.75,102.04,101.35,101.64,1469265,-0.00557675374229516,96.9865,93.8204,0.11481159829089678,84.80603448275853,2.148758593900041,1.6680546492364445,0.006697548912453515,-0.14050174179338903,0.036402569593147804,0.05381026438569214,0.012983151635282297,0.0104145804125777,0.011240506329113886,0.0065688186390227,0.04798090455888193,0.08334647901735659,0.0004919323101140183,1
2024-03-15,101.52,102.27,100.94,101.69,2405965,0.0004919323101140183,97.32000000000001,94.08460000000001,0.11526953340043321,89.89784335981838,2.2171628112751165,1.7778762816441789,0.006493765403647637,0.6375296491783307,0.029772151898734167,0.055970924195223315,-0.00557675374229516,0.012983151635282297,0.0104145804125777,0.0069338227796471585,0.04490341142622256,0.08083575845568758,-0.002556790244861773,0
2024-03-18,101.35,102.98,99.8,101.43,1634587,-0.002556790244861773,97.6615,94.31960000000001,0.11376800259627022,88.09788654060074,2.2247483056712554,1.8672506864495944,0.0068033817924546824,-0.3206106489495899,0.01572201081514124,0.05294300840859556,0.0004919323101140183,-0.00557675374229516,0.012983151635282297,0.011240506329113886,0.0385873655432285,0.07538623997557248,-0.016760327319333523,0
2024-03-19,99.7,99.96,99.47,99.73,1185564,-0.016760327319333523,97.899,94.5086,0.13456002448612547,72.94921875000003,2.0697255641790946,1.9077456619954944,0.009637497870537906,-0.2747011936348448,-0.011595639246778977,0.03626350789692445,-0.002556790244861773,0.0004919323101140183,-0.00557675374229516,0.0104145804125777,0.018702948957599164,0.05524788220331267,0.0038102877769978782,1
2024-03-20,100.32,100.85,99.58,100.11,2460147,0.0038102877769978782,98.0955,94.69839999999998,0.12926720923230586,69.8913043478261,1.9549957745293653,1.9171956845022688,0.009140946900122375,1.075085781956942,-0.020545934840035196,0.027506928050908375,-0.016760327319333523,-0.002556790244861773,0.0004919323101140183,0.012983151635282297,0.02053611021912327,0.05714563287236141,0.022275496953351404,1
2024-03-21,101.98,104.52,99.8,102.34,2010943,0.022275496953351404,98.44649999999999,94.89859999999999,0.14106248987045622,76.77304964539013,2.020720346461573,1.9379006168941297,0.011024463855474963,-0.18259234102677602,0.00688705234159781,0.043540328336902245,0.0038102877769978782,-0.016760327319333523,-0.002556790244861773,-0.00557675374229516,0.03954939992787976,0.07841422318137492,0.00830564784053145,1
2024-03-22,102.81,103.22,102.78,103.19,2139479,0.00830564784053145,98.84700000000001,95.1028,0.1406735260385385,78.34710743801656,2.116992072659599,1.9737189080472237,0.011068970742058431,0.06391827117924276,0.014750712951125955,0.04496202531645577,0.022275496953351404,0.0038102877769978782,-0.016760327319333523,0.0004919323101140183,0.043936588869667226,0.08503640271369495,-0.004457796298090844,0
2024-03-25,102.33,103.3,101.76,102.73,2292632,-0.004457796298090844,99.2505,95.3042,0.13981088645140696,76.0224538893345,2.1315982162887366,2.0052947696955266,0.011114026386647234,0.07158425018427383,0.012816720891255073,0.02874023633086331,0.00830564784053145,0.022275496953351404,0.0038102877769978782,-0.002556790244861773,0.03505775789542631,0.07791681793667027,-0.0032123040981212325,0
2024-03-26,102.69,104.07,101.02,102.4,2878689,-0.0032123040981212325,99.64150000000001,95.49600000000001,0.14117524375805834,71.4039621016366,2.0924252722227834,2.022720870200978,0.01092308490960643,0.25562628454981007,0.026772285169958998,0.014866204162537144,-0.004457796298090844,0.00830564784053145,0.022275496953351404,-0.016760327319333523,0.027684248029184566,0.07229622183128082,-0.0036132812500000444,0
2024-03-27,101.76,103.17,100.61,102.03,1446463,-0.0036132812500000444,99.9915,95.6628,0.1436975315419984,67.46031746031753,2.0083732474164435,2.019851345644071,0.010228321267887341,-0.49752717295963544,0.019178903206472864,-0.0017610801291457756,-0.0032123040981212325,-0.004457796298090844,0.00830564784053145,0.0038102877769978782,0.0203867328722942,0.06655878774194357,0.003920415564049762,1
2024-03-28,102.48,102.99,101.92,102.43,2477556,0.003920415564049762,100.2905,95.83480000000002,0.13734282769896178,66.63652802893316,1.9515419089224082,2.0061894582997386,0.010106513366567375,0.7128374524616254,0.0008794215360563573,0.00777253049980331,-0.0036132812500000444,-0.0032123040981212325,-0.004457796298090844,0.022275496953351404,0.021333027554953032,0.06881842503975588,-0.0015620423703993636,0
2024-03-29,101.92,103.38,100.81,102.27,2034177,-0.0015620423703993636,100.58900000000001,96.00699999999999,0.13734586683947542,61.9188921859545,1.8720126048723955,1.97935408761427,0.01013476128106972,-0.1789582152734388,-0.008915592596181798,0.005703609007768673,0.003920415564049762,-0.0036132812500000444,-0.0032123040981212325,0.00830564784053145,0.016711568859417936,0.06523482662722513,0.007040187738339698,1
2024-04-01,102.98,104.66,101.32,102.99,2045821,0.007040187738339698,100.922,96.2062,0.1376446081701049,60.674157303370755,1.8458057415298157,1.9526444183973792,0.010254724615674563,0.005724182310585579,0.002530906259125665,0.015380065069505955,-0.0015620423703993636,0.003920415564049762,-0.0036132812500000444,-0.004457796298090844,0.02049107231327163,0.07051312701260426,0.0028158073599380273,1
2024-04-02,103.14,103.31,103.1,103.28,1921040,0.0028158073599380273,101.274,96.4282,0.13672485749671331,56.100342075256606,1.8273723786086578,1.927590010439635,0.007982493410713224,-0.060993117188649415,0.008593749999999956,0.035596109495638295,0.007040187738339698,-0.0015620423703993636,0.003920415564049762,-0.0032123040981212325,0.019807650532219556,0.07105597740080172,0.0018396591789311412,1
2024-04-03,103.25,103.53,103.19,103.47,1686538,0.0018396591789311412,101.576,96.6772,0.1327945232309991,60.90584028605481,1.8072622238572364,1.9035244531231554,0.007999173558734956,-0.12207033690084534,0.01411349603057932,0.03356308061132762,0.0028158073599380273,0.007040187738339698,-0.0015620423703993636,-0.0036132812500000444,0.018646136882728204,0.07026268861737828,0.018169517734609064,1
2024-04-04,105.71,107.12,103.95,105.35,2206562,0.018169517734609064,101.94,97.0038,0.14287894517126504,67.90606653620351,1.920882333680396,1.9069960292346035,0.006956348452212693,0.30833814595342646,0.02850727325978708,0.02941176470588225,0.0018396591789311412,0.0028158073599380273,0.007040187738339698,0.003920415564049762,0.033451049637041264,0.08603992833270446,-0.007214048410061569,0
2024-04-05,104.63,105.83,103.39,104.59,2026086,-0.007214048410061569,102.232,97.35,0.14729120342625332,64.73880597014924,1.9273837606509119,1.9110735755178654,0.0073429246916372525,-0.08179058644171344,0.022685049379094657,0.013567206124624587,0.018169517734609064,0.0018396591789311412,0.0028158073599380273,-0.0015620423703993636,0.023065185069254257,0.07437082691319996,-0.011186537909934069,0
2024-04-08,103.13,104.26,102.3,103.42,2563569,-0.011186537909934069,102.41,97.67640000000002,0.15192383172404514,68.10598626104023,1.8171796506061355,1.8922947905355194,0.008195377219203765,0.26528143425303763,0.004175162637149343,0.006716635841526264,-0.007214048410061569,0.018169517734609064,0.0018396591789311412,0.007040187738339698,0.009862318132994874,0.058802330962238525,-0.0013537033455811587,0
2024-04-09,104.03,105.92,101.38,103.28,3329701,-0.0013537033455811587,102.529,97.9832,0.14878006220988793,65.92964824120604,1.6989607079715654,1.8536279740227286,0.008117504957355555,0.2988536684598697,0.0,0.008593749999999956,-0.011186537909934069,-0.007214048410061569,0.018169517734609064,0.0028158073599380273,0.007324756898048346,0.054058246719845826,-0.016169635941130966,0
2024-04-10,101.33,102.63,100.3,101.61,1447453,-0.016169635941130966,102.499,98.252,0.15407169501010934,46.112886048988265,1.4537582804604625,1.7736540353102757,0.009706354460536977,-0.5652903969455516,-0.017976224992751533,-0.004116436342252339,-0.0013537033455811587,-0.011186537909934069,-0.007214048410061569,0.0018396591789311412,-0.008673255348832676,0.03417742132475676,-0.010727290621001861,0
2024-04-11,100.17,100.74,99.95,100.52,3979477,-0.010727290621001861,102.44300000000001,98.4524,0.15748062112292294,36.137071651090345,1.1581295035732921,1.650549128962879,0.010084801609178755,1.7492961774924645,-0.04584717607973421,-0.018646880796641674,-0.016169635941130966,-0.0013537033455811587,-0.011186537909934069,0.018169517734609064,-0.018771414347490967,0.02100101165639434,0.007461201750895263,1
2024-04-12,100.78,102.03,100.02,101.27,2929569,0.007461201750895263,102.422,98.68,0.1599901657442812,42.64112903225803,0.9731425187919172,1.515067806928687,0.01050676251070494,-0.2638306491028847,-0.03174299646237699,-0.009778038525471766,-0.010727290621001861,-0.016169635941130966,-0.0013537033455811587,-0.007214048410061569,-0.011247583526976634,0.02624645318200236,0.016688061617458283,1
2024-04-15,103.46,104.46,101.95,102.96,1371768,0.016688061617458283,102.49849999999999,98.91239999999999,0.17040912442909248,52.48226950354604,0.9519345675382169,1.4024411590505932,0.011695870672233275,-0.531750916261061,-0.004447882421195204,-0.00029129041654529786,0.007461201750895263,-0.010727290621001861,-0.016169635941130966,-0.011186537909934069,0.004502504914706051,0.04092105742050545,0.016219891219891203,1
2024-04-16,104.71,104.85,104.49,104.63,1950446,0.016219891219891203,102.7435,99.1574,0.1654649532207954,60.33386327503971,1.0576897673532812,1.333490880711131,0.012769162866000244,0.4218483008788658,0.013071262587141641,0.013071262587141641,0.016688061617458283,0.007461201750895263,-0.010727290621001861,-0.0013537033455811587,0.018361258863091034,0.05519103970051664,-0.014718531969798221,0
2024-04-17,103.2,103.69,102.6,103.09,2034776,-0.014718531969798221,102.8925,99.35,0.17617344023951795,52.405247813411066,1.0056439578938097,1.2679214961476668,0.013738657505380263,0.04323626493632737,0.014565495522094407,-0.003672562095293319,0.016219891219891203,0.016688061617458283,0.007461201750895263,-0.016169635941130966,0.0019194790679593066,0.037644690488173316,-0.019303521195072393,0
2024-04-18,101.45,101.48,101.07,101.1,3089730,-0.019303521195072393,102.8305,99.4946,0.17301668765411757,46.237942122186496,0.7946605577999719,1.1732693084781278,0.013248103756623301,0.5184619830389192,0.005769996020692281,-0.04034171808258191,-0.014718531969798221,0.016219891219891203,0.016688061617458283,-0.010727290621001861,-0.01682866464716215,0.016135549064974164,0.010979228486646786,1
2024-04-19,102.26,103.19,101.28,102.21,1441828,0.010979228486646786,102.78150000000001,99.62980000000002,0.17508024127024893,47.55332496863237,0.7088512208854496,1.0803856909595921,0.013990729048329594,-0.5333482213656209,0.00928211711266913,-0.022755521560378744,-0.019303521195072393,-0.014718531969798221,0.016219891219891203,0.007461201750895263,-0.005560339166095218,0.025897873929285886,0.0030329713335290887,1
2024-04-22,102.75,103.29,101.98,102.52,3611300,0.0030329713335290887,102.771,99.78699999999999,0.17480739449410587,47.619047619047606,0.6582729515548635,0.9959631430786464,0.013696659718188915,1.5046676857433758,-0.004273504273504258,-0.008702378650164433,0.010979228486646786,-0.019303521195072393,-0.014718531969798221,0.016688061617458283,-0.0024423232234774828,0.027388337158146925,0.007998439328911422,1
2024-04-23,103.87,104.64,102.57,103.34,1378521,0.007998439328911422,102.81799999999998,99.97200000000001,0.17663301209224086,49.608197709463546,0.6765575217197295,0.932082018806863,0.01397037665492586,-0.6182756901946667,-0.012329159896779074,0.0005809450038729569,0.0030329713335290887,0.010979228486646786,-0.019303521195072393,0.016219891219891203,0.005076932054698835,0.033689433041251604,-0.0028062705631894946,0
2024-04-24,103.14,103.86,102.34,103.05,1753617,-0.0028062705631894946,102.869,100.1468,0.17640588069992172,42.33333333333336,0.6600390792936679,0.877673430904224,0.012828781059413517,0.2721003162084581,-0.0003880104762828962,0.01417183348095663,0.007998439328911422,0.0030329713335290887,0.010979228486646786,-0.014718531969798221,0.0017595193887371963,0.028989443496946432,-0.0049490538573506715,0
2024-04-25,102.8,103.48,101.86,102.54,1613276,-0.0049490538573506715,102.87450000000001,100.306,0.1769709838029088,43.050847457627135,0.5988917061189483,0.821917085947169,0.012338497367420992,-0.08002944770722453,0.014243323442136635,0.020095503382411506,-0.0028062705631894946,0.007998439328911422,0.0030329713335290887,-0.019303521195072393,-0.0032515346368634512,0.02227184814467731,-0.020869904427540442,0
2024-04-26,100.48,101.11,99.78,100.4,1338246,-0.020869904427540442,102.78099999999999,100.41359999999999,0.19202521439850986,40.39440203562343,0.373446992593216,0.7322230672763784,0.014089013548770318,-0.17047919884756235,-0.01770863907641118,-0.008590895625555373,-0.0049490538573506715,-0.0028062705631894946,0.007998439328911422,0.010979228486646786,-0.02316576020859873,-0.0001354398209005847,0.005079681274900327,1
2024-04-29,100.97,101.46,100.42,100.91,1347901,0.005079681274900327,102.67699999999999,100.5398,0.1910802020751361,42.63517712865132,0.2332444735335315,0.632427348527809,0.012920249061110495,0.007214667557384757,-0.015704252828716347,-0.01991064491064487,-0.020869904427540442,-0.0049490538573506715,-0.0028062705631894946,0.0030329713335290887,-0.017209306855478834,0.003682123895213607,0.007432365474185021,1
2024-04-30,102.11,102.34,101.43,101.66,1635320,0.007432365474185021,102.596,100.6734,0.19298038831613512,50.16479894528674,0.18057019821857523,0.5420559184659623,0.01179851048014488,0.21323450312745518,-0.016257015676408026,-0.028385740227468204,0.005079681274900327,-0.020869904427540442,-0.0049490538573506715,0.007998439328911422,-0.009123162696401454,0.009800006754514978,-0.015148534330119978,0
2024-05-01,100.31,100.48,99.95,100.12,1858200,-0.015148534330119978,102.42850000000001,100.75220000000002,0.1993097111568851,48.719590268886066,0.014394396211500293,0.43652361401506995,0.011847406355683321,0.13629136805028974,-0.028432799611838866,-0.028809777864002295,0.007432365474185021,0.005079681274900327,-0.020869904427540442,-0.0028062705631894946,-0.022537672620413396,-0.006274800947274728,0.005793048341989682,1
2024-05-02,100.8,101.25,100.24,100.7,1614235,0.005793048341989682,102.196,100.85979999999999,0.18754759509373672,48.155339805825264,-0.06969655289616128,0.3352795806328237,0.010564739717927426,-0.131291034334302,-0.017944216890969367,-0.003956478733926683,-0.015148534330119978,0.007432365474185021,0.005079681274900327,-0.0049490538573506715,-0.014638537711847754,-0.0015843775220651946,-0.004170804369414083,0
2024-05-03,99.72,100.56,99.44,100.28,1443893,-0.004170804369414083,101.9805,100.9618,0.18677545032137643,40.5500705218618,-0.16828978592472765,0.23456570732131343,0.009820304808203577,-0.10552490808339554,-0.0011952191235060639,-0.018882692495841846,0.005793048341989682,-0.015148534330119978,0.007432365474185021,-0.020869904427540442,-0.016674756448536776,-0.006753049173053527,-9.972078181097466e-05,0
2024-05-06,100.02,100.93,99.35,100.27,804739,-9.972078181097466e-05,101.82300000000001,101.07400000000001,0.18369188760764651,32.587859424920126,-0.24441508489667285,0.1387695488777162,0.0096960270568057,-0.44266022482275347,-0.006342285204637754,-0.02194693718298868,-0.004170804369414083,0.005793048341989682,-0.015148534330119978,0.005079681274900327,-0.015251956827043167,-0.007954567940321122,0.007878727435923105,1
2024-05-07,100.87,101.69,100.25,101.06,1823497,0.007878727435923105,101.712,101.2036,0.18667626732617898,41.37638062871708,-0.23825211303827132,0.0633652164945187,0.009682136024849715,1.2659483385296353,-0.005902026362384349,-0.022063092703696552,-9.972078181097466e-05,-0.004170804369414083,0.005793048341989682,0.007432365474185021,-0.0064102564102563875,-0.001418921856534694,0.006629724915891533,1
2024-05-08,101.74,103.06,100.41,101.73,3857724,0.006629724915891533,101.718,101.33760000000001,0.1795421734965245,53.014354066985696,-0.1772611565903759,0.01523994187753979,0.010067125653157417,1.1155636669542095,0.01608070315621246,-0.012809315866084359,0.007878727435923105,-9.972078181097466e-05,-0.004170804369414083,-0.015148534330119978,0.00011797322007911504,0.0038722053808259993,-0.015334709525213874,0
2024-05-09,100.3,101.68,98.8,100.17,3633871,-0.015334709525213874,101.7005,101.412,0.18392552705965237,40.642201834862426,-0.25190059348629745,-0.038188165195227664,0.010985798478520423,-0.05802722019512019,-0.0052631578947368585,-0.023112931538911696,0.006629724915891533,0.007878727435923105,-9.972078181097466e-05,0.005793048341989682,-0.01504909022079537,-0.012247071352502692,0.0013976240391335715,1
2024-05-10,100.37,100.65,100.02,100.31,2968112,0.0013976240391335715,101.6525,101.4922,0.18186262988999483,39.70177073625353,-0.2963400315844069,-0.08981853847306352,0.008848044979304557,-0.1832093104020478,0.0002991623454327019,-0.0008964143426295479,-0.015334709525213874,0.006629724915891533,0.007878727435923105,-0.004170804369414083,-0.013206758318782152,-0.011648185771911512,0.01575117136875681,1
2024-05-13,101.86,103.94,99.81,101.89,1778640,0.01575117136875681,101.599,101.60340000000001,0.1807209510325947,43.69016536118362,-0.2017402747486159,-0.11220288572817401,0.010092116461073407,-0.40075037599659313,0.016156377779994013,0.009711624219601589,0.0013976240391335715,-0.015334709525213874,0.006629724915891533,-9.972078181097466e-05,0.0028642014193052123,0.0028207717458272885,-0.009421925606045711,0
2024-05-14,101.05,102.26,99.72,100.93,2411304,-0.009421925606045711,101.414,101.69720000000001,0.17204342950194434,41.282894736842124,-0.20190581825620768,-0.13014347223378075,0.010306019306501586,0.3557009850222641,-0.0012863645359192377,-0.00718079874090094,0.01575117136875681,0.0013976240391335715,-0.015334709525213874,0.007878727435923105,-0.0047725166150629494,-0.007543963845612289,-0.005647478450411247,0
2024-05-15,100.48,100.73,100.11,100.36,1661319,-0.005647478450411247,101.2775,101.7558,0.16587165566980172,41.08019639934531,-0.24520468204983104,-0.1531557141969908,0.009202022103507982,-0.3110288043315982,-0.013467020544578823,0.00239712345185783,-0.009421925606045711,0.01575117136875681,0.0013976240391335715,0.006629724915891533,-0.009059267853175679,-0.01371715420644326,0.00528098844161029,1
2024-05-16,101.18,101.48,100.58,100.89,1697267,0.00528098844161029,101.267,101.81220000000002,0.15290801703398707,52.30914231856736,-0.23405473565395596,-0.16933551848838385,0.009169286698307504,0.021638228419707417,0.007187780772686336,0.0018867924528300772,-0.005647478450411247,-0.009421925606045711,0.01575117136875681,-0.015334709525213874,-0.00372283172208121,-0.009057853577469244,-0.0012885320646247589,0
2024-05-17,100.24,101.21,99.79,100.76,2096085,-0.0012885320646247589,101.1945,101.8524,0.14725779220687915,49.26686217008802,-0.23302210260131062,-0.1820728353109692,0.009060362162083896,0.23497658294187063,0.004486093111354839,0.004786597526924563,0.00528098844161029,-0.005647478450411247,-0.009421925606045711,0.0013976240391335715,-0.004293711614761664,-0.01072532409643756,-9.924573243358381e-05,0
2024-05-20,101.07,101.47,100.35,100.75,2824210,-9.924573243358381e-05,101.106,101.87019999999998,0.14663065551550528,45.20547945205482,-0.23035525787229005,-0.19172931982323338,0.009060358584534682,0.3473737944787545,-0.011188536657179338,0.004787074897776078,-0.0012885320646247589,0.00528098844161029,-0.005647478450411247,0.01575117136875681,-0.0035210571083812425,-0.010996346330918949,0.0036724565756824923,1
2024-05-21,101.73,102.25,100.6,101.12,1678429,0.0036724565756824923,100.995,101.87459999999999,0.1439558777802645,56.00961538461537,-0.19612504894929828,-0.19260846564844636,0.008773594113472893,-0.40569964698092564,0.0018824928168037491,0.0005937067088859216,-9.924573243358381e-05,-0.0012885320646247589,0.00528098844161029,-0.009421925606045711,0.0012376850339126388,-0.007407145647688296,0.01572389240506311,1
2024-05-22,103.07,103.13,102.66,102.71,1622664,0.01572389240506311,100.978,101.88459999999999,0.15551363215244526,60.77170418006425,-0.040233859064343847,-0.16213354433162588,0.009922426319941655,-0.033224521263634066,0.02341570346751687,0.009633343163275132,0.0036724565756824923,-9.924573243358381e-05,-0.0012885320646247589,-0.005647478450411247,0.017152250985363215,0.008101322476605999,-0.0036023756206794433,0
2024-05-23,102.23,102.63,101.95,102.34,1969564,-0.0036023756206794433,100.968,101.89859999999999,0.15503166616268216,61.09913793103449,0.05284594906848383,-0.11913764565160394,0.00834402587643456,0.21378424615323932,0.014372088413123318,0.021663172606568804,0.01572389240506311,0.0036724565756824923,-9.924573243358381e-05,0.00528098844161029,0.013588463671658335,0.004331757256724078,-0.0019542700801250534,0
2024-05-24,101.88,104.43,99.6,102.14,1185453,-0.0019542700801250534,101.05499999999999,101.9076,0.1345271971109874,59.87328405491027,0.10921507567887545,-0.07346710138550806,0.00844550545029453,-0.3981139988342598,0.013695911075823686,0.0182434453195095,-0.0036023756206794433,0.01572389240506311,0.0036724565756824923,-0.0012885320646247589,0.010736727524615297,0.0022804972347498786,0.0079302917564128,1
2024-05-27,102.95,103.48,102.42,102.95,2709988,0.0079302917564128,101.157,101.93799999999999,0.13607530756374614,59.957850368809275,0.21674968968214614,-0.01542374317197722,0.007298526288626337,1.2860358023472882,0.021836228287841264,0.010403376190008862,-0.0019542700801250534,-0.0036023756206794433,0.01572389240506311,-9.924573243358381e-05,0.017724922644997365,0.009927603052836131,-0.004468188440990839,0
2024-05-28,102.92,104.44,100.96,102.49,2850385,-0.004468188440990839,101.1985,101.9932,0.135210181039929,54.09482758620685,0.26183521701025825,0.040028048864469874,0.006647126921000257,0.05180724047486551,0.013548259493670889,0.015456256811651414,0.0079302917564128,-0.0019542700801250534,-0.0036023756206794433,0.0036724565756824923,0.012762046868283639,0.004870912962824825,0.009659478973558455,1
2024-05-29,103.58,103.87,103.2,103.48,3048022,0.009659478973558455,101.3665,102.06060000000001,0.12560774454270385,69.00114810562572,0.37314911771451875,0.10665226263447965,0.006566267251051842,0.06933694921914046,0.007496835751144015,0.031088082901554515,-0.004468188440990839,0.0079302917564128,-0.0019542700801250534,0.01572389240506311,0.0208500836075034,0.013907423628706894,-0.009373792037108641,0
2024-05-30,101.91,102.78,101.64,102.51,2641350,-0.009373792037108641,101.45700000000001,102.06400000000002,0.13046672069482484,61.53039832285116,0.3787295343037158,0.1610677169683269,0.007579056254755254,-0.1334216091616136,0.0016611295681063787,0.01605709188224802,0.009659478973558455,-0.004468188440990839,0.0079302917564128,-0.0036023756206794433,0.010378781158520312,0.004369807179808616,0.01268168959125937,1
2024-05-31,102.8,104.31,102.3,103.81,1652471,0.01268168959125937,101.6335,102.07639999999999,0.13536198519976153,60.36717062634989,0.48248935317784003,0.22535204421022953,0.008241927674972999,-0.37438393245878054,0.016350107695320082,0.03026994839221908,-0.009373792037108641,0.009659478973558455,-0.004468188440990839,-0.0019542700801250534,0.02141518298592504,0.016983357563550516,0.00385319333397538,1
2024-06-03,104.29,104.93,103.57,104.21,1838446,0.00385319333397538,101.8305,102.10600000000001,0.13536668059877813,68.85057471264359,0.5901930363051093,0.29832024262920553,0.008170342370473673,0.11254357867702369,0.012238950947061511,0.03434243176178664,0.01268168959125937,-0.009373792037108641,0.009659478973558455,0.0079302917564128,0.023367262264252675,0.020606036863651367,0.014394012090970243,1
2024-06-04,106.48,107.15,105.04,105.71,1470498,0.014394012090970243,102.063,102.17219999999999,0.14100111304596585,77.77777777777776,0.7875085369170165,0.39615790148676777,0.008880859135524395,-0.20014077106425754,0.0314176992877353,0.045391613924050445,0.00385319333397538,0.01268168959125937,-0.009373792037108641,-0.004468188440990839,0.03573283168239216,0.03462585713139199,0.0011351811559927594,1
2024-06-05,105.34,106.63,104.54,105.83,2211581,0.0011351811559927594,102.268,102.2482,0.1401038063174154,76.78958785249456,0.942698646662322,0.5054660505218787,0.007982165955906952,0.5039673634374204,0.02270970235794345,0.03037678901762253,0.014394012090970243,0.00385319333397538,0.01268168959125937,0.009659478973558455,0.0348300543669573,0.035030445523735354,-0.01474062175186619,0
2024-06-06,104.08,104.52,103.83,104.27,4357995,-0.01474062175186619,102.473,102.285,0.13914064294469902,66.47887323943658,0.9290988905179205,0.5901926185210871,0.009619052540509938,0.9705337493856205,0.01716905667739721,0.01885870627320685,0.0011351811559927594,0.014394012090970243,0.00385319333397538,-0.009373792037108641,0.017536326642139777,0.01940656010167663,-0.01131677376042961,0
2024-06-07,103.1,103.29,102.9,103.09,1440675,-0.01131677376042961,102.612,102.3014,0.14702055497853941,59.898477157360425,0.8137247352421895,0.6348990418653075,0.010456346527194994,-0.6694179318700457,-0.006935748001155928,0.009300959467397618,-0.01474062175186619,0.0011351811559927594,0.014394012090970243,0.01268168959125937,0.004658324562429428,0.00770859440828775,0.0032010864293334773,1
2024-06-10,103.53,104.09,102.86,103.42,2506375,0.0032010864293334773,102.6885,102.31,0.13720351574984904,59.76230899830221,0.7403834485134269,0.6559959231949315,0.010210907632497013,0.7397226994290871,-0.007580846367910898,0.004565322972316599,-0.01131677376042961,-0.01474062175186619,0.0011351811559927594,0.00385319333397538,0.0071234851030057555,0.010849379337308118,0.003577644556178816,1
2024-06-11,104.07,104.69,103.17,103.79,3222614,0.003577644556178816,102.8315,102.32019999999999,0.1320446818027595,55.113636363636424,0.7040005777314917,0.6655968541022436,0.010092012861370533,0.28576689441923087,-0.018162898495884816,0.01268416430871322,0.0032010864293334773,-0.01131677376042961,-0.01474062175186619,0.014394012090970243,0.009321073795480972,0.01436470999861239,0.0030831486655746865,1
2024-06-12,103.62,104.7,103.02,104.11,1388381,0.0030831486655746865,103.019,102.33300000000001,0.12944852159673018,58.42055185537581,0.6929997464609414,0.6710774325739832,0.009693674594638001,-0.5691755202453661,-0.016252480393083246,0.00608813297255506,0.003577644556178816,0.0032010864293334773,-0.01131677376042961,0.0011351811559927594,0.01059027946301172,0.017364877410023905,-9.605225242537152e-05,0
2024-06-13,104.14,104.42,103.82,104.1,4162380,-9.605225242537152e-05,103.1795,102.30799999999999,0.12897416977634987,59.49612403100772,0.6756857077565428,0.6719990876104951,0.009050403266940354,1.9980099122647168,-0.001630382660400942,0.015510681884694177,0.0030831486655746865,0.003577644556178816,0.0032010864293334773,-0.01474062175186619,0.008921345809971948,0.01751573679477647,0.004803073967339033,1
2024-06-14,104.4,104.97,104.03,104.6,1587627,0.004803073967339033,103.3715,102.3082,0.12897815986175867,58.2417582417582,0.6943064955777913,0.6764605692039545,0.008287060258577483,-0.6185771121329624,0.014647395479677972,0.007610056834601586,-9.605225242537152e-05,0.0030831486655746865,0.003577644556178816,-0.01131677376042961,0.011884320146268612,0.02240094146901228,0.0071701720841299554,1
2024-06-17,105.61,106.3,104.66,105.35,1939106,0.0071701720841299554,103.60150000000002,102.3468,0.13005796357806682,63.883495145631066,0.7608121669981358,0.6933308887627908,0.008487281785219392,0.22138638357750273,0.01866176754979687,0.010939449189137251,0.004803073967339033,-9.605225242537152e-05,0.0030831486655746865,0.0032010864293334773,0.016877168766861184,0.029343369797590002,0.0018035121025155032,1
2024-06-18,105.66,105.74,105.45,105.54,2302184,0.0018035121025155032,103.82249999999999,102.39200000000001,0.12995919033872216,60.842105263157904,0.8194042210511157,0.7185455552204558,0.007123893024752057,0.18723989302286714,0.016860969264861803,-0.0016081733043230573,0.0071701720841299554,0.004803073967339033,-9.605225242537152e-05,0.003577644556178816,0.01654265693852497,0.030744589421048518,0.005779799128292629,1
2024-06-19,106.51,107.26,105.4,106.15,2774448,0.005779799128292629,103.99449999999999,102.48280000000001,0.12066872937686512,69.9124726477024,0.9046327053256675,0.7557629852414982,0.007363501811079523,0.20513738258974956,0.019594659494765132,0.003023717282434113,0.0018035121025155032,0.0071701720841299554,0.004803073967339033,0.0030831486655746865,0.0207270576809353,0.035783565632476755,-9.420631182288641e-05,0
2024-06-20,105.75,106.74,105.14,106.14,2618936,-9.420631182288641e-05,104.1845,102.5952,0.11926782176664628,64.84076433121015,0.9603002334002895,0.7966704348732565,0.005160722918944467,-0.056051510066146504,0.019596541786743638,0.017934209264409695,0.005779799128292629,0.0018035121025155032,0.0071701720841299554,-9.605225242537152e-05,0.01876958664676609,0.034551324038551545,0.007160354249104994,1
2024-06-21,106.54,109.13,104.31,106.9,1846372,0.007160354249104994,104.42250000000001,102.7078,0.11979752101429354,66.38246041412913,1.0535975817960832,0.848055864257822,0.002636668034931601,-0.2949915538218574,0.02198852772466542,0.03695799786594245,-9.420631182288641e-05,0.005779799128292629,0.0018035121025155032,0.004803073967339033,0.02372572960808239,0.040816763673255485,-0.004303086997193728,0
2024-06-24,106.21,107.8,104.85,106.44,1592773,-0.004303086997193728,104.59700000000001,102.77740000000001,0.12005148991266347,55.090655509065556,1.07799182818259,0.8940430570427756,0.0036487391784998818,-0.137349894820762,0.010346464167062308,0.02920131502610701,0.007160354249104994,-9.420631182288641e-05,0.005779799128292629,0.0071701720841299554,0.017620008222033023,0.03563623909536506,-0.0003757985719653467,0
2024-06-25,106.25,107.26,105.4,106.4,879731,-0.0003757985719653467,104.79249999999999,102.81280000000001,0.118128223533677,54.01974612129764,1.081628439132885,0.9315601334607976,0.0037776672011752602,-0.44767333449273683,0.00814856926283869,0.02514693130359369,-0.004303086997193728,0.007160354249104994,-9.420631182288641e-05,0.0018035121025155032,0.015339838251783533,0.034890597279715996,0.0005639097744358779,1
2024-06-26,106.23,107.11,105.58,106.46,1665696,0.0005639097744358779,104.94149999999999,102.8802,0.11456241584035615,69.5885509838998,1.0769377105140876,0.9606356488714556,0.003817734117014187,0.8934151462208335,0.00292039566650959,0.022572279319950095,-0.0003757985719653467,-0.004303086997193728,0.007160354249104994,0.005779799128292629,0.01446996660043931,0.03479581105013385,-0.002066503851211765,0
2024-06-27,105.84,106.33,105.74,106.24,3093010,-0.002066503851211765,105.128,102.98299999999999,0.10816753121732707,84.01727861771042,1.043439986262726,0.9771965163497097,0.003998347065401737,0.8568874512516089,0.0009421518748822244,0.0205571565802114,0.0005639097744358779,-0.0003757985719653467,-0.004303086997193728,-9.420631182288641e-05,0.010577581614793274,0.031626579144130584,0.006777108433734913,1
2024-06-28,106.77,107.04,106.69,106.96,1527798,0.006777108433734913,105.2855,103.07799999999999,0.10216071638240266,85.25896414342614,1.0627401739716476,0.9943052478740974,0.0041936549229432815,-0.5060481537402077,0.0005612722170251772,0.022562141491395682,-0.002066503851211765,0.0005639097744358779,-0.0003757985719653467,0.007160354249104994,0.015904374296555446,0.03766080055880017,0.014397905759162333,1
2024-07-01,107.97,108.72,107.75,108.5,2528821,0.014397905759162333,105.5,103.19760000000001,0.11176632618692127,88.04523424878825,1.1885994073735304,1.033164079773984,0.005543190794673018,0.6552063819955256,0.01935362645621952,0.029900332225913706,0.006777108433734913,-0.002066503851211765,0.0005639097744358779,-0.004303086997193728,0.028436018957346043,0.05138103986914411,-0.003317972350230458,0
2024-07-02,108.46,109.15,107.45,108.14,2557047,-0.003317972350230458,105.6215,103.29360000000001,0.10315739080627984,82.3434991974317,1.2449438277610625,1.0755200293713998,0.0058882107098962196,0.011161723190372008,0.016353383458646675,0.024635209399279878,0.014397905759162333,0.006777108433734913,-0.002066503851211765,-0.0003757985719653467,0.02384457709841281,0.04691868615286898,0.004438690586276994,1
2024-07-03,108.46,109.91,107.16,108.62,2123950,0.004438690586276994,105.76100000000001,103.405,0.10381248987608986,83.73134328358208,1.3131915209107063,1.1230543276792613,0.005818862702255798,-0.16937389105479872,0.020289310539169714,0.023268959020254387,-0.003317972350230458,0.014397905759162333,0.006777108433734913,0.0005639097744358779,0.027032649086146998,0.050432764373096184,0.001196832995765007,1
2024-07-04,108.33,109.14,107.95,108.75,1639869,0.001196832995765007,105.98500000000001,103.5292,0.08477431658177371,82.78041074249603,1.362067160604468,1.1708568942643027,0.005773540823556073,-0.22791544057063495,0.02362575301204828,0.024590163934426146,0.004438690586276994,-0.003317972350230458,0.014397905759162333,-0.002066503851211765,0.026088597443034267,0.0504282849669464,-0.006896551724137945,0
2024-07-05,108.05,108.91,107.14,108.0,1660036,-0.006896551724137945,106.2305,103.6812,0.07653415799201571,70.93206951026856,1.3250088479929758,1.2016872850100373,0.006194393533481536,0.012297933554448637,0.00972326103216159,0.010289990645462987,0.001196832995765007,0.004438690586276994,-0.003317972350230458,0.006777108433734913,0.01665717472853845,0.041654610479045395,0.005740740740740824,1
2024-07-08,108.09,109.07,107.63,108.62,1975309,0.005740740740740824,106.4905,103.8354,0.07743864947715569,72.78106508875737,1.3303334310125479,1.2274165142105395,0.006043968003166198,0.1899193752424646,0.0011059907834101157,0.020481022172115892,-0.006896551724137945,0.001196832995765007,0.004438690586276994,0.014397905759162333,0.019997088942206087,0.04607869763105832,-0.004050819370281733,0
2024-07-09,108.29,108.62,107.86,108.18,1084547,-0.004050819370281733,106.71,103.9658,0.08065522336282899,65.40212443095598,1.2842449028254634,1.2387821919335245,0.006313303935555098,-0.45094818076564225,0.00036989088218986055,0.016729323308270594,0.005740740740740824,-0.006896551724137945,0.001196832995765007,-0.003317972350230458,0.01377565364070854,0.04053448345513622,0.0067480125716397055,1
2024-07-10,108.79,109.0,108.7,108.91,3275015,0.0067480125716397055,106.95,104.1416,0.08228890921953283,68.94664842681259,1.291734005780583,1.2493725547029362,0.006492351437902618,2.0197077673904404,0.002669858221322041,0.023013338343039758,-0.004050819370281733,0.005740740740740824,-0.006896551724137945,0.004438690586276994,0.018326320710612354,0.04578765834210352,-0.005509135983839841,0
2024-07-11,108.87,109.23,107.95,108.31,1393293,-0.005509135983839841,107.1605,104.29379999999999,0.08648845441389078,59.86013986013986,1.2350176732721536,1.2465015784167797,0.006831823461326589,-0.5745689714398254,-0.004045977011494228,0.01948418674698793,0.0067480125716397055,-0.004050819370281733,0.005740740740740824,0.001196832995765007,0.010726900303750009,0.03850852112014347,-0.0060936201643430055,0
2024-07-12,107.82,107.93,107.53,107.65,1614628,-0.0060936201643430055,107.31300000000002,104.44120000000001,0.09036389675485547,58.23129251700689,1.1238579520957757,1.2219728531525789,0.007031369861308184,0.15885746931908784,-0.003240740740740655,0.00645100972326107,-0.005509135983839841,0.0067480125716397055,-0.004050819370281733,-0.006896551724137945,0.003140346463149646,0.03072350758129927,0.008081746400371514,1
2024-07-15,108.26,108.87,107.9,108.52,1624535,0.008081746400371514,107.47150000000002,104.60619999999999,0.09118299185594972,62.95843520782396,1.0933612138282882,1.196250525287721,0.0058442056457079245,0.006135778643749479,-0.0009206407659732019,0.00018433179723498228,-0.0060936201643430055,-0.005509135983839841,0.0067480125716397055,0.005740740740740824,0.009756074866359654,0.03741460831193577,0.002580169553999312,1
2024-07-16,109.08,109.31,108.57,108.8,1802744,0.002580169553999312,107.6345,104.76100000000001,0.09125903163179158,63.92857142857148,1.0793439834041436,1.1728692169110055,0.005765448415564084,0.10969846756148693,0.00573118875947487,0.006103199556130923,0.008081746400371514,-0.0060936201643430055,-0.005509135983839841,-0.004050819370281733,0.010828312483450953,0.03855442387911512,0.009007352941176494,1
2024-07-17,109.81,110.13,109.45,109.78,2307642,0.009007352941176494,107.816,104.92199999999998,0.09392890315211637,69.32314410480356,1.1342382446569985,1.1651430224602042,0.006261066900316461,0.2800719347838627,0.007988247176567764,0.010679432885288165,0.002580169553999312,0.008081746400371514,-0.0060936201643430055,0.0067480125716397055,0.018216220227053492,0.046301061741103045,-0.0048278374931681745,0
2024-07-18,109.46,110.74,107.97,109.25,3054417,-0.0048278374931681745,107.97150000000002,105.10359999999999,0.0965927945152257,62.764771460423695,1.1220415747592796,1.1565227329200194,0.006532598206094639,0.3236095546882922,0.008678792355276466,0.0045977011494253706,0.009007352941176494,0.002580169553999312,0.008081746400371514,-0.005509135983839841,0.011841087694437702,0.03945059921829519,0.0021967963386726463,1
2024-07-19,108.48,109.99,107.97,109.49,2157934,0.0021967963386726463,108.101,105.28720000000001,0.09428889332546411,56.453715775749664,1.1188442798279254,1.1489870423016006,0.006003469359927353,-0.2935038012164023,0.017092429168601875,0.013796296296296306,-0.0048278374931681745,0.009007352941176494,0.002580169553999312,-0.0060936201643430055,0.012849094827984908,0.03991748284691754,-0.005479952507078223,0
2024-07-22,108.74,109.37,108.26,108.89,3476034,-0.005479952507078223,108.22349999999999,105.4272,0.09528951074564418,54.74083438685211,1.0557256666500336,1.1303347671712873,0.006146290880537795,0.6108157154018612,0.0034095097677848685,0.0024857300681273564,0.0021967963386726463,-0.0048278374931681745,0.009007352941176494,0.008081746400371514,0.006158551516075583,0.03284541370727867,0.00036734319037567964,1
2024-07-23,108.78,109.43,108.28,108.93,1747938,0.00036734319037567964,108.35,105.5872,0.09516754735174984,52.07496653279787,0.9974335832012571,1.1037545303772813,0.005957458340219049,-0.49714588522436776,0.001194852941176494,0.00693288962839711,-0.005479952507078223,0.0021967963386726463,-0.0048278374931681745,0.002580169553999312,0.005353022611906066,0.031659140501879124,-0.003029468465987395,0
2024-07-24,109.01,109.82,107.8,108.6,2545700,-0.003029468465987395,108.457,105.75200000000001,0.09633013357019864,49.022164276401526,0.914071596645087,1.0658179436308426,0.0056502797354847836,0.45640177168755414,-0.010748770267808405,-0.002846386924983957,0.00036734319037567964,-0.005479952507078223,0.0021967963386726463,0.009007352941176494,0.0013184948873747881,0.026930932748316705,0.006261510128913406,1
2024-07-25,108.92,109.76,108.45,109.28,2656543,0.006261510128913406,108.60900000000001,105.9198,0.09732970137984491,58.42105263157896,0.8925877428287805,1.0311719034704303,0.005663761699939783,0.04354126566366823,0.00027459954233410855,0.008955775090019324,-0.003029468465987395,0.00036734319037567964,-0.005479952507078223,-0.0048278374931681745,0.006178125201410589,0.03172400250000473,-0.004026354319180081,0
2024-07-26,108.94,109.4,108.38,108.84,2109842,-0.004026354319180081,108.703,106.08140000000002,0.09701115559133121,51.482479784366575,0.8304840084390293,0.9910343244641501,0.005412004936576991,-0.20579414675388275,-0.005936615216001417,0.011054342777519821,0.006261510128913406,-0.003029468465987395,0.00036734319037567964,0.0021967963386726463,0.0012603148027192645,0.026004558763364605,0.009647188533627338,1
2024-07-29,109.83,111.84,107.89,109.89,2559635,0.009647188533627338,108.77250000000001,106.2642,0.08940465583493379,60.647571606475694,0.8561237150175458,0.9640522025748293,0.005653235599670856,0.2131880017555816,0.009183579759390215,0.012624401032067967,-0.004026354319180081,0.006261510128913406,-0.003029468465987395,-0.005479952507078223,0.010273736468316752,0.03412061635056762,-0.0009100009100008188,0
2024-07-30,109.33,111.11,108.02,109.79,1397220,-0.0009100009100008188,108.85500000000002,106.4376,0.08838941099976283,55.94594594594602,0.8584782006273173,0.942937402185327,0.005671048456398152,-0.4541331088221563,0.007894978426512544,0.009099264705882515,0.009647188533627338,-0.004026354319180081,0.006261510128913406,0.00036734319037567964,0.008589407927977577,0.031496388494291594,-0.0020038254850169857,0
2024-07-31,109.37,109.71,109.23,109.57,3174063,-0.0020038254850169857,108.90249999999999,106.57480000000001,0.08780126868948612,58.9743589743589,0.8329897981776639,0.9209478813837945,0.0049495282969292025,1.271698801906643,0.00893186003683244,-0.0019129167425760985,-0.0009100009100008188,0.009647188533627338,-0.004026354319180081,-0.003029468465987395,0.006129335873832131,0.02810420474633757,-0.003103039153052767,0
2024-08-01,109.39,110.58,108.04,109.23,2659382,-0.003103039153052767,108.92649999999999,106.71260000000001,0.08863881800184652,61.79104477611939,0.7764049837435749,0.8920393018557506,0.004797294747047929,-0.16215210599159502,-0.0004575402635431658,-0.00018306636155607237,-0.0020038254850169857,-0.0009100009100008188,0.009647188533627338,0.006261510128913406,0.002786282493240977,0.02359046635542561,0.0014647990478806605,1
2024-08-02,109.32,110.7,108.01,109.39,2117175,0.0014647990478806605,108.99600000000001,106.8576,0.08459303956382594,57.26210350584311,0.7359877646428714,0.8608289944131748,0.004765393641658619,-0.20388458671977172,0.00505328923189996,-0.000913325417846278,-0.003103039153052767,-0.0020038254850169857,-0.0009100009100008188,-0.004026354319180081,0.0036148115527174784,0.02369882909591836,-0.003839473443641994,0
2024-08-05,108.91,110.98,106.9,108.97,1774287,-0.003839473443641994,109.0135,106.978,0.08378246115923559,51.38662316476347,0.6624302537845637,0.8211492462874527,0.004583662980743936,-0.16195543589925254,-0.008372008372008355,0.0007346863807511372,0.0014647990478806605,-0.003103039153052767,-0.0020038254850169857,0.009647188533627338,-0.00039903314727074424,0.0186206509749669,0.009268606038359328,1
2024-08-06,109.94,110.27,109.65,109.98,2721678,0.009268606038359328,109.10350000000001,107.12780000000001,0.08810285088583483,51.62337662337665,0.6778204631829396,0.7924834896665501,0.005431014920452134,0.5339558932686763,0.0017305765552417807,0.009639217846323378,-0.003839473443641994,0.0014647990478806605,-0.003103039153052767,-0.0009100009100008188,0.008033656115523202,0.02662427493143693,-0.0009092562284052086,0
2024-08-07,109.9,110.61,109.17,109.88,1363580,-0.0009092562284052086,109.152,107.2558,0.08544516194374004,55.49738219895282,0.6741766618490885,0.7688221241030578,0.005297136930003351,-0.49899290070316915,0.0028292415807247284,0.011786372007366541,0.009268606038359328,-0.003839473443641994,0.0014647990478806605,-0.0020038254850169857,0.00666959835825276,0.02446674212490141,-0.005096468875136484,0
2024-08-08,109.41,109.58,109.15,109.32,2602067,-0.005096468875136484,109.20249999999999,107.392,0.08507473731581512,48.59504132231404,0.6189665421504884,0.7388510077125441,0.005305372692251233,0.9082613414687808,0.0008239494644326495,0.00036603221083453263,-0.0009092562284052086,0.009268606038359328,-0.003839473443641994,-0.003103039153052767,0.0010759826927040361,0.017952920143027296,0.003567508232711347,1
2024-08-09,109.67,110.36,109.02,109.71,2776133,0.003567508232711347,109.30549999999998,107.51,0.0820345925054646,57.02054794520539,0.599768111706851,0.7110344285114055,0.005199617758408846,0.0668952797910276,0.0029253130999176147,0.00799338478500533,-0.005096468875136484,-0.0009092562284052086,0.009268606038359328,0.0014647990478806605,0.003700637204898216,0.02046321272439755,0.003645975754261288,1
2024-08-12,109.61,110.84,108.88,110.11,4817500,0.003645975754261288,109.38499999999999,107.62799999999999,0.07835634598756157,59.51612903225796,0.6098004740463949,0.6907876376184034,0.004341695358085259,0.7353275221324049,0.010461594934385587,0.002002002002001957,0.003567508232711347,-0.005096468875136484,-0.0009092562284052086,-0.003839473443641994,0.006627965443159578,0.02306091351692885,0.01598401598401611,1
2024-08-13,111.78,112.13,111.52,111.87,1993666,0.01598401598401611,109.5385,107.75120000000001,0.0951739484515514,71.42857142857143,0.7511101542378071,0.7028521409422842,0.00657206663083809,-0.5861617021276595,0.017184942716857554,0.01894525913106837,0.003645975754261288,0.003567508232711347,-0.005096468875136484,0.009268606038359328,0.02128475376237593,0.038225096333033726,-0.01868239921337267,0
2024-08-14,109.8,109.92,109.66,109.78,3324614,-0.01868239921337267,109.5385,107.8302,0.1146208408151484,52.76548672566371,0.6865395600374882,0.6995896247613251,0.009245033396501741,0.6675882519940652,-0.0009100837277028484,0.0019165830062974898,0.01598401598401611,0.003645975754261288,0.003567508232711347,-0.0009092562284052086,0.0022047042820561025,0.01808213283477178,-0.0010020040080159776,0
2024-08-15,110.2,110.64,109.23,109.67,2481929,-0.0010020040080159776,109.5595,107.9382,0.11326912133920859,54.76463834672788,0.6193513217319833,0.6835419641554569,0.009184545708586159,-0.253468522962365,0.0032016099524332375,0.004028197381671594,-0.01868239921337267,0.01598401598401611,0.003645975754261288,-0.005096468875136484,0.0010085843765259561,0.016044366128025178,-0.0018236527765114197,0
2024-08-16,109.13,109.83,108.77,109.47,1142611,-0.0018236527765114197,109.55850000000001,108.06580000000002,0.11323568788738607,47.32824427480916,0.5436984134101976,0.655573254006405,0.009202634256211062,-0.5396278459214587,-0.0021875854525567062,0.0007313282749794592,-0.0010020040080159776,-0.01868239921337267,0.01598401598401611,0.003567508232711347,-0.0008077876203125278,0.012993935176531135,0.005206906001644418,1
2024-08-19,110.54,110.85,109.73,110.04,1284292,0.005206906001644418,109.61600000000001,108.19820000000001,0.11271030689210253,51.500600240096034,0.5237002839454306,0.6291986599942102,0.009215744110781451,0.12399758097900326,-0.0006357279084551193,0.009819216298063704,-0.0018236527765114197,-0.0010020040080159776,-0.01868239921337267,0.003645975754261288,0.003868048460078821,0.01702246432935106,-0.0009087604507452829,0
2024-08-20,109.75,111.05,108.64,109.94,1658501,-0.0009087604507452829,109.6665,108.3212,0.11282860524055403,52.253349573690635,0.4940869314138183,0.6021763142781319,0.008753470471625571,0.29137376858222264,-0.01725216769464566,-0.00036370249136208344,0.005206906001644418,-0.0018236527765114197,-0.0010020040080159776,0.01598401598401611,0.0024939247628035233,0.014944443008386044,-0.002455885028197158,0
2024-08-21,110.18,110.24,109.62,109.67,3008738,-0.002455885028197158,109.72,108.4324,0.1126097585498714,52.70270270270267,0.4437165049982923,0.570484352422164,0.008784892437177803,0.8141309531920693,-0.0010020040080159776,-0.001911175828176126,-0.0009087604507452829,0.005206906001644418,-0.0018236527765114197,-0.01868239921337267,-0.0004557054320086795,0.011413562735861138,0.00875353332725437,1
2024-08-22,109.94,110.85,109.71,110.63,3369812,0.00875353332725437,109.7875,108.56300000000002,0.11462601229978124,56.93512304250554,0.47577709393202383,0.5515429007241359,0.009008462125694075,0.12000845537231886,0.00875353332725437,0.011983168679107203,-0.002455885028197158,-0.0009087604507452829,0.005206906001644418,-0.0010020040080159776,0.007673915518615626,0.019039635971739743,0.0028925246316551245,1
2024-08-23,110.84,111.41,110.37,110.95,1840051,0.0028925246316551245,109.893,108.69,0.11351685369420138,61.1990950226244,0.5210008933082264,0.5454344992409541,0.008991502155503437,-0.4539603396272551,0.013519685758655475,0.011302524838209926,0.00875353332725437,-0.002455885028197158,-0.0009087604507452829,-0.0018236527765114197,0.009618447034843047,0.02079308124022461,0.00441640378548902,1
2024-08-26,110.64,111.57,110.52,111.44,2342529,0.00441640378548902,109.97049999999999,108.81179999999999,0.1096763046207891,58.77403846153839,0.5895836319270984,0.554264325778183,0.009018420367423535,0.27307830054710447,0.012722646310432406,0.012078830260648488,0.0028925246316551245,0.00875353332725437,-0.002455885028197158,0.005206906001644418,0.013362674535443597,0.024153630396703374,0.008345297918162409,1
2024-08-27,111.87,112.86,111.38,112.37,2193227,0.008345297918162409,110.09949999999999,108.9484,0.1127263536858945,63.60655737704918,0.7107856791991196,0.5855685964623702,0.00788262428486949,-0.06373539025557418,0.022102965253774753,0.004469473496022225,0.00441640378548902,0.0028925246316551245,0.00875353332725437,-0.0009087604507452829,0.02062225532359374,0.0314056929702502,0.011568924090059607,1
2024-08-28,113.51,115.42,111.76,113.67,856248,0.011568924090059607,110.3045,109.0988,0.11781312934201152,71.99191102123355,0.9013481301478663,0.6487245031994695,0.004986932482616072,-0.6095944469040369,0.03647305553022706,0.035434505374385195,0.008345297918162409,0.00441640378548902,0.0028925246316551245,-0.002455885028197158,0.030510994565045024,0.04189963592633461,0.003694906307732948,1
2024-08-29,114.24,115.25,113.08,114.09,2946837,0.003694906307732948,110.54750000000001,109.25779999999999,0.11647490982421513,72.0766129032258,1.0738816956473443,0.7337559416890445,0.004730464125872155,2.441569498556493,0.03127542257977045,0.04030272636090082,0.011568924090059607,0.008345297918162409,0.00441640378548902,0.00875353332725437,0.03204504850855949,0.04422750595380842,0.007362608466999765,1
2024-08-30,114.64,116.17,113.4,114.93,3317264,0.007362608466999765,110.82450000000001,109.4184,0.11785138578631989,73.26254826254824,1.2638281450199003,0.8397703823552156,0.0043578571042507215,0.1257032540313563,0.03587201442091037,0.049876678542066344,0.003694906307732948,0.011568924090059607,0.008345297918162409,0.0028925246316551245,0.037045057726405206,0.05037178390471797,-0.0037414078134517803,0
2024-09-02,114.56,116.53,112.54,114.5,919761,-0.0037414078134517803,111.101,109.57959999999999,0.11778192007420424,64.56256921373193,1.3639419940152635,0.9446047046872252,0.005134520164998523,-0.7227350611829508,0.027458722182340356,0.04053071610323511,0.007362608466999765,0.003694906307732948,0.011568924090059607,0.00441640378548902,0.030593784034347093,0.044902518351956244,0.021048034934497695,1
2024-09-03,116.61,117.69,115.83,116.91,1497133,0.021048034934497695,111.44749999999999,109.7898,0.13317086536295936,88.12834224598919,1.619085984037099,1.0795009605572,0.007117386346154122,0.6277413371517166,0.040402242591438986,0.06339821720938699,-0.0037414078134517803,0.007362608466999765,0.003694906307732948,0.008345297918162409,0.0490141097826331,0.06485301913292485,-0.007612693524933767,0
2024-09-04,116.56,118.69,113.88,116.02,1965659,-0.007612693524933767,111.75449999999998,109.98100000000001,0.1378854798794682,81.34254689042437,1.729536848196247,1.2095081380850092,0.00795126067692339,0.31294881617064085,0.020673880531362654,0.057900975654235465,0.021048034934497695,-0.0037414078134517803,0.007362608466999765,0.011568924090059607,0.038168485385376094,0.054909484365481154,-0.003964833649370725,0
2024-09-05,115.34,117.99,112.9,115.56,1951240,-0.003964833649370725,112.06649999999999,110.1674,0.13708668683811623,79.30702598652547,1.7596674472018776,1.319539999908383,0.008407804786301924,-0.007335453402650183,0.012884564817249533,0.044562957606435916,-0.007612693524933767,0.021048034934497695,-0.0037414078134517803,0.003694906307732948,0.031173455046780374,0.048949144665300315,-0.006663205261336014,0
2024-09-06,115.44,116.36,113.87,114.79,2917931,-0.006663205261336014,112.32050000000001,110.324,0.14109317609423855,72.42681775259678,1.7017963501584035,1.3959912699583872,0.009111836781728076,0.4954239355486767,-0.0012181327764726468,0.03461018476791344,-0.003964833649370725,-0.007612693524933767,0.021048034934497695,0.007362608466999765,0.021986191300786606,0.0404807657445343,0.002439236867322725,1
2024-09-09,115.67,116.52,114.22,115.07,3017003,0.002439236867322725,112.5685,110.45540000000001,0.1410058525582632,73.81615598885796,1.659398238797749,1.4486726637262597,0.009109877037638986,0.033952824792635505,0.004978165938864576,0.032573582196697703,-0.006663205261336014,-0.003964833649370725,-0.007612693524933767,-0.0037414078134517803,0.022222024811559216,0.041777948384596586,-0.011992700095593944,0
2024-09-10,113.36,113.88,113.18,113.69,1683082,-0.011992700095593944,112.65950000000001,110.56639999999999,0.13981082003955184,66.91919191919193,1.4971843539562428,1.4583750017722563,0.010065502556466842,-0.4421344625775977,-0.02754255410144557,0.011746907537598883,0.002439236867322725,-0.006663205261336014,-0.003964833649370725,0.021048034934497695,0.00914703154194707,0.028250897198425662,-0.0009675433195531769,0
2024-09-11,113.75,114.18,113.15,113.58,2532517,-0.0009675433195531769,112.84949999999999,110.6656,0.11968910286489663,63.3726201269266,1.3442568447048444,1.435551370358774,0.009390566305409655,0.5046902052306423,-0.021030856748836424,-0.0007917656373713777,-0.011992700095593944,0.002439236867322725,-0.006663205261336014,-0.007612693524933767,0.00647322318663357,0.026335193592227357,0.008364148617714395,1
2024-09-12,114.36,116.53,112.36,114.53,1618061,0.008364148617714395,113.0925,110.78119999999998,0.12145823339283968,65.3516295025729,1.2849061540411668,1.4054223270952524,0.009707628056538513,-0.36108582884142537,-0.008913118726202818,0.003856604435095168,-0.0009675433195531769,-0.011992700095593944,0.002439236867322725,-0.003964833649370725,0.012710834051771869,0.033839676768260496,-0.004452981751506213,0
2024-09-13,114.5,115.12,113.4,114.02,1804679,-0.004452981751506213,113.32000000000001,110.9016,0.12296224300664828,61.04452054794521,1.1830797593156035,1.3609538135393227,0.00948622984516495,0.11533434153594957,-0.006707901385138215,-0.007917863047072204,0.008364148617714395,-0.0009675433195531769,-0.011992700095593944,-0.006663205261336014,0.00617719731733124,0.028118620470759526,0.006226977723206462,1
2024-09-16,114.83,115.35,114.21,114.73,2193341,0.006226977723206462,113.5545,111.0238,0.12336043179013195,60.296684118673646,1.1464570311480742,1.318054457061073,0.009659637954071253,0.21536350785929237,-0.002954723211957888,0.0020087336244540843,-0.004452981751506213,0.008364148617714395,-0.0009675433195531769,0.002439236867322725,0.010351857478127169,0.03338203160043163,-0.001743223219733303,0
2024-09-17,115.14,115.37,114.31,114.53,2421450,-0.001743223219733303,113.78399999999999,111.1508,0.12366713256646136,54.15057915057915,1.0887445571575967,1.2721924770803779,0.006314916788804203,0.10400070030150355,0.00738851262204232,-0.02035753998802492,0.006226977723206462,-0.004452981751506213,0.008364148617714395,-0.011992700095593944,0.006556282078323816,0.030401940426879603,0.0038417881777699225,1
2024-09-18,114.89,115.99,113.87,114.97,1613713,0.0038417881777699225,114.049,111.27199999999999,0.1226223070693094,54.238921001926755,1.0662206011005821,1.230998101884419,0.006229388707089207,-0.3335757500671086,0.012238070082761121,-0.009050163764868113,-0.001743223219733303,0.006226977723206462,-0.004452981751506213,-0.0009675433195531769,0.008075476330349218,0.03323387734560357,-0.014438549186744365,0
2024-09-19,113.19,113.52,112.98,113.31,3997571,-0.014438549186744365,114.18299999999999,111.37200000000001,0.13378738012187963,42.76785714285712,0.9040013124393766,1.1655987439954105,0.007545126637549511,1.4772502917185397,-0.010652230856544098,-0.01947040498442365,0.0038417881777699225,-0.001743223219733303,0.006226977723206462,0.008364148617714395,-0.007645621502325173,0.017401142118306012,0.008207572147206799,1
2024-09-20,113.96,115.03,113.17,114.24,2177042,0.008207572147206799,114.3475,111.5038,0.1359751432401188,48.88888888888886,0.840792453090117,1.100637485814352,0.007964291759664238,-0.45540879699197334,0.0019294860550780335,-0.00479135813224163,-0.014438549186744365,0.0038417881777699225,-0.001743223219733303,-0.004452981751506213,-0.0009401167493823248,0.024539074004652717,-0.002538515406162345,0
2024-09-23,113.98,116.38,111.55,113.95,2008726,-0.002538515406162345,114.473,111.6124,0.13623547783592763,34.5511482254697,0.7585542589778527,1.032220840447052,0.007918969406689687,-0.07731408029794551,-0.006798570556959871,-0.009733205874684847,0.008207572147206799,-0.014438549186744365,0.0038417881777699225,0.006226977723206462,-0.004568762939732518,0.020943909458088994,-0.003422553751645463,0
2024-09-24,113.68,114.46,112.78,113.56,2629700,-0.003422553751645463,114.5325,111.7076,0.1343825234864432,36.45374449339205,0.6543670213231962,0.956650076622281,0.0070016370378783565,0.3091382299029335,-0.008469396664629314,-0.001143460286744613,-0.002538515406162345,0.008207572147206799,-0.014438549186744365,-0.001743223219733303,-0.008491039661231548,0.01658257808779351,0.004138781261007418,1
2024-09-25,114.04,114.22,113.84,114.03,1612534,0.004138781261007418,114.55049999999999,111.79260000000001,0.12878133532874644,41.58415841584155,0.6027745471342598,0.8858749707246768,0.00711598131754886,-0.3867992546678328,-0.008176045925023856,0.003961965134706924,-0.003422553751645463,-0.002538515406162345,0.008207572147206799,0.0038417881777699225,-0.004543847473384988,0.020013847070378565,-0.006664912742260887,0
2024-09-26,113.35,114.77,111.85,113.27,2254031,-0.006664912742260887,114.50949999999997,111.873,0.13028264614054075,41.62995594713649,0.4948570867624653,0.8076713939322345,0.006832798120366724,0.39781920877327237,-0.00035301385579389333,-0.011001484327250566,0.004138781261007418,-0.003422553751645463,-0.002538515406162345,-0.014438549186744365,-0.01082442941415318,0.01248737407596101,0.0014125540743357146,1
2024-09-27,113.67,115.32,111.78,113.43,849108,0.0014125540743357146,114.4345,111.95179999999999,0.12730163121081733,40.84821428571436,0.41743050571034246,0.7296232162878562,0.006762914013477352,-0.6232935571871017,-0.007090336134453645,-0.005174530784072928,-0.006664912742260887,0.004138781261007418,-0.003422553751645463,0.008207572147206799,-0.008777947209975934,0.013203896676962978,0.0038790443445295697,1
2024-09-30,113.83,115.6,112.09,113.87,1102932,0.0038790443445295697,114.40299999999999,112.05140000000002,0.1277015578592505,51.12219451371576,0.38711132675827287,0.6611208383819396,0.006540599091521508,0.2989301714269563,-0.0007020623080298272,-0.0074958598448531255,0.0014125540743357146,-0.006664912742260887,0.004138781261007418,-0.002538515406162345,-0.004658968733337265,0.01623005156562063,0.008694124879248255,1
2024-10-01,114.62,115.3,114.18,114.86,1784318,0.008694124879248255,114.30050000000001,112.17,0.10607932483977892,57.19101123595506,0.4379198181575532,0.6164806343370623,0.007164473247292641,0.6177951133886768,0.011447692849594793,0.0028813411333274974,0.0038790443445295697,0.0014125540743357146,-0.006664912742260887,-0.003422553751645463,0.004894991710447272,0.023981456717482308,0.009663938707992425,1
2024-10-02,115.61,116.8,114.78,115.97,1724621,0.009663938707992425,114.298,112.31739999999999,0.10918036891953313,57.947019867549656,0.5612835100725846,0.6054412094841668,0.007699849360622961,-0.03345648029106918,0.017013066736823568,0.00869792119683388,0.008694124879248255,0.0038790443445295697,0.0014125540743357146,0.004138781261007418,0.014628427444049796,0.032520339680227606,0.01983271535742004,1
2024-10-03,118.06,119.51,116.82,118.27,1827509,0.01983271535742004,114.43350000000001,112.49719999999999,0.12865681714947602,69.58525345622121,0.8350153654467647,0.6513560406766864,0.007744413094751022,0.05965832493052092,0.04414231482298936,0.04377371811843611,0.009663938707992425,0.008694124879248255,0.0038790443445295697,-0.006664912742260887,0.033526021663236705,0.05131505495247879,0.010484484653758397,1
2024-10-04,119.37,119.93,118.94,119.51,1620942,0.010484484653758397,114.6695,112.7106,0.12917040501770644,71.0017574692443,1.13887917959525,0.7488606684603992,0.00790324389547129,-0.11303200148398718,0.05360134003350092,0.04613095238095255,0.01983271535742004,0.009663938707992425,0.008694124879248255,0.0014125540743357146,0.042212619746314406,0.06032618050121297,-0.008534850640113834,0
2024-10-07,118.84,119.16,118.18,118.49,2485318,-0.008534850640113834,114.84049999999999,112.8826,0.1344938401197727,66.22950819672128,1.2826029179783092,0.8556091183639811,0.008689058555254401,0.533255353985522,0.040572582769825116,0.03984203598069325,0.010484484653758397,0.01983271535742004,0.009663938707992425,0.0038790443445295697,0.03177885850375084,0.04967461770015924,-0.005907671533462611,0
2024-10-08,118.1,119.09,116.8,117.79,3083235,-0.005907671533462611,115.04549999999999,113.04260000000001,0.12797388905379173,61.31621187800967,1.3247499732017474,0.9494372893315344,0.008954768550222415,0.24057967632311028,0.025509315688664547,0.03724903134906654,-0.008534850640113834,0.010484484653758397,0.01983271535742004,0.008694124879248255,0.023855778800561556,0.04199655705017391,0.0077256133797436455,1
2024-10-09,118.42,119.19,117.94,118.7,1695779,0.0077256133797436455,115.3015,113.22519999999999,0.1291915386896947,73.0145175064048,1.4152668971152451,1.0426032108882766,0.009045678532232643,-0.45000008108366696,0.023540570837285557,0.040954134876786785,-0.005907671533462611,-0.008534850640113834,0.010484484653758397,0.009663938707992425,0.029474898418494044,0.04835319345870026,0.0029486099410278577,1
2024-10-10,119.25,119.45,118.86,119.05,2882937,0.0029486099410278577,115.52749999999999,113.4216,0.1272006314283008,71.60826594788861,1.4979765452284965,1.1336778777563206,0.008255751640906634,0.7000664591317618,0.006595079056396447,0.05102851593537561,0.0077256133797436455,-0.005907671533462611,-0.008534850640113834,0.01983271535742004,0.03049057583692205,0.04962370483223655,-0.0044519109617807695,0
2024-10-11,118.19,119.28,117.42,118.52,2298967,-0.0044519109617807695,115.75249999999998,113.6042,0.12719991461464952,70.09674582233944,1.5034273915254488,1.2076277805101463,0.008734856529369277,-0.20256079130414573,-0.008283825621287044,0.044873490258309,0.0029486099410278577,0.0077256133797436455,-0.005907671533462611,0.010484484653758397,0.02390877086887988,0.04327128750521547,0.0070030374620317914,1
2024-10-14,119.63,121.37,117.6,119.35,1325694,0.0070030374620317914,115.9835,113.8118,0.1275738545377436,74.51312447078743,1.556775748122476,1.2774573740326123,0.008768625884882133,-0.4233523143220411,0.007257996455397153,0.04812505488715191,-0.0044519109617807695,0.0029486099410278577,0.0077256133797436455,-0.008534850640113834,0.02902568037694997,0.048661035147497866,-0.0010892333472978244,0
2024-10-15,118.63,119.35,118.51,119.22,1245830,-0.0010892333472978244,116.218,113.9966,0.12733981062137475,72.62423714036616,1.5704614890674833,1.3360581970395864,0.008824752515966516,-0.06024316320357492,0.012140249596739983,0.0379592547449068,0.0070030374620317914,-0.0044519109617807695,0.0029486099410278577,-0.005907671533462611,0.025830766318470477,0.04582066482684577,0.0003355141754739499,1
2024-10-16,119.6,120.52,118.33,119.26,2032210,0.0003355141754739499,116.4325,114.1842,0.12728973039332228,77.86046511627912,1.5664778218412891,1.382142121999927,0.008622930678960583,0.6312097156112793,0.0047177759056444835,0.028369405880831255,-0.0010892333472978244,0.0070030374620317914,-0.0044519109617807695,0.0077256133797436455,0.024284456659437792,0.044452735141989885,0.00654033204762694,1
2024-10-17,119.96,120.4,119.61,120.04,2945750,0.00654033204762694,116.769,114.3986,0.11258739386966037,79.06772207563766,1.6077273381530546,1.4272591652305526,0.006466348793317947,0.4495303142883855,0.008315833683326446,0.014965756320284074,0.0003355141754739499,-0.0010892333472978244,0.0070030374620317914,0.0029486099410278577,0.028012571829852062,0.049313540550321555,0.003498833722092476,1
2024-10-18,120.54,121.75,119.25,120.46,1454799,0.003498833722092476,117.08000000000001,114.6136,0.11087808322549622,79.03083700440529,1.6552279297004304,1.4728529181245282,0.005723176864539933,-0.506136298056522,0.016368545393182554,0.007949125596184325,0.00654033204762694,0.0003355141754739499,-0.0010892333472978244,-0.0044519109617807695,0.02886914929962403,0.05100965330466889,-0.013614477834965943,0
2024-10-21,118.77,119.97,117.62,118.82,985194,-0.013614477834965943,117.3235,114.7878,0.12398442314771652,66.5,1.5427542857024719,1.4868331916401172,0.006773474538271722,-0.32279716991831864,-0.004440720569752865,0.0027850451514894736,0.003498833722092476,0.00654033204762694,0.0003355141754739499,0.0070030374620317914,0.012755330347287597,0.0351274264338195,0.0005049654940245674,1
2024-10-22,118.49,120.05,117.32,118.88,2802095,0.0005049654940245674,117.5895,114.928,0.12242828370559058,63.28767123287671,1.4418389887160288,1.4778343510552996,0.006414643057326531,1.8442063187554938,-0.002851870491528241,0.00925375668562678,-0.013614477834965943,0.003498833722092476,0.00654033204762694,-0.0010892333472978244,0.010974619332508428,0.03438674648475559,0.009421265141319024,1
2024-10-23,120.03,120.19,119.84,120.0,3043244,0.009421265141319024,117.888,115.1324,0.12488051507428982,58.853633572159694,1.4356878131429909,1.4694050434728378,0.00663264787475723,0.08606025134765227,0.006204930404158926,0.010951979780960297,0.0005049654940245674,-0.013614477834965943,0.003498833722092476,0.0003355141754739499,0.01791530944625408,0.042278281352599256,0.006166666666666654,1
2024-10-24,120.73,121.03,120.43,120.74,1864381,0.006166666666666654,118.26149999999998,115.35379999999999,0.12050559292425018,56.634304207119705,1.473538740393252,1.4702317828569207,0.006807544303170893,-0.38737051646203857,0.005831389536820941,0.014195716085678267,0.009421265141319024,0.0005049654940245674,-0.013614477834965943,0.00654033204762694,0.02095779268823761,0.04669287010917711,-0.0035613715421566328,0
2024-10-25,120.57,121.94,118.94,120.31,2940564,-0.0035613715421566328,118.6055,115.5706,0.12277029168561338,60.48387096774202,1.4520995666959635,1.4666053396247294,0.006727380800598844,0.5772334088364985,-0.0012452266312468208,0.01510293621329728,0.006166666666666654,0.009421265141319024,0.0005049654940245674,0.003498833722092476,0.014371171657300952,0.041008699444322394,-0.0012467791538526285,0
2024-10-28,120.37,121.87,118.66,120.16,4070432,-0.0012467791538526285,118.92,115.773,0.12361611943769586,64.57564575645753,1.4067885381103764,1.4546419793218588,0.006481712900795245,0.38423513312412183,0.011277562699882226,0.006786761625471316,-0.0035613715421566328,0.006166666666666654,0.009421265141319024,-0.013614477834965943,0.010427177934746013,0.03789311843003129,-0.0020805592543275964,0
2024-10-29,120.34,120.37,119.88,119.91,1489027,-0.0020805592543275964,119.17249999999999,115.9724,0.12262317804334684,58.099062918339996,1.335313646334086,1.4307763127243043,0.006519513616358514,-0.6341845288165974,0.008664199192462974,0.005787619526925081,-0.0012467791538526285,-0.0035613715421566328,0.006166666666666654,0.0005049654940245674,0.006188508254840741,0.033952906036263775,-0.0021682928863313577,0
2024-10-30,119.84,121.8,117.7,119.65,1751665,-0.0021682928863313577,119.35650000000001,116.17200000000001,0.12021700785432911,54.06504065040657,1.2433568092291836,1.39329241202528,0.006578460437370722,0.17638229528410165,-0.0029166666666665675,0.00327016602381347,-0.0020805592543275964,-0.0012467791538526285,-0.0035613715421566328,0.009421265141319024,0.00245901982715635,0.02993836724856247,0.020309235269535986,1
2024-10-31,121.65,122.63,121.11,122.08,1818915,0.020309235269535986,119.547,116.40100000000001,0.1211840725384822,69.18103448275869,1.3509876997113395,1.3848314695624921,0.009010403955980328,0.03839204414086028,0.011098227596488375,0.01699433522159266,-0.0021682928863313577,-0.0020805592543275964,-0.0012467791538526285,0.006166666666666654,0.02118831923845854,0.0487882406508533,0.011140235910878094,1
2024-11-01,123.71,124.19,122.97,123.44,2982834,0.011140235910878094,119.7435,116.6508,0.1218412643613354,70.84607543323148,1.5284080532263005,1.413546786295254,0.009489051265156274,0.6398974113688656,0.026016125010389857,0.024738502407438245,0.020309235269535986,-0.0021682928863313577,-0.0020805592543275964,-0.0035613715421566328,0.030870151615745245,0.05820105820105814,0.015311082307193802,1
2024-11-04,124.86,126.21,123.98,125.33,1527786,0.015311082307193802,120.0855,116.9286,0.12477805651481431,76.40449438202252,1.8007640788778758,1.4909902448117784,0.008379236273392342,-0.48780723298715245,0.04302596537949399,0.05478875610166645,0.011140235910878094,0.020309235269535986,-0.0021682928863313577,-0.0012467791538526285,0.04367304961881335,0.07185068494790836,-0.0002393680682997168,0
2024-11-05,125.03,126.11,124.22,125.3,1789052,-0.0002393680682997168,120.46100000000001,117.18719999999999,0.12107525036238088,76.12456747404846,1.9912337391020287,1.5910389436698285,0.00843049892258798,0.1710095523849544,0.04495037945125513,0.05400403768506057,0.015311082307193802,0.011140235910878094,0.020309235269535986,-0.0020805592543275964,0.04017067764670701,0.06922940389394072,0.011652035115722326,1
2024-11-06,126.77,126.87,126.66,126.76,3189992,0.011652035115722326,120.86399999999999,117.44900000000001,0.12382600881589036,77.45098039215691,2.2342372194588194,1.7196785988276266,0.008579707635453255,0.7830627617307937,0.05942331801086498,0.056333333333333346,-0.0002393680682997168,0.015311082307193802,0.011140235910878094,-0.0021682928863313577,0.048782102197511445,0.07927696276681795,0.005601136005048968,1
2024-11-07,127.14,128.58,126.04,127.47,2880433,0.005601136005048968,121.28500000000001,117.7166,0.1240784915779125,77.97286512370316,2.4558013454425236,1.8669031481506062,0.008576895614895138,-0.0970406822336859,0.0441513761467891,0.05573960576445258,0.011652035115722326,-0.0002393680682997168,0.015311082307193802,0.020309235269535986,0.050995588902172484,0.08285492445415521,-0.004706989879971757,0
2024-11-08,126.71,127.27,126.3,126.87,2924726,-0.004706989879971757,121.70250000000001,117.95540000000001,0.12429710201339038,85.03046127067026,2.5535418846554734,2.0042308954515797,0.008717456488056437,0.015377201969287269,0.027786779001944373,0.05452580832848475,0.005601136005048968,0.011652035115722326,-0.0002393680682997168,0.011140235910878094,0.04246009736858314,0.0755760228018385,-0.006936233940253889,0
2024-11-11,126.36,126.4,125.96,125.99,1469878,-0.006936233940253889,122.03449999999998,118.18520000000001,0.12876377919057658,78.87896019496347,2.530819607575552,2.109548637876374,0.009358449036195022,-0.4974305285349807,0.005266097502593103,0.048518641810918695,-0.004706989879971757,0.005601136005048968,0.011652035115722326,0.015311082307193802,0.032412965186074505,0.06603872566108104,-0.0007143424081275107,0
2024-11-12,125.66,126.92,124.64,125.9,2340084,-0.0007143424081275107,122.3685,118.365,0.12862263823488998,76.15248226950364,2.476996517469317,2.183038213794963,0.00925644822100535,0.5920260048793164,0.004788507581803714,0.04995413226586609,-0.006936233940253889,-0.004706989879971757,0.005601136005048968,-0.0002393680682997168,0.02885955127340778,0.06365902082541308,-0.00015885623510736302,0
2024-11-13,125.53,127.17,124.24,125.88,1635777,-0.00015885623510736302,122.69949999999999,118.56219999999999,0.1287581658271022,74.33712121212125,2.405004107642867,2.2274313925645437,0.009105945027297687,-0.3009750932017825,-0.006942253076680394,0.052068533221897084,-0.0007143424081275107,-0.006936233940253889,-0.004706989879971757,0.011652035115722326,0.025921051023027886,0.06172118938413762,0.0006355258976802336,1
2024-11-14,125.46,126.0,125.41,125.96,2767900,0.0006355258976802336,122.99549999999999,118.7702,0.12814870860725186,77.66895200783543,2.3275741101133747,2.24745993607431,0.007432542746111475,0.6921010626754136,-0.01184592453126232,0.03178243774574052,-0.00015885623510736302,-0.0007143424081275107,-0.006936233940253889,0.005601136005048968,0.024102507815326524,0.060535386822620385,0.009209272785011269,1
2024-11-15,128.18,128.68,126.62,127.12,2434029,0.009209272785011269,123.32849999999999,119.0168,0.13035816575182022,81.0160427807487,2.3329201335861427,2.2645519755766768,0.007224301634276972,-0.12062249358719612,0.0019705210057539,0.029812054439403823,0.0006355258976802336,-0.00015885623510736302,-0.0007143424081275107,-0.004706989879971757,0.030743096688924387,0.06808450571684,0.0022813089993705127,1
2024-11-18,127.23,127.46,127.17,127.41,2580257,0.0022813089993705127,123.758,119.26359999999998,0.11526842873033079,83.30373001776202,2.333656532220502,2.278372886905442,0.005781075373404855,0.06007652332819369,0.011270735772680451,0.01659618606877844,0.009209272785011269,0.0006355258976802336,-0.00015885623510736302,-0.006936233940253889,0.02950920344543384,0.06830583681861024,0.0035319048740287684,1
2024-11-19,127.86,128.22,127.5,127.86,1903827,0.0035319048740287684,124.207,119.54700000000001,0.11471742920024915,85.85152838427945,2.343536542179379,2.2914056179602293,0.005766223055756524,-0.26215605654785545,0.015567911040508253,0.020430965682362245,0.0022813089993705127,0.009209272785011269,0.0006355258976802336,-0.0007143424081275107,0.029410580724113844,0.06953750407789405,-0.0008603159705928842,0
2024-11-20,127.76,128.12,127.39,127.75,2115455,-0.0008603159705928842,124.5945,119.83040000000001,0.11368433719160168,81.05147864184006,2.315795392806095,2.2962835729294024,0.004709276492483053,0.1111592597436637,0.01485541785827782,0.00781003471126529,0.0035319048740287684,0.0022813089993705127,0.009209272785011269,-0.00015885623510736302,0.025326158056736103,0.06609007397121247,-0.008375733855185863,0
2024-11-21,127.1,129.68,124.09,126.68,2329122,-0.008375733855185863,124.89150000000002,120.0734,0.12011779342719786,68.32579185520366,2.1823139180229845,2.273489641948119,0.005173380087922256,0.10100285754128535,0.0057161003493173546,-0.0061975366752961,-0.0008603159705928842,0.0035319048740287684,0.0022813089993705127,0.0006355258976802336,0.01432043013335571,0.05502134527713887,0.006157246605620337,1
2024-11-22,127.24,129.31,125.39,127.46,1888328,0.006157246605620337,125.24899999999998,120.34219999999999,0.11863181777243023,63.77749029754203,2.1150869629305475,2.241809106144605,0.005354850892792262,-0.18925328943696385,0.0026746381371931527,0.004650429573579196,-0.008375733855185863,-0.0008603159705928842,0.0035319048740287684,0.009209272785011269,0.01765283555158126,0.05914633436982197,-0.005099639102463471,0
2024-11-25,126.46,127.5,125.77,126.81,2270107,-0.005099639102463471,125.5815,120.58380000000001,0.12118623806200875,59.041916167664716,1.9864608646338269,2.1907394578424495,0.005097662786085593,0.20217832918857326,-0.0047092064987048765,0.006508453051829566,0.006157246605620337,-0.008375733855185863,-0.0008603159705928842,0.0022813089993705127,0.009782491847923458,0.051633801555432735,0.028546644586389114,1
2024-11-26,130.27,130.74,129.97,130.43,1513821,0.028546644586389114,126.1075,120.90180000000001,0.15033802743949076,67.45956232159853,2.151822629619218,2.1829560921978035,0.010132422099190432,-0.3331499352233177,0.020100109494759932,0.03598093725178719,-0.005099639102463471,0.006157246605620337,-0.008375733855185863,0.0035319048740287684,0.03427631187677194,0.07880941392105001,-0.025914283523729265,0
2024-11-27,126.74,127.73,126.05,127.05,1400885,-0.025914283523729265,126.4775,121.1434,0.1837193548632658,48.40667678300455,1.98722774315911,2.143810422390065,0.013799920609035734,-0.07460327211737716,-0.005479452054794498,0.009294566253574832,0.028546644586389114,-0.005099639102463471,0.006157246605620337,-0.0008603159705928842,0.0045264968077325385,0.048757092833782156,0.0031483667847305163,1
2024-11-28,126.89,128.3,126.05,127.45,1113919,0.0031483667847305163,126.74600000000001,121.4262,0.1720906903955191,52.2342064714946,1.8675339974349896,2.08855513739905,0.013815189819630584,-0.20484622220953186,0.006078307546574013,0.011829152111781482,-0.025914283523729265,0.028546644586389114,-0.005099639102463471,-0.008375733855185863,0.005554415918451072,0.04960873353526685,-0.0074539034915653835,0
2024-11-29,125.78,127.11,125.17,126.5,1937629,-0.0074539034915653835,126.899,121.67139999999999,0.1719508096867367,51.95402298850577,1.6766909317259575,2.0061822962644316,0.013754970076748427,0.7394702846436769,-0.007531774674407576,-0.004877281308999448,0.0031483667847305163,-0.025914283523729265,0.028546644586389114,0.006157246605620337,-0.0031442328150733667,0.039685579355542844,0.0,0
2024-12-02,126.51,126.59,126.42,126.5,2691986,0.0,126.95750000000001,121.92240000000001,0.1637758061347868,52.314814814814795,1.5080624223331114,1.9065583214781676,0.013724371829236482,0.3893196272351416,-0.00244460216071285,-0.007142296523035885,-0.0074539034915653835,0.0031483667847305163,-0.025914283523729265,-0.005099639102463471,-0.003603568123190959,0.03754519267993395,0.016047430830039566,1
2024-12-03,128.36,128.95,127.95,128.53,2409441,0.016047430830039566,127.119,122.2218,0.17273910422318542,58.85103540414163,1.5206974942067149,1.8293861560238773,0.014683422969169592,-0.10495782667517584,-0.014567200797362623,0.005240106366338093,0.0,-0.0074539034915653835,0.0031483667847305163,0.028546644586389114,0.011099835587127016,0.05161272375304571,0.017427837858865702,1
2024-12-04,131.31,132.0,130.07,130.77,1044760,0.017427837858865702,127.31950000000002,122.5566,0.17843949104408185,64.03969643899595,1.691956339757752,1.8019001927706524,0.015589554647235195,-0.5663890504062976,0.029279811097993047,0.02363992172211349,0.016047430830039566,0.0,-0.0074539034915653835,-0.025914283523729265,0.027101111769995967,0.06701719858416433,0.0,0
2024-12-05,130.56,131.46,129.87,130.77,2311510,0.0,127.4845,122.9066,0.1778881425683399,61.4276768941766,1.8068519442235669,1.8028905430612352,0.015162546985437998,1.2124794211110688,0.026049431149470337,0.03228607514998427,0.017427837858865702,0.016047430830039566,0.0,0.0031483667847305163,0.025771760488530138,0.06397866347291359,0.002905865259616114,1
2024-12-06,131.0,131.66,130.49,131.15,2051360,0.002905865259616114,127.69850000000001,123.26100000000001,0.1765039578873681,61.64383561643837,1.9065923529164763,1.8236309050322834,0.015128958921106597,-0.11254547892935785,0.03675889328063242,0.028950258904754556,0.0,0.017427837858865702,0.016047430830039566,-0.0074539034915653835,0.027028508557265685,0.06400240140839353,0.0038886770873045595,1
2024-12-09,132.13,132.16,131.62,131.66,1917371,0.0038886770873045595,127.98200000000001,123.61679999999998,0.17362263351698942,61.78660049627791,2.0036927602637036,1.8596432760785675,0.014861506216034862,-0.06531715544809302,0.040790513833992126,0.038246195095023916,0.002905865259616114,0.0,0.017427837858865702,0.0,0.02873841633979768,0.06506558979038468,-0.013291812243657941,0
2024-12-10,129.24,130.71,128.44,129.91,2234216,-0.013291812243657941,128.1825,123.9178,0.18201768929327863,56.08108108108108,1.9173333328546818,1.8711812874337903,0.012899008335673548,0.16524970910689696,0.010736792966622444,-0.003986812849804622,0.0038886770873045595,0.002905865259616114,0.0,0.016047430830039566,0.01347687866908509,0.048356249061878076,-0.007543684088984648,0
2024-12-11,129.22,129.66,128.5,128.93,2494449,-0.007543684088984648,128.33499999999998,124.17699999999999,0.18484659060849976,56.36672325976232,1.749646222117093,1.846874274370451,0.009780818937183577,0.1164762046283796,-0.014070505467614902,0.014797323888233072,-0.013291812243657941,0.0038886770873045595,0.002905865259616114,0.017427837858865702,0.004636303424631061,0.0382760092448684,-0.003024897231055701,0
2024-12-12,128.21,128.69,128.06,128.54,3252140,-0.003024897231055701,128.464,124.3824,0.1854667576291926,53.12499999999999,1.567217332255808,1.7909428859475225,0.00986061430859406,0.3037508483837512,-0.01705284086564207,0.008552373479795872,-0.007543684088984648,-0.013291812243657941,0.0038886770873045595,0.0,0.0005916054303150009,0.03342595093839629,-0.015792749338727097,0
2024-12-13,126.07,126.6,125.98,126.51,3199234,-0.015792749338727097,128.4335,124.5224,0.19204715821085067,49.196141479099694,1.2444913663274093,1.6816525820235,0.010938808488876621,-0.01626805734070491,-0.035379336637438086,7.905138339925344e-05,-0.003024897231055701,-0.007543684088984648,-0.013291812243657941,0.002905865259616114,-0.014976622142976792,0.015961786794986388,0.0093273259030906,1
2024-12-16,127.82,129.3,126.21,127.69,3982027,0.0093273259030906,128.44750000000002,124.70639999999999,0.1948487099167343,41.5536374845869,1.0715922036618082,1.5596405063511618,0.011323851499910543,0.244681383106081,-0.03015342548989819,0.00940711462450583,-0.015792749338727097,-0.003024897231055701,-0.007543684088984648,0.0038886770873045595,-0.005897351057825295,0.023924995028322682,-0.02592215521967267,0
2024-12-17,124.42,124.66,124.13,124.38,2598784,-0.02592215521967267,128.2735,124.8382,0.21512583313209854,41.733746130030944,0.6598724357196772,1.379686892224865,0.012805506877365008,-0.34737157733988244,-0.04256793164498496,-0.03228818174745196,0.0093273259030906,-0.015792749338727097,-0.003024897231055701,-0.013291812243657941,-0.03035311268500518,-0.0036703509022079084,0.0015275767808329288,1
2024-12-18,124.14,125.88,122.84,124.57,1648879,0.0015275767808329288,128.1145,124.95560000000002,0.21535617251309538,40.9661229611041,0.34493674931806595,1.1727368636435052,0.010787380130864306,-0.3655190273604886,-0.03381679981385255,-0.04741148581478949,-0.02592215521967267,0.0093273259030906,-0.015792749338727097,-0.007543684088984648,-0.027666657560229346,-0.003085896110298525,0.01428915469214087,1
2024-12-19,126.44,126.6,126.2,126.35,3291970,0.01428915469214087,128.098,125.1016,0.2202723816913927,49.552772808586745,0.2362556645382483,0.9854406238224539,0.012328981503122277,0.9964897363602787,-0.017037498055080147,-0.033799801177640254,0.0015275767808329288,-0.02592215521967267,0.0093273259030906,-0.003024897231055701,-0.013645802432512788,0.009979088996463492,0.006727344677483149,1
2024-12-20,127.78,128.77,126.21,127.2,1343280,0.006727344677483149,128.08499999999998,125.27519999999998,0.22049425929699368,51.98637911464245,0.2162205620522144,0.831596611468406,0.012601125158188247,-0.5919525390571603,0.0054541142992647895,-0.03011818528402599,0.01428915469214087,0.0015275767808329288,-0.02592215521967267,-0.015792749338727097,-0.00690947417730392,0.01536457335530117,0.017767295597484356,1
2024-12-23,129.77,130.63,128.6,129.46,2791960,0.017767295597484356,128.2175,125.4774,0.22829624516422747,52.605042016806735,0.37834439273065357,0.7409461677208555,0.01411519034178155,1.078464653683521,0.01386169629571632,-0.01670970682059847,0.006727344677483149,0.01428915469214087,0.0015275767808329288,0.0093273259030906,0.009690564860491024,0.031739580195317973,-0.007029198207940679,0
2024-12-24,128.59,129.17,127.96,128.55,1436255,-0.007029198207940679,128.1235,125.664,0.20541689510423738,43.28087167070218,0.42846027838776024,0.6784489898542365,0.013670420875788219,-0.4855746500666198,0.03352629040038613,-0.010468786082672543,0.017767295597484356,0.006727344677483149,0.01428915469214087,-0.02592215521967267,0.003328819459349708,0.022966004583651722,-0.007001166861143604,0
2024-12-25,127.43,127.96,127.13,127.65,1676722,-0.007001166861143604,128.15349999999998,125.8318,0.18446168110052205,41.04477611940296,0.39104725115744543,0.6209686421148783,0.013642470688748335,0.1674263971230736,0.024725054186401252,-0.009927867835259452,-0.007029198207940679,0.017767295597484356,0.006727344677483149,0.0015275767808329288,-0.00392888216084597,0.01444944759591782,-0.00023501762632194279,0
2024-12-26,127.58,128.14,127.07,127.62,3083198,-0.00023501762632194279,128.162,125.9834,0.184159437146787,39.66022261277093,0.3548855090122345,0.5677520154943496,0.013622999692457262,0.8388248022033469,0.010051444400474896,-0.0071573051190290116,-0.007001166861143604,-0.007029198207940679,0.017767295597484356,0.01428915469214087,-0.004229022643217228,0.012990600348934844,-0.0007835762419684533,0
2024-12-27,127.69,128.09,127.12,127.52,1633563,-0.0007835762419684533,128.21300000000002,126.12459999999999,0.1820255486971365,37.5750300120048,0.314532172470976,0.5171080468896749,0.012552056144728773,-0.4701725286536901,0.002515723270440251,0.007983558611967423,-0.00023501762632194279,-0.007001166861143604,-0.007029198207940679,0.006727344677483149,-0.0054050681288171365,0.011063662441744171,0.006587202007528381,1
2024-12-30,128.27,128.82,127.81,128.36,2960340,0.006587202007528381,128.30599999999998,126.31540000000001,0.18330007110145533,45.07936507936515,0.3463404452950982,0.4829545265707596,0.01237550656903815,0.8121982439612063,-0.008496832998609594,0.005247082778604639,-0.0007835762419684533,-0.00023501762632194279,-0.007001166861143604,0.017767295597484356,0.0004208688603808408,0.016186466574938718,0.0026488002492985885,1
2024-12-31,128.87,130.67,126.91,128.7,2526648,0.0026488002492985885,128.3145,126.51180000000001,0.17446902232105965,49.23891462607538,0.39443706422801483,0.4652510341022107,0.00815090922401718,-0.1465007397798902,0.001166861143523823,0.0347322720694645,0.006587202007528381,-0.0007835762419684533,-0.00023501762632194279,-0.007029198207940679,0.0030043370001049396,0.01729641029532414,-0.00271950271950272,0
2025-01-01,128.72,130.82,126.25,128.35,1936342,-0.00271950271950272,128.1935,126.6788,0.16219127424785387,49.36960849369609,0.39970436322983005,0.45214169992773456,0.008369905274126796,-0.23363206904958667,0.005483744614179331,0.030344384683310688,0.0026488002492985885,0.006587202007528381,-0.0007835762419684533,-0.007001166861143604,0.0012208107275328839,0.013192420515508507,-0.014491624464355257,0
2025-01-02,125.92,126.9,125.52,126.49,2690486,-0.014491624464355257,127.97949999999999,126.7938,0.16915196530166723,49.93288590604023,0.25090006058762526,0.4118933720597127,0.00899149686725111,0.38946838936510186,-0.008854411534242379,0.001108033240997175,-0.00271950271950272,0.0026488002492985885,0.006587202007528381,-0.00023501762632194279,-0.011638582741767212,-0.0023960162089945447,0.011700529686141214,1
2025-01-03,128.02,129.8,126.19,127.97,2550758,0.011700529686141214,127.8205,126.94699999999999,0.17504302323690824,50.921052631578945,0.24951891110342217,0.3794184798684546,0.009518008924714928,-0.0519341115322659,0.003528858218318609,0.006053459119496729,-0.014491624464355257,-0.00271950271950272,0.0026488002492985885,-0.0007835762419684533,0.0011696089437922552,0.00805848109841123,-0.004063452371649623,0
2025-01-06,127.64,128.83,126.26,127.45,2142953,-0.004063452371649623,127.60999999999999,127.09280000000001,0.17427007233648859,62.369057211925885,0.20411181209324525,0.3443571463134128,0.007428499778540018,-0.15987600548542824,-0.007089435961358803,-0.015526031206550273,0.011700529686141214,-0.014491624464355257,-0.00271950271950272,0.006587202007528381,-0.001253820233523828,0.0028105447358151014,0.017810906237740287,1
2025-01-07,129.61,129.8,129.54,129.72,1680966,0.017810906237740287,127.60050000000001,127.289,0.18134197846808545,67.77087646652865,0.347293010166851,0.3449443190841005,0.009304730727938559,-0.21558428952944841,0.007925407925408079,0.009101516919486574,-0.004063452371649623,0.011700529686141214,-0.014491624464355257,0.0026488002492985885,0.016610436479480795,0.019098272435167152,0.002004316990440902,1
2025-01-08,129.72,130.65,129.05,129.98,2709465,0.002004316990440902,127.65299999999999,127.4956,0.17923662349466296,63.993831919814944,0.47625499714568775,0.371206454696418,0.008876105605162166,0.6118499719803969,0.012699649396182178,0.018253035644339777,0.017810906237740287,-0.004063452371649623,0.011700529686141214,-0.00271950271950272,0.018229105465598083,0.01948616265973091,-0.003000461609478311,0
2025-01-09,130.17,130.7,129.06,129.59,1818743,-0.003000461609478311,127.70549999999999,127.6458,0.17923033153028456,59.552358113509214,0.5407550724465153,0.4051161782464375,0.008990484227071278,-0.32874460456215526,0.024507866234485087,0.015436451966776454,0.002004316990440902,0.017810906237740287,-0.004063452371649623,-0.014491624464355257,0.014756607976947,0.015231210114238003,0.0039354888494482765,1
2025-01-10,130.06,130.94,129.22,130.1,1999232,0.0039354888494482765,127.88499999999999,127.779,0.1688732104250802,52.97397769516723,0.6258106291927845,0.4492550684357069,0.008977100467540529,0.09923832009250355,0.016644526060795473,0.020232120451693758,-0.003000461609478311,0.002004316990440902,0.017810906237740287,0.011700529686141214,0.017320248660906312,0.018164174081813034,-0.009607993850883956,0
2025-01-13,128.81,128.96,128.7,128.85,2404151,-0.009607993850883956,127.94300000000001,127.8494,0.17053208460540353,51.35135135135128,0.5856027533764063,0.4765246054238468,0.009510840589850363,0.20253727431333624,0.010984699882306659,0.0038173885945775865,0.0039354888494482765,-0.003000461609478311,0.002004316990440902,-0.004063452371649623,0.0070890943623331815,0.00782639574374211,0.00714008537058608,1
2025-01-14,129.55,130.18,129.15,129.77,1983638,0.00714008537058608,128.2125,127.93879999999999,0.1402687468160822,59.532374100719466,0.6208176341085903,0.5053832111607954,0.009731189001851683,-0.17491122645790547,0.0003854455750849084,0.008313908313908547,-0.009607993850883956,0.0039354888494482765,-0.003000461609478311,0.017810906237740287,0.012147801501413813,0.014313093447804848,-0.003698851814749271,0
2025-01-15,129.16,129.8,128.65,129.29,2226878,-0.003698851814749271,128.44850000000002,127.98939999999999,0.14179993531327711,57.21694036300773,0.6030421972564852,0.5249150083799334,0.009776161160646309,0.12262318023752328,-0.005308509001384798,0.007323724191663494,0.00714008537058608,-0.009607993850883956,0.0039354888494482765,0.002004316990440902,0.0065512637360496395,0.010161779022325401,0.001005491530667424,1
2025-01-16,129.3,129.57,129.14,129.42,2250931,0.001005491530667424,128.602,128.0284,0.13403242609676447,58.18965517241377,0.5926136675603288,0.5384547402160125,0.008186658870967884,0.010801220363217068,-0.0013118296164829069,0.02316388647323886,-0.003698851814749271,0.00714008537058608,-0.009607993850883956,-0.003000461609478311,0.006360709786783936,0.010869463337821683,-0.0052542110956573795,0
2025-01-17,128.69,128.95,128.47,128.74,2253127,-0.0052542110956573795,128.679,128.0658,0.13426783438474874,51.660839160839146,0.523444720732158,0.5354527363192416,0.007773951012033815,0.0009755963199227224,-0.010453497309761639,0.006017035242634972,0.001005491530667424,-0.003698851814749271,0.00714008537058608,0.0039354888494482765,0.0004740478244313895,0.005264481227619022,0.008699704831443222,1
2025-01-20,129.27,130.39,128.74,129.86,2157712,0.008699704831443222,128.699,128.1432,0.12224235104834691,54.74631751227508,0.5526320732658405,0.5388886037085614,0.007963694464613744,-0.042347812617753,0.007838571982925924,0.01890937622597111,-0.0052542110956573795,0.001005491530667424,-0.003698851814749271,-0.009607993850883956,0.009021049114600777,0.013397511533971507,0.0028492222393345923,1
2025-01-21,129.59,130.86,128.96,130.23,3277638,0.0028492222393345923,128.78300000000002,128.22979999999998,0.11951164819661066,57.679738562091515,0.5987175252707004,0.5508543880209892,0.005737265266121696,0.5190340508835285,0.0035447329891344914,0.003931544865864778,0.008699704831443222,-0.0052542110956573795,0.001005491530667424,0.00714008537058608,0.01123595505617958,0.015598558213457459,0.005067956692006437,1
2025-01-22,130.64,131.65,129.87,130.89,1733446,0.005067956692006437,128.945,128.33,0.11687798216994354,69.92753623188412,0.6806509417956477,0.5768136987759209,0.005911182539196726,-0.4711295146077755,0.012375280377445952,0.007001077088782948,0.0028492222393345923,0.008699704831443222,-0.0052542110956573795,-0.003698851814749271,0.015083950521540102,0.019948570092729545,-0.013140805256322108,0
2025-01-23,129.04,129.61,128.6,129.17,1792167,-0.013140805256322108,129.02249999999998,128.3942,0.12758401503451086,55.31914893617019,0.5998791064029945,0.5814267803013357,0.007320801564584436,0.033875298105623175,-0.001931695255756427,-0.003240990817192757,0.005067956692006437,0.0028492222393345923,0.008699704831443222,0.001005491530667424,0.001143211455366444,0.0060423290148619024,-0.0027870248509714868,0
2025-01-24,128.58,129.82,127.58,128.81,1321990,-0.0027870248509714868,129.087,128.428,0.1280765989316004,56.1151079136691,0.5010421515352164,0.5653498545481118,0.007196207854218114,-0.26235110902053216,0.0005437315519651875,-0.009915449654112174,-0.013140805256322108,0.005067956692006437,0.0028492222393345923,-0.0052542110956573795,-0.0021458396275378933,0.002974429252188049,-0.009859482959397536,0
2025-01-27,127.8,128.22,127.13,127.54,923311,-0.009859482959397536,129.046,128.43060000000003,0.13103865244699003,39.229249011857675,0.3165853675045014,0.5155969571393898,0.00723009899263573,-0.301574898448551,-0.01786539350069316,-0.010166860690725588,-0.0027870248509714868,-0.013140805256322108,0.005067956692006437,0.008699704831443222,-0.011670257117616822,-0.0069344844608685285,-0.006429355496314959,0
2025-01-28,126.7,127.22,126.19,126.72,2578776,-0.006429355496314959,128.947,128.40779999999998,0.13229629337899887,34.73782771535578,0.10304702824961964,0.43308697136143576,0.0067932389352405404,1.7929657504351186,-0.026952315134761484,-0.023503120906218755,-0.009859482959397536,-0.0027870248509714868,-0.013140805256322108,0.0028492222393345923,-0.01727066158964541,-0.013144061342067914,-0.004655934343434365,0
2025-01-29,126.39,126.43,126.08,126.13,2407558,-0.004655934343434365,128.83599999999998,128.37539999999998,0.13285757752032165,34.09926470588226,-0.11249494157402751,0.3239705887743431,0.006820965422124198,-0.06639506494554004,-0.03636641454656575,-0.024441178745455927,-0.006429355496314959,-0.009859482959397536,-0.0027870248509714868,0.005067956692006437,-0.02100344624173356,-0.017490889999174253,0.002378498374692839,1
2025-01-30,126.51,127.36,125.58,126.43,3331819,0.002378498374692839,128.83300000000003,128.37040000000002,0.12299361251220829,32.802249297094704,-0.25615323768573717,0.20794582348232707,0.0069114783957986104,0.38389978559187354,-0.021212355810172445,-0.023103075258847028,-0.004655934343434365,-0.006429355496314959,-0.009859482959397536,-0.013140805256322108,-0.018652053433514837,-0.01511563413372563,0.006169421814442577,1
2025-01-31,126.35,128.47,125.09,127.21,1244688,0.006169421814442577,128.79500000000002,128.36540000000002,0.11746018873261412,41.96078431372547,-0.3035646863466184,0.105643721516538,0.007304267338738976,-0.6264238843706695,-0.012421395854359196,-0.011884418207239511,0.002378498374692839,-0.004655934343434365,-0.006429355496314959,-0.0027870248509714868,-0.012306378353197145,-0.009000867835102233,0.00408772895212639,1
2025-02-03,127.9,128.79,126.84,127.73,1564963,0.00408772895212639,128.80900000000003,128.38379999999998,0.117533965837753,39.59183673469381,-0.2957695001254024,0.025361077188149936,0.006735225036304513,0.2573134793618963,0.0014897287125608116,-0.016402279377791595,0.006169421814442577,0.002378498374692839,-0.004655934343434365,-0.009859482959397536,-0.008376743861065794,-0.005092542828612157,0.008298755186721962,1
2025-02-04,129.33,130.18,127.94,128.79,1689956,0.008298755186721962,128.7625,128.351,0.1024424408915576,47.59152215799613,-0.20173316334097535,-0.020057770917675126,0.007332104943198753,0.0798696199207265,0.016335227272727293,-0.011057360055286791,0.00408772895212639,0.006169421814442577,0.002378498374692839,-0.006429355496314959,0.00021357149791279006,0.0034203083731330075,0.00023293733985552123,1
2025-02-05,128.86,129.16,128.52,128.82,3953159,0.00023293733985552123,128.7045,128.3864,0.10209721156011485,47.08171206225682,-0.12336585488205287,-0.04071938771055068,0.007034507276946231,1.3392082397411529,0.02132720209307859,-0.01581480632592247,0.008298755186721962,0.00408772895212639,0.006169421814442577,-0.004655934343434365,0.0008974045196554759,0.0033773047612517537,-0.0077627697562490106,0
2025-02-06,127.79,128.46,127.16,127.82,2818524,-0.0077627697562490106,128.616,128.3938,0.10504531200290794,45.66037735849048,-0.14033316757229386,-0.060642143682899316,0.006208764674773667,-0.28701982389273994,0.010994226053942846,-0.01045134319114338,0.00023293733985552123,0.008298755186721962,0.00408772895212639,0.002378498374692839,-0.006188965603035501,-0.004469063147909069,0.0014864653418869,1
2025-02-07,127.56,128.91,126.67,128.01,1906315,0.0014864653418869,128.5115,128.424,0.10397655250521617,40.43433298862446,-0.1368707126421782,-0.0758878574747551,0.006221658304422595,-0.3236477674130147,0.006288813772502122,-0.006210697927179654,-0.0077627697562490106,0.00023293733985552123,0.008298755186721962,0.006169421814442577,-0.003902374495667882,-0.003223696505326279,0.0057026794781658285,1
2025-02-10,128.82,129.16,128.4,128.74,2026317,0.0057026794781658285,128.506,128.46880000000002,0.1009111919843767,42.57228315054845,-0.0743645646183495,-0.07558319890347398,0.005560937078574686,0.06294972237012253,0.007907304470367249,0.009408812921436471,0.0014864653418869,-0.0077627697562490106,0.00023293733985552123,0.00408772895212639,0.001820926649339416,0.0021110183951278394,-0.009088084511418515,0
2025-02-11,127.16,127.98,126.75,127.57,2287314,-0.009088084511418515,128.39600000000002,128.4496,0.10206664323141172,34.250474383301764,-0.11787838523082428,-0.08404223616894405,0.005999278112230662,0.12880363733808675,-0.009472785154126862,0.006707702020201989,0.0057026794781658285,0.0014864653418869,-0.0077627697562490106,0.008298755186721962,-0.006433222218760859,-0.006847822025136785,0.002273261738653387,1
2025-02-12,127.18,128.94,126.1,127.86,1377761,0.002273261738653387,128.3245,128.3914,0.10204552080367842,42.81009879253576,-0.12749316337186656,-0.09273242160952855,0.00570689718537912,-0.39765113141440134,-0.007452258965998992,0.013716007294061638,-0.009088084511418515,0.0057026794781658285,0.0014864653418869,0.00023293733985552123,-0.0036197296697045855,-0.004138906499968065,0.00500547473799462,1
2025-02-13,128.57,128.98,128.09,128.5,2289926,0.00500547473799462,128.27849999999998,128.346,0.10381943805228616,48.349307774227896,-0.08251906461202907,-0.09068975021002865,0.005817465427150876,0.662063304157978,0.005319981223595782,0.016372696353713412,0.002273261738653387,-0.009088084511418515,0.0057026794781658285,-0.0077627697562490106,0.0017267118028354567,0.0011998815701306231,-0.0035019455252917053,0
2025-02-14,128.36,128.48,127.94,128.05,1402740,-0.0035019455252917053,128.244,128.284,0.10290078722804237,52.97549591598601,-0.08223999504679114,-0.08899979917738114,0.005784729879060071,-0.38742998682053487,0.0003124755878447516,0.006603254461127417,0.00500547473799462,0.002273261738653387,-0.009088084511418515,0.0014864653418869,-0.0015127413368265508,-0.001824077827320525,0.0034361577508785768,1
2025-02-17,128.37,128.96,127.89,128.49,2098146,0.0034361577508785768,128.1755,128.22060000000002,0.09842896045863674,60.80586080586083,-0.045984427780041415,-0.0803967248979132,0.005745536404729713,0.4957483211429061,-0.0019418983998756856,0.005950050888593239,-0.0035019455252917053,0.00500547473799462,0.002273261738653387,0.0057026794781658285,0.0024536670424535334,0.002101066443301436,-0.008638804576231673,0
2025-02-18,127.31,127.93,126.76,127.38,2594691,-0.008638804576231673,128.033,128.17,0.10162139629931535,57.175660160734765,-0.10560203829436432,-0.08543778757720344,0.005723035471797623,0.23665893603209698,-0.0014893783804970084,-0.010948054973212162,0.0034361577508785768,-0.0035019455252917053,0.00500547473799462,-0.009088084511418515,-0.005100247592417562,-0.0061636888507450305,-0.018841262364578393,0
2025-02-19,124.72,125.57,124.13,124.98,2300962,-0.018841262364578393,127.7375,128.091,0.11673289750426091,43.29324699352452,-0.34256054182216644,-0.13686233842619605,0.007971657746074392,-0.11320384585293586,-0.02252463632097601,-0.02980903586399619,-0.008638804576231673,0.0034361577508785768,-0.0035019455252917053,0.002273261738653387,-0.021587239455915452,-0.024287420661873282,-0.004560729716754697,0
2025-02-20,124.99,125.28,124.11,124.41,1597239,-0.004560729716754697,127.49949999999998,128.0084,0.10992108510887025,36.792452830188736,-0.5697780526565168,-0.22344548127226022,0.007821671895171876,-0.30583860141975405,-0.03182879377431913,-0.026678141135972444,-0.018841262364578393,-0.008638804576231673,0.0034361577508785768,0.00500547473799462,-0.024231467574382548,-0.02811065523824996,-0.002491761112450752,0
2025-02-21,124.23,124.37,123.96,124.1,1833477,-0.002491761112450752,127.26400000000001,127.9602,0.10989279120525104,32.53128007699712,-0.7660336175249398,-0.3319631085227962,0.0076866304136690355,0.14790397679996548,-0.030847325263569036,-0.030544488711819362,-0.004560729716754697,-0.018841262364578393,-0.008638804576231673,-0.0035019455252917053,-0.02486170480261518,-0.03016719261145262,-0.0007252215954873797,0
2025-02-24,123.87,124.65,123.24,124.01,2647534,-0.0007252215954873797,127.0875,127.88660000000002,0.10575488793059522,24.62845010615726,-0.9182448593161752,-0.449219458681472,0.0071192885672685235,0.44399629774466765,-0.03486652657794387,-0.036740717725648575,-0.002491761112450752,-0.004560729716754697,-0.018841262364578393,0.0034361577508785768,-0.02421559948854135,-0.030312792739818017,0.004193210224981758,1
2025-02-25,124.41,124.58,124.36,124.53,1700308,0.004193210224981758,126.978,127.88960000000002,0.10575167408168516,28.355196770938548,-0.985552870869796,-0.5564861411191369,0.007242954572275417,-0.35777670843887177,-0.0223739990579368,-0.02383005408795169,-0.0007252215954873797,-0.002491761112450752,-0.004560729716754697,-0.008638804576231673,-0.01927893020838245,-0.026269532471757007,-0.012286196097325952,0
2025-02-26,123.04,124.02,122.02,123.0,1292763,-0.012286196097325952,126.82150000000001,127.8582,0.11263796827211268,26.915708812260632,-1.1491069782594536,-0.6750103085472002,0.007654158639937449,-0.2396889269473531,-0.015842534805568964,-0.03801032379164715,0.004193210224981758,-0.0007252215954873797,-0.002491761112450752,-0.018841262364578393,-0.030132903332636962,-0.037996780808739694,0.0055284552845529245,1
2025-02-27,124.07,124.61,123.14,123.68,1844772,0.0055284552845529245,126.684,127.80480000000001,0.11451629071706478,30.192131747484126,-1.2099074102227547,-0.7819897288823111,0.00772279914226058,0.4269993803968708,-0.005867695522867811,-0.0375097276264591,-0.012286196097325952,0.004193210224981758,-0.0007252215954873797,-0.004560729716754697,-0.023712544599160057,-0.03227421818272869,0.004851228978007827,1
2025-02-28,124.07,124.3,124.06,124.28,1696106,0.004851228978007827,126.5375,127.74640000000001,0.11350150587138287,29.351851851851833,-1.1958917097925905,-0.8647701250643671,0.008194612494502597,-0.0805877365875024,0.0014504431909749815,-0.029441624365482366,0.0055284552845529245,-0.012286196097325952,0.004193210224981758,-0.002491761112450752,-0.017840561098488528,-0.027135011241021356,-0.008609591245574588,0
2025-03-03,122.87,124.43,121.65,123.21,1900237,-0.008609591245574588,126.3115,127.62140000000001,0.1146874599866199,29.626168224299064,-1.2566384777200454,-0.9431437955955029,0.008034777778132683,0.12035273738787544,-0.00645109265381838,-0.04109269203829102,0.004851228978007827,0.0055284552845529245,-0.012286196097325952,-0.0007252215954873797,-0.024554375492334413,-0.03456630314351683,-0.004463923382842294,0
2025-03-04,122.77,124.1,121.33,122.66,2016926,-0.004463923382842294,126.005,127.5036,0.10860560238876948,26.277372262773696,-1.3337860767774998,-1.0212722518319024,0.007883121652916426,0.06140760336736939,-0.015016461896731781,-0.03705448265033762,-0.008609591245574588,0.004851228978007827,0.0055284552845529245,0.004193210224981758,-0.026546565612475703,-0.03798794700698649,-0.002201206587314486,0
2025-03-05,122.34,123.6,121.13,122.39,1783734,-0.002201206587314486,125.68350000000001,127.3984,0.10816185115812968,21.152030217185995,-1.400567972600001,-1.0971313959855222,0.0058304025979933885,-0.11561752885331444,-0.004959349593495976,-0.02072331573051689,-0.004463923382842294,-0.008609591245574588,0.004851228978007827,-0.012286196097325952,-0.02620471263133195,-0.03931289560936402,-0.016422910368494192,0
2025-03-06,119.84,121.01,119.21,120.38,1830442,-0.016422910368494192,125.3115,127.25359999999999,0.1176645890003056,18.436213991769506,-1.5972709625167596,-1.1971593092917696,0.007390065147451642,0.026185518692809495,-0.026681759379042824,-0.03239289446186,-0.002201206587314486,-0.004463923382842294,-0.008609591245574588,0.0055284552845529245,-0.039353930006423954,-0.054014974821930406,0.009885363017112514,1
2025-03-07,121.52,122.27,120.83,121.57,2781737,0.009885363017112514,124.98949999999999,127.1346,0.12540389780464195,23.17829457364337,-1.6382516986336952,-1.2853777871601548,0.008488408615154078,0.5197078082780007,-0.021805600257483126,-0.02038678485092671,-0.016422910368494192,-0.002201206587314486,-0.004463923382842294,0.004851228978007827,-0.027358298097040157,-0.043769359403341146,0.009706342025170844,1
2025-03-10,122.62,123.66,121.71,122.75,2483842,0.009706342025170844,124.69000000000001,127.0224,0.12963150377053062,32.151117964533555,-1.557558523812105,-1.3398139344905449,0.009270817949642457,-0.10708956310391671,-0.0037334631929225592,-0.010160470929763799,0.009885363017112514,-0.016422910368494192,-0.002201206587314486,-0.008609591245574588,-0.015558585291523097,-0.03363501240726052,0.0032586558044807035,1
2025-03-11,122.99,123.94,122.21,123.15,2787944,0.0032586558044807035,124.46900000000001,126.9114,0.12852042008244466,41.65907019143119,-1.4446785888514597,-1.360786865362728,0.009217409583972607,0.12243210316920328,0.003994782325126511,-0.01108166706817626,0.009706342025170844,0.009885363017112514,-0.016422910368494192,-0.004463923382842294,-0.010597016124496927,-0.029637999423219652,0.012261469752334442,1
2025-03-12,124.7,125.68,123.68,124.66,2096167,0.012261469752334442,124.30900000000001,126.83760000000001,0.13724163276766355,51.04953820319059,-1.2193204792515075,-1.332493588140484,0.009168642473536163,-0.24813159805218465,0.018547266933572892,0.013495934959349531,0.0032586558044807035,0.009706342025170844,0.009885363017112514,-0.002201206587314486,0.0028236089100546202,-0.017168410629024966,-0.005615273544039789,0
2025-03-13,124.03,124.52,123.47,123.96,1768371,-0.005615273544039789,124.08200000000002,126.78699999999999,0.13601320221837948,49.43089430894309,-1.0847029235335839,-1.282935455219104,0.009284804264889243,-0.156378761806669,0.02973915932879212,0.0022639068564034304,0.012261469752334442,0.0032586558044807035,0.009706342025170844,-0.016422910368494192,-0.000983220773359772,-0.022297238675889508,-0.005727654081961853,0
2025-03-14,123.86,123.86,123.25,123.25,2238626,-0.005727654081961853,123.84200000000001,126.6926,0.13661896273436663,47.05882352941175,-1.023510218358183,-1.2310504078469198,0.00930684198105338,0.26592553259468743,0.013819198815497202,-0.008287737367235315,-0.005615273544039789,0.012261469752334442,0.0032586558044807035,0.009885363017112514,-0.0047802845561281115,-0.027172857767541303,0.020446247464503076,1
2025-03-17,125.99,126.52,125.24,125.77,1259147,0.020446247464503076,123.70600000000002,126.65899999999999,0.15718180161080095,54.15549597855226,-0.762877640589906,-1.137415854395517,0.010980440886372482,-0.4375357920438697,0.024602851323828778,0.020777534291047894,-0.005727654081961853,-0.005615273544039789,0.012261469752334442,0.009706342025170844,0.01668472022375611,-0.007018845877513558,0.004452572155521972,1
2025-03-18,126.64,127.82,125.15,126.33,1363909,0.004452572155521972,123.65350000000001,126.59120000000001,0.15563012965829393,61.93548387096773,-0.5053122005652995,-1.0109951236294736,0.0107465921187892,0.08320077004511783,0.025822168087697772,0.029920104353497567,0.020446247464503076,-0.005727654081961853,-0.005615273544039789,0.0032586558044807035,0.02164516168163444,-0.002063334576179243,0.015198290192353303,1
2025-03-19,128.06,129.51,126.8,128.25,2732290,0.015198290192353303,123.81700000000001,126.5566,0.14879524293760485,65.0427913100724,-0.1445949788871559,-0.8377150946810101,0.011208741237255513,1.0032788111230295,0.02879833146157562,0.047879728736007765,0.004452572155521972,0.020446247464503076,-0.005727654081961853,0.012261469752334442,0.03580283805939399,0.0133805743833193,-0.007875243664717368,0
2025-03-20,127.22,127.82,126.64,127.24,1710955,-0.007875243664717368,123.9585,126.50959999999999,0.15098580027768074,59.48717948717946,0.05909623443773171,-0.6583528288572619,0.009629921961967531,-0.37380182923481764,0.026460148434979125,0.056986210333942466,0.015198290192353303,0.004452572155521972,0.020446247464503076,-0.005615273544039789,0.026472569448646066,0.005773474898347564,-0.005501414649481173,0
2025-03-21,126.27,127.48,125.33,126.54,1600000,-0.005501414649481173,124.08049999999999,126.4384,0.15232541271421127,60.93237032173347,0.16216945018302908,-0.49424837304920377,0.010087351511120298,-0.06484974765554907,0.026693711967545664,0.04088179649584611,-0.007875243664717368,0.015198290192353303,0.004452572155521972,-0.005727654081961853,0.01982180922868637,0.0008035533508807813,0.004741583688952167,1
2025-03-24,126.87,127.87,126.14,127.14,1381450,0.004741583688952167,124.23700000000001,126.4042,0.15273130612619162,64.65968586387437,0.2889399816053242,-0.3376107021182982,0.009899014560535843,-0.13659374999999996,0.010892899737616313,0.03576374745417521,-0.005501414649481173,-0.007875243664717368,0.015198290192353303,0.020446247464503076,0.02336662990896432,0.005821009112038977,0.01934874941009901,1
2025-03-25,129.91,131.21,128.3,129.6,2400360,0.01934874941009901,124.4905,126.4008,0.16549229213836153,70.63537492844877,0.5812081759492145,-0.15384692650479567,0.011080978892309318,0.7375656013608889,0.025884587983851848,0.052375152253349544,0.004741583688952167,-0.005501414649481173,-0.007875243664717368,0.004452572155521972,0.041043292460067216,0.025309966392617733,-0.02091049382716048,0
2025-03-26,127.69,128.26,126.32,126.89,1373292,-0.02091049382716048,124.68499999999999,126.3528,0.1777759600076636,67.91414419372596,0.587387437318938,-0.0056000537400489325,0.013437727578045091,-0.42788081787731835,-0.010604288499025283,0.017888657147441034,0.01934874941009901,0.004741583688952167,-0.005501414649481173,0.015198290192353303,0.017684565104062244,0.0042515876181612455,0.018677594767120942,1
2025-03-27,129.52,130.08,128.7,129.26,3122060,0.018677594767120942,124.96399999999998,126.34960000000001,0.18747517925453547,69.87080103359176,0.7745946940921584,0.15043889582639255,0.014115780336502763,1.2734130833063908,0.01587551084564609,0.042755727654081976,-0.02091049382716048,0.01934874941009901,0.004741583688952167,-0.007875243664717368,0.03437790083544057,0.023034501098539106,-0.004100263035741958,0
2025-03-28,128.87,128.92,128.67,128.73,2142216,-0.004100263035741958,125.18649999999998,126.34939999999999,0.18853341777092902,65.98930481283423,0.870160554024551,0.29438322746602424,0.013996395446660821,-0.3138453457012357,0.017306780464675153,0.04446247464503039,0.018677594767120942,-0.02091049382716048,0.01934874941009901,-0.005501414649481173,0.02830576779445071,0.018841403283276437,0.012895207022450172,1
2025-03-31,130.58,130.76,130.21,130.39,1115956,0.012895207022450172,125.54549999999999,126.36,0.18819687772737873,68.13627254509018,1.0675393838402414,0.44901445874086765,0.013219504707250357,-0.47906466948244253,0.025562372188138838,0.036733720283056215,-0.004100263035741958,0.018677594767120942,-0.02091049382716048,0.004741583688952167,0.03858760369746417,0.03189300411522633,-0.008129457780504445,0
2025-04-01,129.63,129.64,129.32,129.33,1690988,-0.008129457780504445,125.87899999999999,126.34200000000001,0.19053513713083378,61.96822142491039,1.1254568216292853,0.5843029313185513,0.013728121793522919,0.5152819645218987,-0.002083333333333215,0.023747328425552272,0.012895207022450172,-0.004100263035741958,0.018677594767120942,0.01934874941009901,0.0274152161996839,0.023650092605784323,0.0002319647413593362,1
2025-04-02,129.32,130.3,128.39,129.36,1400307,0.0002319647413593362,126.2275,126.31139999999999,0.1898964006453408,64.3312101910829,1.1604011752061183,0.6995225800960647,0.012977280758341323,-0.17190009627507707,0.019465678934510233,0.008654970760233915,-0.008129457780504445,0.012895207022450172,-0.004100263035741958,-0.02091049382716048,0.024816303895743852,0.024135588711707845,0.001159554730983059,1
2025-04-03,129.47,130.57,128.41,129.51,2391774,0.001159554730983059,126.684,126.31819999999999,0.17598626393847278,67.12253829321668,1.1865210969519921,0.7969222834672502,0.012604693180887925,0.7080354522258334,0.0019340863376140494,0.017840301791889335,0.0002319647413593362,-0.008129457780504445,0.012895207022450172,0.018677594767120942,0.022307473714123338,0.02526793447025044,-0.015674465292255357,0
2025-04-04,127.71,128.7,126.49,127.48,2442170,-0.015674465292255357,126.97949999999999,126.29160000000002,0.18714371100064853,54.806070826306964,1.0315264932263801,0.8438431254190762,0.01363183423736224,0.021070552652549868,-0.0097102462518448,0.007428481112691676,0.001159554730983059,0.0002319647413593362,-0.008129457780504445,-0.004100263035741958,0.003941581121362336,0.009409968675667901,-0.010040790712268599,0
2025-04-07,126.79,127.82,125.17,126.2,1708555,-0.010040790712268599,127.152,126.2648,0.19008165340524477,49.64883846569423,0.79622842485756,0.8343201853067731,0.013957421054490484,-0.30039473091553826,-0.03213436613237197,-0.007393424571338625,-0.015674465292255357,0.001159554730983059,0.0002319647413593362,0.012895207022450172,-0.00748710205108849,-0.0005132071646253289,-0.003565768621236143,0
2025-04-08,125.77,125.95,125.57,125.75,1598712,-0.003565768621236143,127.28200000000001,126.2454,0.19076507300098478,42.664319248826246,0.5669068222910312,0.7808375127036248,0.012060662974463154,-0.06428999944397462,-0.027681125802211493,-0.029706790123456783,-0.010040790712268599,-0.015674465292255357,0.001159554730983059,-0.008129457780504445,-0.01203626592919671,-0.003924103373271426,0.000556660039761292,1
2025-04-09,125.18,126.82,124.18,125.82,2298524,0.000556660039761292,127.33999999999999,126.2392,0.1861620265596263,45.59006211180121,0.38636246902905214,0.7019425039687104,0.010287990892855077,0.4377348765756435,-0.027365491651206053,-0.008432500591063152,-0.003565768621236143,-0.010040790712268599,-0.015674465292255357,0.0002319647413593362,-0.0119365478247212,-0.003320680105704077,0.00238435860753472,1
2025-04-10,126.4,126.72,125.8,126.12,1602161,0.00238435860753472,127.44799999999998,126.23299999999999,0.18482136776477207,48.66242038216559,0.2644389732365795,0.6144417978222841,0.007865781390392424,-0.30296094363165227,-0.02617558489691907,-0.024292124400433157,0.000556660039761292,-0.003565768621236143,-0.010040790712268599,0.001159554730983059,-0.01041993597388724,-0.0008951700426986786,-0.00602600697748179,0
2025-04-11,125.42,125.85,124.93,125.36,3151333,-0.00602600697748179,127.55349999999999,126.196,0.1849668527717302,44.388398486759115,0.10527453666712461,0.5126083455912522,0.007934536589055189,0.9669265448353817,-0.01663005961719488,-0.026178823894973946,0.00238435860753472,0.000556660039761292,-0.003565768621236143,-0.015674465292255357,-0.017196705696041148,-0.006624615677200518,0.0042278238672623925,1
2025-04-14,125.59,126.34,125.14,125.89,1588487,0.0042278238672623925,127.55949999999999,126.1592,0.170656674535959,36.683417085427095,0.021652547484009688,0.4144171859698037,0.006370551778828441,-0.49593172159210086,-0.0024564183835182885,-0.034511849068179945,-0.00602600697748179,0.00238435860753472,0.000556660039761292,-0.010040790712268599,-0.013088009909101084,-0.00213381188212991,-0.007546270553657974,0
2025-04-15,124.62,126.28,123.28,124.94,2256368,-0.007546270553657974,127.48999999999998,126.08220000000001,0.17191042650275903,41.988496302382856,-0.11989348446840609,0.30755505188216176,0.006325849410109071,0.42045103296407205,-0.006441351888668012,-0.033944173818913015,0.0042278238672623925,-0.00602600697748179,0.00238435860753472,-0.003565768621236143,-0.020001568750490084,-0.009059169335560613,-0.006162958219945502,0
2025-04-16,122.99,125.21,121.94,124.17,1016870,-0.006162958219945502,127.28599999999999,125.9892,0.16250806081480146,25.92242194891196,-0.2908495666593751,0.1878741281738544,0.006237217480977459,-0.5493332647865952,-0.013113972341440072,-0.040120593692022366,-0.007546270553657974,0.0042278238672623925,-0.00602600697748179,0.000556660039761292,-0.02448030419684788,-0.014439332895200496,0.0033019247805428087,1
2025-04-17,124.28,125.43,123.42,124.58,2257836,0.0033019247805428087,127.15299999999999,125.9244,0.16159270036550194,30.143540669856392,-0.3887684394111801,0.0725456146568475,0.006469233117482645,1.2203782194380794,-0.012210593085949961,-0.038066558566905995,-0.006162958219945502,-0.007546270553657974,0.0042278238672623925,0.00238435860753472,-0.020235464361831768,-0.010676247018052143,0.010675870926312392,1
2025-04-18,125.82,127.6,124.14,125.91,1627476,0.010675870926312392,127.12150000000001,125.8824,0.16577350976172248,27.865612648221273,-0.3549582292946525,-0.012955154133452496,0.006486288705945654,-0.2791876823648839,0.004387364390555204,-0.012315657358016985,0.0033019247805428087,-0.006162958219945502,-0.007546270553657974,-0.00602600697748179,-0.009530252553659357,0.00021925225448504726,-0.0009530617107457173,0
2025-04-21,125.97,126.7,125.05,125.79,2164487,-0.0009530617107457173,127.054,125.8234,0.16475234355138763,30.718954248365904,-0.33399628998063235,-0.07716338130288847,0.005702288949662848,0.3299655417345633,-0.0007943442688060909,-0.003248811410459518,0.010675870926312392,0.0033019247805428087,-0.006162958219945502,0.0042278238672623925,-0.009948525823665455,-0.0002654514184166068,-0.0045313617934653605,0
2025-04-22,125.18,126.48,123.92,125.22,2906762,-0.0045313617934653605,126.835,125.77640000000001,0.14753467522359373,28.703703703703553,-0.35923697809666066,-0.1335781006616429,0.005771289938512702,0.3429334525917689,0.002241075716343799,-0.004214711729622289,-0.0009530617107457173,0.010675870926312392,0.0033019247805428087,-0.007546270553657974,-0.012733078408956433,-0.004423723369407995,0.003833253473886078,1
2025-04-23,125.32,126.49,124.53,125.7,1868018,0.003833253473886078,126.77550000000001,125.7332,0.12983232895751562,31.04477611940304,-0.33662797900697683,-0.1741880763307097,0.005923114515998353,-0.3573543344793967,0.012321816863976709,-0.0009537434430137992,-0.0045313617934653605,-0.0009530617107457173,0.010675870926312392,-0.006162958219945502,-0.008483500360874197,-0.0002640511813903901,-0.007000795544948368,0
2025-04-24,124.66,125.44,124.04,124.82,846488,-0.007000795544948368,126.55349999999999,125.6596,0.11019564305723206,35.05617977528087,-0.3852775896460088,-0.21640597899376954,0.006225150702450027,-0.5468523322580403,0.0019264729491088595,-0.010307643514113618,0.003833253473886078,-0.0045313617934653605,-0.0009530617107457173,0.0033019247805428087,-0.013697764186687778,-0.006681542834769516,0.012177535651338056,1
2025-04-25,126.34,126.49,126.2,126.34,999130,0.012177535651338056,126.43400000000001,125.62540000000001,0.12023011685384329,50.76586433260394,-0.29774919240142594,-0.23267462167530084,0.007185505479227666,0.18032387936981986,0.003415137796838996,0.007817485641352873,-0.007000795544948368,0.003833253473886078,-0.0045313617934653605,0.010675870926312392,-0.0007434709018144803,0.005688340096827504,0.0012664239354123197,1
2025-04-28,126.7,128.06,125.14,126.5,2027639,0.0012664239354123197,126.23949999999999,125.5856,0.10909119988424787,54.23728813559321,-0.21301612684054305,-0.2287429227083493,0.007089013360143942,1.029404581986328,0.005644327848000508,0.004845500039717177,0.012177535651338056,-0.007000795544948368,0.003833253473886078,-0.0009530617107457173,0.0020635379576123825,0.007281089551668396,0.0015810276679841806,1
2025-04-29,126.8,127.23,126.26,126.7,1449526,0.0015810276679841806,126.10799999999999,125.57199999999999,0.10667227705062875,54.89977728285081,-0.1282478717505171,-0.20864391251678288,0.006500186629249569,-0.28511633481107834,0.011819198211148407,0.014086761645589974,0.0012664239354123197,0.012177535651338056,-0.007000795544948368,-0.0045313617934653605,0.004694388936467231,0.008982894275794129,-0.02509865824782953,0
2025-04-30,123.82,124.24,123.09,123.52,1388926,-0.02509865824782953,125.81599999999999,125.5428,0.13650026528363682,39.03878583473862,-0.31404769614719896,-0.2297246692428661,0.010488659289622573,-0.04180676993720711,-0.01734287987271288,-0.005234758798421613,0.0015810276679841806,0.0012664239354123197,0.012177535651338056,0.003833253473886078,-0.018248871367711472,-0.016112433369336987,-0.009067357512953289,0
2025-05-01,121.69,125.08,119.02,122.4,2832817,-0.009067357512953289,125.4605,125.5026,0.13791044655934767,37.88870703764324,-0.5453831973565997,-0.29285637486561283,0.010720575425215813,1.0395737425895981,-0.01938791860278788,-0.017498795954406732,-0.02509865824782953,0.0015810276679841806,0.0012664239354123197,-0.007000795544948368,-0.024394132017646952,-0.02472140019409952,-0.020343137254902,0
2025-05-02,119.97,121.5,118.38,119.91,1886775,-0.020343137254902,125.082,125.41879999999999,0.14453520119445373,28.913963328631894,-0.9190462459126252,-0.4180943490750153,0.011214259409216111,-0.33395803541139435,-0.05089441190438504,-0.04765308553728853,-0.009067357512953289,-0.02509865824782953,0.0015810276679841806,0.012177535651338056,-0.041348875137909524,-0.04392323957811739,0.010341089150196048,1
2025-05-05,121.25,121.61,120.79,121.15,2749999,0.010341089150196048,124.82949999999998,125.3616,0.1494223475578333,36.90393918451974,-1.102411355226721,-0.5549577503053564,0.012173933384856228,0.457512951994806,-0.04229249011857705,-0.036886874950314064,-0.020343137254902,-0.009067357512953289,-0.02509865824782953,0.0012664239354123197,-0.029476205544362366,-0.033595614606067525,-0.005282707387536112,0
2025-05-06,120.17,120.65,120.04,120.51,2704908,-0.005282707387536112,124.56750000000002,125.28119999999998,0.14978520584165922,37.2384937238494,-1.2845645165955943,-0.7008791035634041,0.012182058666597197,-0.016396733235175764,-0.04885556432517757,-0.03761379971250589,0.010341089150196048,-0.020343137254902,-0.009067357512953289,0.0015810276679841806,-0.03257270154735403,-0.03808392639917224,-0.008961911874533213,0
2025-05-07,119.49,120.02,118.9,119.43,1739209,-0.008961911874533213,124.248,125.2098,0.15136258942514239,32.84477015323125,-1.4987920416954665,-0.8604616911898166,0.011966020512821396,-0.3570173181490831,-0.0331120466321243,-0.0498806682577565,-0.005282707387536112,0.010341089150196048,-0.020343137254902,-0.02509865824782953,-0.038777284141394586,-0.04616092350598755,-0.015071590052750605,0
2025-05-08,117.44,118.41,116.67,117.63,2104276,-0.015071590052750605,123.82350000000001,125.08879999999999,0.15639975931191658,23.255813953488442,-1.793143612167512,-1.0469980753853556,0.012378133526139498,0.20990404258487616,-0.0389705882352942,-0.05760294824547352,-0.008961911874533213,-0.005282707387536112,0.010341089150196048,-0.009067357512953289,-0.05001877672655042,-0.05962804024021329,-0.0240584884808297,0
2025-05-09,114.37,116.51,112.66,114.8,1366035,-0.0240584884808297,123.29549999999999,124.89920000000001,0.17262333552284528,19.7910940076966,-2.2290812401764697,-1.2834147083435785,0.01180635815595737,-0.35082897870811625,-0.04261529480443671,-0.09134082634161789,-0.015071590052750605,-0.008961911874533213,-0.005282707387536112,-0.020343137254902,-0.06890356906780859,-0.08085880453998107,-0.013675958188153259,0
2025-05-12,112.79,113.83,112.19,113.23,2299283,-0.013675958188153259,122.6625,124.69959999999999,0.17254464034021946,18.759770713913582,-2.670467344853847,-1.5608252356456322,0.011228023764717137,0.6831801527779302,-0.06537350392075936,-0.10490118577075092,-0.0240584884808297,-0.015071590052750605,-0.008961911874533213,0.010341089150196048,-0.07689799245898288,-0.09197784114784635,-0.00591715976331364,0
2025-05-13,112.73,115.24,110.05,112.56,1948993,-0.00591715976331364,122.04350000000002,124.4976,0.17235123409648997,16.099071207430413,-3.039297286183924,-1.8565196457532906,0.010525581090053141,-0.15234749267489034,-0.06596962907642523,-0.11160220994475134,-0.013675958188153259,-0.0240584884808297,-0.015071590052750605,-0.005282707387536112,-0.07770589994551136,-0.09588618575779773,0.005685856432125158,1
2025-05-14,113.39,114.04,112.54,113.2,3379270,0.005685856432125158,121.495,124.31379999999999,0.17650700363805313,19.64472309299903,-3.2425766158734888,-2.1337310397773304,0.010676571649924022,0.7338543545307756,-0.052164447793686675,-0.08354922279792742,-0.00591715976331364,-0.013675958188153259,-0.0240584884808297,-0.008961911874533213,-0.0682744145849623,-0.08940117669961001,0.003445229681978912,1
2025-05-15,113.95,115.13,112.42,113.59,2611199,0.003445229681978912,120.94550000000001,124.17800000000001,0.1765923210931437,14.602998334258785,-3.3337774967884144,-2.3737403311795475,0.011333306803158617,-0.22728902987923427,-0.03434498002210318,-0.0719771241830065,0.005685856432125158,-0.00591715976331364,-0.013675958188153259,-0.015071590052750605,-0.06081664882116333,-0.08526470067161662,-0.00853948410951666,0
2025-05-16,112.87,113.55,111.93,112.62,1869645,-0.00853948410951666,120.28099999999999,123.999,0.16756327230910886,13.124335812964986,-3.4446183294506625,-2.5879159308337707,0.010410758243262846,-0.2839898452779739,-0.018989547038327448,-0.0607955966975231,0.003445229681978912,0.005685856432125158,-0.00591715976331364,-0.0240584884808297,-0.06369252001562997,-0.09176686908765386,0.009323388385721776,1
2025-05-19,113.83,114.23,113.27,113.67,1566090,0.009323388385721776,119.675,123.81739999999999,0.1750711044630426,16.87849517031013,-3.4084438441638127,-2.752021513499779,0.010234539672363933,-0.1623596993012042,0.0038858959639671564,-0.06174164259182835,-0.00853948410951666,0.003445229681978912,0.005685856432125158,-0.013675958188153259,-0.05017756423647379,-0.08195455566018983,0.012580276238233434,1
2025-05-20,114.73,115.95,113.88,115.1,1846294,0.012580276238233434,119.16900000000001,123.65639999999999,0.1858752429005935,26.506696428571416,-3.2271852719970298,-2.8470542651992297,0.01186227574481686,0.17891947461512436,0.02256574271499634,-0.044892540038171225,0.009323388385721776,-0.00853948410951666,0.003445229681978912,-0.00591715976331364,-0.03414478597621884,-0.06919496281631998,0.00816681146828846,1
2025-05-21,115.97,116.89,115.11,116.04,1972979,0.00816681146828846,118.686,123.48400000000001,0.1889515433430968,32.07440811724918,-2.9734107750344947,-2.872325567166283,0.01237503203485945,0.0686158325813766,0.025088339222614886,-0.028384827932680268,0.012580276238233434,0.009323388385721776,-0.00853948410951666,0.005685856432125158,-0.02229412062079772,-0.060283113601762195,-0.03179937952430212,0
2025-05-22,112.25,112.72,111.88,112.35,2673822,-0.03179937952430212,118.0625,123.2518,0.21325165141958857,30.04223864836328,-3.0350585534822585,-2.904872164429478,0.015057144786074464,0.3552207093942712,-0.010916453913196622,-0.04488650854373888,0.00816681146828846,0.012580276238233434,0.009323388385721776,0.003445229681978912,-0.0483853890947592,-0.0884514465508821,0.016110369381397538,1
2025-05-23,114.84,114.86,114.13,114.16,2838998,0.016110369381397538,117.45349999999999,123.07,0.21789933146940582,32.08610968733983,-2.9043830687506613,-2.904774345293715,0.014604648255991953,0.06177524158302239,0.01367430296572536,-0.0055749128919860835,-0.03179937952430212,0.00816681146828846,0.012580276238233434,-0.00853948410951666,-0.02804088426483664,-0.07239782237750869,0.0008759635599160376,1
2025-05-26,113.96,115.35,112.87,114.26,1288060,0.0008759635599160376,116.8415,122.8398,0.21775557367944898,33.52662098049554,-2.7609264004424006,-2.8760047563234523,0.013847051489101713,-0.5462976726295685,0.00519046362276776,0.009096529188377556,0.016110369381397538,-0.03179937952430212,0.00816681146828846,0.009323388385721776,-0.022094033369992605,-0.06984544097271395,-0.0013127953789603408,0
2025-05-27,113.67,114.41,113.37,114.11,1360574,-0.0013127953789603408,116.21200000000002,122.59539999999998,0.21683855315784348,35.25498891352551,-2.6290338380875795,-2.826610572676278,0.01366712258617144,0.056297066906821014,-0.008601216333622874,0.01377043354655294,0.0008759635599160376,0.016110369381397538,-0.03179937952430212,0.012580276238233434,-0.018087632946683807,-0.06921466873961002,0.0003505389536413439,1
2025-05-28,113.81,115.06,112.9,114.15,2173549,0.0003505389536413439,115.74350000000001,122.3134,0.20420375093609003,39.31203931203936,-2.4925478266917906,-2.7597980234793806,0.013587455807737427,0.5975235452095953,-0.01628748707342298,0.008392226148409954,-0.0013127953789603408,0.0008759635599160376,0.016110369381397538,0.00816681146828846,-0.013767511782519115,-0.06674166526316816,0.011476127901883348,1
2025-05-29,115.8,116.66,114.59,115.46,1310126,0.011476127901883348,115.39649999999999,122.07780000000001,0.2101850307736875,52.23577235772356,-2.252707814040477,-2.6583799815916,0.013984811765825243,-0.3972411019949401,0.027681352914997737,0.016462716788449683,0.0003505389536413439,-0.0013127953789603408,0.0008759635599160376,-0.03179937952430212,0.0005502766548379778,-0.05420969250756502,-0.027801836133725888,0
2025-05-30,112.03,112.47,111.81,112.25,1981153,-0.027801836133725888,115.0135,121.792,0.21987189370874416,47.01219512195121,-2.295195464367339,-2.585743078146748,0.016631546960410613,0.5121850875411984,-0.01673090399439381,-0.0032853844787782416,0.011476127901883348,0.0003505389536413439,-0.0013127953789603408,0.016110369381397538,-0.024027614149643273,-0.07834668943772993,-0.008552338530066761,0
2025-06-02,111.53,112.14,110.67,111.29,1072965,-0.008552338530066761,114.52050000000001,121.475,0.21460030734620153,46.195326542840036,-2.378908632408411,-2.544376188999081,0.016453565950451735,-0.45841386303834186,-0.025993348503413283,-0.020937802410486483,-0.027801836133725888,0.011476127901883348,0.0003505389536413439,0.0008759635599160376,-0.028208923293209565,-0.0838444124305412,0.005660885973582497,1
2025-06-03,111.75,112.44,111.23,111.92,1749306,0.005660885973582497,114.09099999999998,121.12140000000001,0.21733127934739582,46.163069544364504,-2.367129392185234,-2.508926829636312,0.01590920466200881,0.6303476814248368,-0.019192007711856918,-0.027628149435273586,-0.008552338530066761,-0.027801836133725888,0.011476127901883348,-0.0013127953789603408,-0.01902867009667697,-0.07596840855538334,0.008309506790564525,1
2025-06-04,113.2,113.59,112.46,112.85,1684370,0.008309506790564525,113.76200000000001,120.8406,0.22030728421628487,47.85133565621368,-2.2567367750054217,-2.458488818710134,0.01592007737686517,-0.03712100684500019,-0.01138852387209821,-0.02749052051016898,0.005660885973582497,-0.008552338530066761,-0.027801836133725888,0.0003505389536413439,-0.008016736695909188,-0.06612512681995952,-0.001417811253876744,0
2025-06-05,112.17,113.4,111.46,112.69,1738024,-0.001417811253876744,113.51499999999999,120.5092,0.2154459099190834,50.21328458257159,-2.1572925675282733,-2.3982495684737617,0.012209647691339452,0.031854046319989004,-0.02399099255153292,0.0030262572318646708,0.008309506790564525,0.005660885973582497,-0.008552338530066761,0.011476127901883348,-0.007267761969783626,-0.06488467270548648,-0.009140118910284878,0
2025-06-06,111.51,111.73,111.44,111.66,1578530,-0.009140118910284878,113.35800000000002,120.1678,0.20127977756858093,43.86821232458815,-2.1369611506441686,-2.345991884907843,0.011158439133165996,-0.09176743244051866,-0.005256124721603639,-0.02189908899789772,-0.001417811253876744,0.008309506790564525,0.005660885973582497,-0.027801836133725888,-0.014979092785687986,-0.0707993322670466,-0.0013433637829123324,0
2025-06-09,111.7,113.07,110.14,111.51,2288786,-0.0013433637829123324,113.272,119.7902,0.19591855848088255,38.120450033090705,-2.108644956211947,-2.298522499168664,0.01111343288153478,0.44994773618493156,0.001976817324108149,-0.024067915280938212,-0.009140118910284878,-0.001417811253876744,0.008309506790564525,-0.008552338530066761,-0.015555477081714786,-0.06912251586523765,0.013003318088063764,1
2025-06-10,112.88,114.07,111.77,112.96,2685302,0.013003318088063764,113.29199999999999,119.4628,0.20067937330602242,40.14084507042248,-1.9467602459734792,-2.228170048529627,0.012140407757319603,0.17324293315320882,0.00929235167977116,-0.010077994917185196,-0.0013433637829123324,-0.009140118910284878,-0.001417811253876744,0.005660885973582497,-0.0029304805281925583,-0.054433681447279,-0.0010623229461755868,0
2025-06-11,112.54,113.46,111.91,112.84,2482454,-0.0010623229461755868,113.274,119.1324,0.19968393303975415,52.03319502074692,-1.8073148434108646,-2.1439990075058746,0.012131867089500564,-0.07554010684831725,-8.86132033671716e-05,-0.01147612790188346,0.013003318088063764,-0.0013433637829123324,-0.009140118910284878,0.008309506790564525,-0.003831417624521105,-0.052818544745174334,-0.0028358738036158293,0
2025-06-12,112.99,113.79,111.72,112.52,1770998,-0.0028358738036158293,113.22049999999999,118.79260000000001,0.19945640791142608,42.234848484848456,-1.7029936323613981,-2.0557979324769793,0.011300878477226519,-0.28659383013743656,-0.0015085633152897016,-0.025463363935562033,-0.0010623229461755868,0.013003318088063764,-0.0013433637829123324,-0.001417811253876744,-0.006187042099266349,-0.05280295237245425,-0.012797724848915726,0
2025-06-13,110.61,111.55,110.14,111.08,1782506,-0.012797724848915726,113.14349999999999,118.46459999999999,0.20231416534651592,36.638655462184786,-1.7167249498313453,-1.9879833359478525,0.008119089922241052,0.006498031053677078,-0.005194339960594596,-0.010423162583518941,-0.0028358738036158293,-0.0010623229461755868,0.013003318088063764,-0.009140118910284878,-0.018237901426065073,-0.06233592144826383,0.0048613611811307855,1
2025-06-16,111.33,111.95,110.99,111.62,1555002,0.0048613611811307855,113.04099999999998,118.17299999999999,0.2000152959289098,39.86981285598045,-1.6648423643752466,-1.9233551416333314,0.007839170419241986,-0.12763154794429865,0.000986458613577268,0.0029652259861623342,-0.012797724848915726,-0.0028358738036158293,-0.0010623229461755868,-0.0013433637829123324,-0.012570660202935069,-0.05545259915547529,0.0020605626231857688,1
2025-06-17,112.22,112.37,111.7,111.85,1515960,0.0020605626231857688,112.8785,117.895,0.19405516698634068,40.785256410256316,-1.5868734741817292,-1.8560588081430112,0.007647140767896141,-0.02510736320596374,-0.00982648725212465,-0.0006254467476769499,0.0048613611811307855,-0.012797724848915726,-0.0028358738036158293,0.013003318088063764,-0.009111566861714215,-0.05127443911955554,0.01645060348681282,1
2025-06-18,114.27,114.52,113.44,113.69,1883445,0.01645060348681282,112.761,117.6524,0.20153240843394463,43.197540353574155,-1.3609220818741932,-1.7570314628892476,0.008955729012501275,0.24241074962400067,0.007532789790854366,0.007443509082853295,0.0020605626231857688,0.0048613611811307855,-0.012797724848915726,-0.0010623229461755868,0.008238664077118818,-0.03367887097925759,0.0033424223766382877,1
2025-06-19,114.06,114.25,113.87,114.07,1832877,0.0033424223766382877,112.84700000000001,117.41140000000001,0.16557150195611128,58.939096267190585,-1.1380721638910956,-1.6332396030896175,0.008952564725089618,-0.026848673574221715,0.01377532883043009,0.012245984559410727,0.01645060348681282,0.0020605626231857688,0.0048613611811307855,-0.0028358738036158293,0.010837682880360022,-0.028458906034678266,0.013588147628649239,1
2025-06-20,115.19,115.65,115.16,115.62,1845106,0.013588147628649239,112.91999999999999,117.2166,0.16269766060351326,70.10213556174564,-0.8268584428058574,-1.4719633710328657,0.008905534998770387,0.006672024363882478,0.04087144400432119,0.03546480386888784,0.0033424223766382877,0.01645060348681282,0.0020605626231857688,-0.012797724848915726,0.023910733262486827,-0.013620937648763043,-0.004151530877010923,0
2025-06-23,114.69,115.23,114.6,115.14,2109949,-0.004151530877010923,112.96400000000001,117.0016,0.16359595723657255,65.16007532956688,-0.6118977389036786,-1.2999502446070283,0.009117907797607724,0.1435380948303242,0.031535567102669804,0.0325531342480494,0.013588147628649239,0.0033424223766382877,0.01645060348681282,0.0048613611811307855,0.019262773981091108,-0.01591089352624231,-0.0003474031613688311,0
2025-06-24,114.8,115.37,114.53,115.1,2582259,-0.0003474031613688311,113.0135,116.8048,0.16349506967134422,61.562178828365894,-0.4396989225825507,-1.127899980202133,0.008485978817950568,0.22384901246428224,0.02905677246312033,0.018944759206798834,-0.004151530877010923,0.013588147628649239,0.0033424223766382877,0.0020605626231857688,0.018462396085423327,-0.014595290604495714,-0.013727193744569877,0
2025-06-25,113.48,114.05,112.95,113.52,1597397,-0.013727193744569877,112.982,116.59179999999998,0.17110545032279403,53.7219730941704,-0.4258143921590687,-0.9874828625935201,0.009819338253746016,-0.38139551454753373,-0.0014952942211275966,0.00602623183268336,-0.0003474031613688311,-0.004151530877010923,0.013588147628649239,0.01645060348681282,0.00476182046697704,-0.02634662128897558,0.0072233967582806535,1
2025-06-26,114.79,115.16,113.97,114.34,1809244,0.0072233967582806535,112.926,116.38699999999999,0.16788503417543532,62.24862888482636,-0.3446705077286083,-0.8589203916205378,0.009937738953565518,0.13262013137623274,0.0023669676514421756,0.01617490223960183,-0.013727193744569877,-0.0003474031613688311,-0.004151530877010923,0.0033424223766382877,0.012521474239767683,-0.01758787493448566,-0.01329368549938792,0
2025-06-27,113.12,113.34,112.6,112.82,2395267,-0.01329368549938792,112.95450000000001,116.1252,0.1424956524010084,55.320877335499546,-0.3984219315197919,-0.7668206996003887,0.010018763213142943,0.32390490171585484,-0.024217263449230364,0.01566438602808784,0.0072233967582806535,-0.013727193744569877,-0.0003474031613688311,0.013588147628649239,-0.0011907449459739317,-0.02846238370310672,0.010281864917567995,1
2025-06-30,114.3,115.46,112.82,113.98,2114047,0.010281864917567995,113.08899999999998,115.889,0.1426749919550995,54.242928452579065,-0.34345883697990587,-0.6821483270762921,0.010355746766765499,-0.11740653547182844,-0.010074691679694214,0.021143164307471762,-0.01329368549938792,0.0072233967582806535,-0.013727193744569877,-0.004151530877010923,0.007878750364757048,-0.01647265918249352,-0.0026320407088962217,0
2025-07-01,113.51,114.39,112.81,113.68,1480557,-0.0026320407088962217,113.17699999999999,115.6582,0.14229790612467652,53.442622950819676,-0.32041414653436107,-0.609801490967906,0.01046562066284429,-0.29965748159809125,-0.012337098175499439,0.016361198033080226,0.010281864917567995,-0.01329368549938792,0.0072233967582806535,-0.0003474031613688311,0.004444365904733516,-0.017103845641726956,-0.019968332160450464,0
2025-07-02,111.66,113.12,109.95,111.41,1349144,-0.019968332160450464,113.10499999999999,115.3724,0.15717866720468196,46.077738515901075,-0.4797903674498514,-0.5837992662642951,0.011071144257535798,-0.08875916293665154,-0.018587033121916785,-0.020054534259829393,-0.0026320407088962217,0.010281864917567995,-0.01329368549938792,-0.013727193744569877,-0.014986074886167655,-0.0343444359309506,0.009155372049187704,1
2025-07-03,112.69,112.92,112.21,112.43,2459650,0.009155372049187704,113.09200000000001,115.12460000000002,0.1608820176124518,54.91624180626366,-0.5178225591363343,-0.570603924838703,0.011524307453479607,0.8231189554265519,-0.01670456533146747,-0.014377136845796334,-0.019968332160450464,-0.0026320407088962217,0.010281864917567995,0.0072233967582806535,-0.005853641283203093,-0.023405944515768162,0.013074802099083849,1
2025-07-04,114.18,114.51,113.56,113.9,1385321,0.013074802099083849,113.204,114.8758,0.16356751034983852,57.77626193724418,-0.424453791265222,-0.5413738981240068,0.01145109959495172,-0.43678124936474705,0.009572770785321927,-0.01487631897595576,0.009155372049187704,-0.019968332160450464,-0.0026320407088962217,-0.01329368549938792,0.006148192643369521,-0.008494391333944917,0.021158911325724228,1
2025-07-07,116.3,116.93,115.68,116.31,2323235,0.021158911325724228,113.444,114.67200000000001,0.17807098631707316,63.242280285035605,-0.1542138302121856,-0.4639418845416426,0.013413792599709259,0.6770373075987444,0.020442182839094603,0.010161542470036533,0.013074802099083849,0.009155372049187704,-0.019968332160450464,0.010281864917567995,0.02526356616480374,0.01428421933863544,-0.01642163184592893,0
2025-07-08,114.26,115.57,113.08,114.4,1426736,-0.01642163184592893,113.516,114.426,0.18483050760522826,52.099349497338864,-0.09309461479784886,-0.3897724305928839,0.014522794810099155,-0.3858839075685413,0.006333567909922566,-0.006081668114682803,0.021158911325724228,0.013074802099083849,0.009155372049187704,-0.0026320407088962217,0.00778744846541457,-0.00022722108611672454,0.00751748251748241,1
2025-07-09,115.64,116.36,114.54,115.26,3575422,0.00751748251748241,113.63699999999999,114.2608,0.18625039992459339,53.421506612996,0.02445570627946836,-0.3069268032184135,0.01391650894028658,1.5060151282367586,0.0345570415582086,0.015327695560253707,-0.01642163184592893,0.021158911325724228,0.013074802099083849,-0.019968332160450464,0.014282320019008088,0.008744906389593021,-0.0038174561860143674,0
2025-07-10,115.36,116.25,113.93,114.82,1369068,-0.0038174561860143674,113.752,114.1092,0.18655973670239231,47.54299754299752,0.08117512357617329,-0.22930641785949613,0.013859499265967072,-0.6170891156344622,0.02125767144000701,0.004198005947174899,0.00751748251748241,-0.01642163184592893,0.021158911325724228,0.009155372049187704,0.009388845910401455,0.006229120877194738,-0.01419613307786094,0
2025-07-11,113.12,113.54,112.77,113.19,3705899,-0.01419613307786094,113.8575,113.9748,0.1879996970908648,44.40619621342513,-0.005340149180838694,-0.18451316412376464,0.013961894906367994,1.706877233271101,-0.006233538191396049,0.003279560361638012,-0.0038174561860143674,0.00751748251748241,-0.01642163184592893,0.013074802099083849,-0.005862591397141181,-0.0068857326356353,-0.0030921459492887493,0
2025-07-14,112.96,113.39,112.41,112.84,2526736,-0.0030921459492887493,113.91850000000002,113.80859999999998,0.18795734569202371,43.63021420518606,-0.10098214180607101,-0.16780695966022594,0.01354612208020121,-0.31818541196076844,-0.029834064138939076,-0.010001754693805931,-0.01419613307786094,-0.0038174561860143674,0.00751748251748241,0.021158911325724228,-0.009467294600964848,-0.00851078038039288,-0.006823821339950409,0
2025-07-15,112.44,113.78,110.73,112.07,3166828,-0.006823821339950409,113.92949999999999,113.63980000000001,0.18968586478716817,45.717660956881275,-0.23618903469699148,-0.18148337466757905,0.013669211070551647,0.25332761317367547,-0.020367132867132987,-0.01416256157635476,-0.0030921459492887493,-0.01419613307786094,-0.0038174561860143674,-0.01642163184592893,-0.016321497066168034,-0.013813822270014708,0.023824395467118675,1
2025-07-16,115.26,115.42,114.59,114.74,3110173,0.023824395467118675,113.98200000000001,113.546,0.19962732683420814,51.06496272630456,-0.12643729511356128,-0.17047415875677552,0.014048294353240051,-0.017890141175965324,-0.00451153912892599,0.029889596984112643,-0.006823821339950409,-0.0030921459492887493,-0.01419613307786094,0.00751748251748241,0.006650172834306911,0.010515561974882237,0.002091685549939104,1
2025-07-17,115.58,117.42,113.15,114.98,2349515,0.002091685549939104,114.0275,113.493,0.19944329934004865,56.171428571428585,-0.019863284954297455,-0.1403519839962799,0.013883141470823012,-0.24457096116518273,0.0013934854554955578,0.02268077915147204,0.023824395467118675,-0.006823821339950409,-0.0030921459492887493,-0.0038174561860143674,0.008353248119971068,0.013102129646762384,-8.69716472430282e-05,0
2025-07-18,114.98,115.85,114.1,114.97,1770058,-8.69716472430282e-05,113.995,113.4964,0.1933290900185552,53.0275229357798,0.0630635125773722,-0.09966888468154948,0.013365730040618596,-0.24662834670134048,0.01572577082781157,0.009394205443371328,0.002091685549939104,0.023824395467118675,-0.006823821339950409,-0.01419613307786094,0.008553006710820599,0.012983671728794999,0.002783334782986868,1
2025-07-21,115.73,115.94,115.07,115.29,4530244,0.002783334782986868,114.00249999999998,113.5376,0.19302152929459085,54.91753207086132,0.15284304326367248,-0.04916649909250509,0.011408496717531942,1.5593760204467877,0.02171215880893307,-0.008769667268506587,-8.69716472430282e-05,0.002091685549939104,0.023824395467118675,-0.0030921459492887493,0.011293611982193585,0.015434534462592131,-0.0006071645415908211,0
2025-07-22,114.82,115.58,114.46,115.22,1710280,-0.0006071645415908211,114.0085,113.5908,0.19303234573451208,63.44389555398726,0.21585728476135557,0.0038382576782670444,0.010017074699580315,-0.6224750808124242,0.02810743285446593,0.007167832167832122,0.002783334782986868,-8.69716472430282e-05,0.002091685549939104,-0.006823821339950409,0.010626400663108493,0.01434271085334382,-0.009026210727304251,0
2025-07-23,113.44,115.37,112.26,114.18,2133207,-0.009026210727304251,114.0415,113.61040000000001,0.1892430096308835,56.16631430584918,0.17980454194885453,0.03903151453238454,0.010142268871002915,0.24728523984376838,-0.004880599616524206,-0.00937011972930768,-0.0006071645415908211,0.002783334782986868,-8.69716472430282e-05,0.023824395467118675,0.0012144701709466688,0.005013625513157205,0.0021019442984759884,1
2025-07-24,114.27,115.16,113.53,114.42,1251344,0.0021019442984759884,114.04550000000002,113.627,0.1876449347396844,52.006172839506156,0.16865433556357345,0.06495607873862233,0.01012548014097064,-0.41339776214872725,-0.0048704122456079135,-0.0034837136387387835,-0.009026210727304251,-0.0006071645415908211,0.002783334782986868,0.002091685549939104,0.0032837770889686535,0.006978975067545523,0.0033210977101905126,1
2025-07-25,114.92,115.33,114.38,114.8,1974668,0.0033210977101905126,114.1445,113.6706,0.18106724082688844,43.09240622140896,0.18830982246328176,0.08962682748355422,0.00889545165742026,0.5780376938715492,-0.001478646603461753,0.014223871366728424,0.0021019442984759884,-0.009026210727304251,-0.0006071645415908211,-8.69716472430282e-05,0.005742720849449601,0.00993572656430075,0.0076655052264809065,1
2025-07-28,115.16,115.7,115.14,115.68,2439958,0.0076655052264809065,114.2295,113.7108,0.17950679797585825,56.46464646464645,0.27176286977827147,0.12605403594249767,0.00893569660081097,0.23562948303208442,0.003382773874577083,0.025168380007089652,0.0033210977101905126,0.0021019442984759884,-0.009026210727304251,0.002783334782986868,0.012698120888211983,0.01731761626863948,-0.004322268326417689,0
2025-07-29,115.13,115.45,114.86,115.18,1565694,-0.004322268326417689,114.3045,113.71240000000002,0.18003503850671007,49.580712788259966,0.2941632587597809,0.15967588050595433,0.008676161558823172,-0.3583110856826224,-0.00034716195105011227,0.027750513072187122,0.0076655052264809065,0.0033210977101905126,0.0021019442984759884,-0.0006071645415908211,0.007659365991715239,0.012906244173898296,8.68206285813411e-05,1
2025-07-30,115.25,115.47,114.97,115.19,2065451,8.68206285813411e-05,114.4935,113.69539999999999,0.16271532502108035,52.030735455543386,0.3091588540158341,0.18957247520793027,0.0045370320818957895,0.31919200048029817,0.008845682256086729,0.0039219104061356536,-0.004322268326417689,0.0076655052264809065,0.0033210977101905126,-0.009026210727304251,0.006083314773327686,0.013145650571614986,-0.0017362618282836806,0
2025-07-31,114.98,116.48,113.49,114.99,1793875,-0.0017362618282836806,114.62150000000001,113.7482,0.16069416938811987,61.71874999999995,0.3014299459797911,0.21194396936230248,0.0045399998578962595,-0.13148508485555943,0.004981646565285658,8.697164724291717e-05,8.68206285813411e-05,-0.004322268326417689,0.0076655052264809065,0.0021019442984759884,0.003214929136331257,0.010917095830967005,-0.015392642838507609,0
2025-08-01,113.31,113.46,113.08,113.22,1808759,-0.015392642838507609,114.5875,113.7294,0.16446115039779455,52.087912087912066,0.1507428534047932,0.19970374617080064,0.00666295222388057,0.008297122151766478,-0.013763066202090557,-0.015221362094459456,-0.0017362618282836806,8.68206285813411e-05,-0.004322268326417689,0.0033210977101905126,-0.011934111486855081,-0.004479052909801662,-0.006359300476947549,0
2025-08-04,112.88,113.14,112.24,112.5,2468304,-0.006359300476947549,114.397,113.6942,0.14478364589469053,52.37569060773485,-0.02647059922126971,0.1544688770923866,0.006635186887092694,0.3646395125055355,-0.02748962655601661,-0.024199843871975046,-0.015392642838507609,-0.0017362618282836806,8.68206285813411e-05,0.0076655052264809065,-0.016582602690630055,-0.010503614080577539,-0.0074666666666667325,0
2025-08-05,111.57,111.98,111.25,111.66,2689693,-0.0074666666666667325,114.25999999999999,113.6452,0.13585937199816914,28.670360110803372,-0.23201993561809786,0.07717111455028972,0.0067791722815190684,0.08969276069722376,-0.03056086126063562,-0.030897413643464655,-0.006359300476947549,-0.015392642838507609,-0.0017362618282836806,-0.004322268326417689,-0.02275511990197787,-0.017468401657087185,-0.005373455131649552,0
2025-08-06,110.91,112.19,109.78,111.06,1549844,-0.005373455131649552,114.05,113.5834,0.1325843466442202,24.142480211081775,-0.43828200902734693,-0.025919510165237622,0.00651854151916642,-0.4237840526781309,-0.03585380675405847,-0.02732527588018918,-0.0074666666666667325,-0.006359300476947549,-0.015392642838507609,8.68206285813411e-05,-0.026216571679088085,-0.022216274561247418,-0.021159733477399634,0
2025-08-07,108.89,109.57,108.04,108.71,1145142,-0.021159733477399634,113.74449999999999,113.4484,0.14928633041335523,18.447580645161267,-0.7823530692878506,-0.17720622198976024,0.00845776474409482,-0.26112434541799046,-0.05461344464736062,-0.049903862961020895,-0.005373455131649552,-0.0074666666666667325,-0.006359300476947549,-0.0017362618282836806,-0.04426148077489456,-0.04176700596923366,0.005887222886578947,1
2025-08-08,109.69,110.2,108.83,109.35,2336329,0.005887222886578947,113.55250000000001,113.39039999999999,0.1457323125134593,20.99609374999993,-0.991954577249345,-0.3401558930416772,0.008773791234395647,1.0402089871823756,-0.03418124006359302,-0.04747386759581884,-0.021159733477399634,-0.005373455131649552,-0.0074666666666667325,-0.015392642838507609,-0.037009312872900324,-0.03563264614993855,-0.024325560128029222,0
2025-08-11,106.55,109.58,103.66,106.69,1430215,-0.024325560128029222,113.24499999999998,113.2984,0.16646836248027327,16.757599376461386,-1.357061689444265,-0.5435370523221948,0.009517456933199164,-0.3878366445821628,-0.05164444444444449,-0.07771438450899038,0.005887222886578947,-0.021159733477399634,-0.005373455131649552,-0.006359300476947549,-0.05788335025828939,-0.05832739032501788,0.0076858187271535705,1
2025-08-12,107.95,108.33,107.13,107.51,1715507,0.0076858187271535705,113.01700000000001,113.21019999999999,0.16969045412258424,23.552735923869932,-1.5622360743326453,-0.747276856724285,0.01071720502701013,0.19947490412280677,-0.03716639799390997,-0.06659142212189617,-0.024325560128029222,0.005887222886578947,-0.021159733477399634,-0.0074666666666667325,-0.04872718263624065,-0.05035058678458282,0.012836015254394928,1
2025-08-13,109.13,109.6,108.42,108.89,1529562,0.012836015254394928,112.72449999999999,113.131,0.15094022595709,29.890909090909076,-1.5950965060904139,-0.9168407865975108,0.012274675879722719,-0.10839069732737905,-0.01953898793444986,-0.054692247590936716,0.0076858187271535705,-0.024325560128029222,0.005887222886578947,-0.005373455131649552,-0.0340165625041583,-0.037487514474370376,-0.0008265221783451127,0
2025-08-14,108.68,109.79,107.69,108.8,2772103,-0.0008265221783451127,112.4155,113.0532,0.1500979920494857,27.71173848439824,-1.609843607825539,-1.0554413508431164,0.01230932586111227,0.8123508559966841,0.0008278907184251505,-0.05383076789286023,0.012836015254394928,0.0076858187271535705,-0.024325560128029222,-0.021159733477399634,-0.032161934964484384,-0.03762122611301588,0.005698529411764852,1
2025-08-15,109.41,109.8,109.03,109.42,4183617,0.005698529411764852,112.138,113.0084,0.15282207994611238,26.287878787878782,-1.5535931193522003,-1.1550717045449332,0.012222945188273285,0.5091852647610857,0.0006401463191587631,-0.03356297473944525,-0.0008265221783451127,0.012836015254394928,0.0076858187271535705,0.005887222886578947,-0.0242379924735594,-0.03175339178326564,0.01407420946810456,1
2025-08-18,110.7,111.31,110.36,110.96,1662350,0.01407420946810456,111.92150000000001,112.9974,0.16285346261388667,35.18258426966287,-1.3689684560827544,-1.1978510548524974,0.01332084460357929,-0.6026524416551515,0.040022495079201414,-0.013688888888888973,0.005698529411764852,-0.0008265221783451127,0.012836015254394928,-0.024325560128029222,-0.00859084268884902,-0.01803050335671441,-0.016762797404470064,0
2025-08-19,109.32,109.8,108.62,109.1,4258960,-0.016762797404470064,111.6155,112.92019999999998,0.171091136978926,31.07520198881292,-1.357094791628512,-1.2296998022077004,0.014100780682807025,1.5620116100700816,0.014789321923541987,-0.022926741895038516,0.01407420946810456,0.005698529411764852,-0.0008265221783451127,0.0076858187271535705,-0.022537192415031937,-0.03383097089803233,-0.005682859761686476,0
2025-08-20,108.52,109.05,107.96,108.48,2105958,-0.005682859761686476,111.3305,112.83300000000001,0.16985076549974631,30.28467595396731,-1.3817852848153365,-1.2601168987292277,0.014108789959583382,-0.5055229445686271,-0.0037652677013499947,-0.023230686115613186,-0.016762797404470064,0.01407420946810456,0.005698529411764852,0.012836015254394928,-0.025603945010576612,-0.03857913908165167,-0.011430678466076816,0
2025-08-21,107.87,108.44,106.67,107.24,1799857,-0.011430678466076816,110.97149999999999,112.7274,0.17176689940519826,31.28911138923654,-1.4843002263740601,-1.3049535642581942,0.01294823122375654,-0.14535000223176342,-0.014338235294117707,-0.013522215067611087,-0.005682859761686476,-0.016762797404470064,0.01407420946810456,-0.0008265221783451127,-0.033625750755824635,-0.04867849342750752,0.0011189854531892252,1
2025-08-22,106.54,107.82,106.07,107.36,2886819,0.0011189854531892252,110.5995,112.65299999999999,0.17083694672886018,33.28998699609883,-1.538130448662244,-1.351588941139004,0.012740914862304692,0.603915755529467,-0.018826539937854214,-0.018198445358939108,-0.011430678466076816,-0.005682859761686476,-0.016762797404470064,0.005698529411764852,-0.029290367497140646,-0.0469849893034362,-0.007078986587183311,0
2025-08-25,106.21,107.02,105.79,106.6,3840160,-0.007078986587183311,110.1455,112.5526,0.16625251530339127,33.46405228758171,-1.6234033527494347,-1.4059518234610904,0.010276035464500486,0.3302392702833119,-0.03929343907714489,-0.0008435654700534867,0.0011189854531892252,-0.011430678466076816,-0.005682859761686476,0.01407420946810456,-0.0321892405953943,-0.05288727226203571,0.01538461538461533,1
2025-08-26,108.08,108.26,108.06,108.24,1877839,0.01538461538461533,109.79850000000002,112.48039999999999,0.17994065975303092,41.370869033047725,-1.5408860741539456,-1.4329386735996614,0.011168540388921937,-0.5109998020915796,-0.007882676443629721,0.006790066040368137,-0.007078986587183311,0.0011189854531892252,-0.011430678466076816,-0.016762797404470064,-0.014194182980642012,-0.037699012450169045,-0.00877679231337758,0
2025-08-27,107.46,107.99,106.76,107.29,1795849,-0.00877679231337758,109.40350000000001,112.3524,0.18064632462297817,45.247657295850104,-1.5344593051785012,-1.4532427999154296,0.010645138083019546,-0.043661890076838294,-0.010969764011799388,-0.014693727615024299,0.01538461538461533,-0.007078986587183311,0.0011189854531892252,-0.005682859761686476,-0.019318394749710976,-0.0450582275055984,-0.017336191630161202,0
2025-08-28,105.31,106.41,104.33,105.43,3835314,-0.017336191630161202,108.92549999999999,112.1796,0.1870188008063164,37.8712871287129,-1.6603134399677941,-1.4946569279259025,0.011763006822565836,1.1356550578584281,-0.01687803058560222,-0.03097426470588227,-0.00877679231337758,0.01538461538461533,-0.007078986587183311,-0.011430678466076816,-0.0320907409192519,-0.060167802345524435,0.006165228113440113,1
2025-08-29,105.85,107.37,104.56,106.08,2691141,0.006165228113440113,108.5685,111.9888,0.1856557253383028,47.84452296819788,-1.6881443040908266,-1.5333544031588873,0.011802561394263208,-0.2983257694154898,-0.011922503725782407,-0.030524584171083946,-0.017336191630161202,-0.00877679231337758,0.01538461538461533,0.0011189854531892252,-0.022921013001008572,-0.05276241909905277,0.008012820512820484,1
2025-09-01,107.07,107.43,106.57,106.93,770225,0.008012820512820484,108.29,111.8246,0.18937016713155333,47.95486600846262,-1.62290473263063,-1.551264469053236,0.010951353682975624,-0.713792402553415,0.00309568480300193,-0.03631939437635168,0.006165228113440113,-0.017336191630161202,-0.00877679231337758,-0.007078986587183311,-0.012558869701726816,-0.0437703331825019,-0.0002805573739830258,0
2025-09-02,106.77,107.45,106.22,106.9,1862825,-0.0002805573739830258,108.05199999999999,111.66059999999999,0.18857053037711988,42.24473889321904,-1.5556896298326848,-1.552149501209126,0.0099513090222384,1.418546528611769,-0.012379896526237943,-0.0201649862511456,0.008012820512820484,0.006165228113440113,-0.017336191630161202,0.01538461538461533,-0.01066153333580111,-0.042634555071349944,-0.011225444340505208,0
2025-09-03,105.77,105.77,105.69,105.7,1531657,-0.011225444340505208,107.78400000000002,111.5042,0.19104230148462625,38.88091822094693,-1.5810260634829376,-1.5579248136638884,0.010327074770927067,-0.17777730060526353,-0.014819647683847581,-0.02562684365781709,-0.0002805573739830258,0.008012820512820484,0.006165228113440113,-0.00877679231337758,-0.01933496622875397,-0.0520536446160772,-0.003027436140018991,0
2025-09-04,105.66,106.48,104.55,105.38,1619911,-0.003027436140018991,107.61749999999999,111.325,0.17781232585083326,35.190615835777095,-1.6083862201777634,-1.5680170949666634,0.009854763285602107,0.0576199501585537,-0.00047424831641862397,-0.017344274524431214,-0.011225444340505208,-0.0002805573739830258,0.008012820512820484,-0.017336191630161202,-0.020791228192440836,-0.053402200763530305,-0.019832985386221247,0
2025-09-05,103.59,104.3,102.57,103.29,2131532,-0.019832985386221247,107.3145,111.13439999999999,0.1868587844526233,22.973925299506732,-1.7782166994095547,-1.6100570158552419,0.011307931530249475,0.31583278340600196,-0.026300904977375472,-0.03790983606557374,-0.003027436140018991,-0.011225444340505208,-0.0002805573739830258,0.006165228113440113,-0.03750192192108237,-0.07058480542478274,0.03649917707425687,1
2025-09-08,106.57,107.85,105.78,107.06,1791327,0.03649917707425687,107.333,110.99600000000001,0.21626330104107816,43.66459627329195,-1.5902694486719753,-1.6060995024185885,0.01691203682657164,-0.15960586094883866,0.0012157486205928159,0.0043151969981238825,-0.019832985386221247,-0.003027436140018991,-0.011225444340505208,0.008012820512820484,-0.002543486159894859,-0.035460737323867564,0.029889781430973317,1
2025-09-09,110.02,111.24,109.05,110.26,1813495,0.029889781430973317,107.47049999999999,110.9276,0.2394893062224287,54.764453961456105,-1.1696239451177917,-1.5188043909584292,0.018837405871564388,0.01237518331382259,0.03143124415341436,0.018662232076866347,0.03649917707425687,-0.019832985386221247,-0.003027436140018991,-0.0002805573739830258,0.02595596000763023,-0.0060183398901625385,0.0054416832940322735,1
2025-09-10,111.0,111.83,110.03,110.86,4027220,0.0054416832940322735,107.569,110.9166,0.23621014019566655,60.033259423503345,-0.7788660839842407,-1.3708167295635916,0.018465797388261027,1.2206953975610628,0.048817407757804965,0.03327430329014813,0.029889781430973317,0.03649917707425687,-0.019832985386221247,-0.011225444340505208,0.03059431620634201,-0.0005102933194851555,0.015605267905466347,1
2025-09-11,112.53,113.16,111.96,112.59,1164810,0.015605267905466347,107.7585,110.9198,0.2416622104537665,63.307888040712484,-0.32583509780856446,-1.1618204032125863,0.017247606884714668,-0.7107657391451174,0.06841905484911748,0.0679123589111259,0.0054416832940322735,0.029889781430973317,0.03649917707425687,-0.003027436140018991,0.0448363702167347,0.01505772639330405,-0.011013411493027925,0
2025-09-12,111.1,111.42,111.03,111.35,2124380,-0.011013411493027925,107.85499999999999,110.8688,0.24535998134294423,61.79831097863885,-0.06610044940529747,-0.9426764124511285,0.018141843445305627,0.823799589632644,0.07803272340013545,0.049679487179487225,0.015605267905466347,0.0054416832940322735,0.029889781430973317,-0.019832985386221247,0.03240461731027766,0.004340265250458275,0.0022451728783117186,1
2025-09-15,111.8,112.86,110.55,111.6,2416008,0.0022451728783117186,107.88700000000001,110.77459999999999,0.2405371733641501,58.96478121664887,0.15809165916597578,-0.7225227981277077,0.01812733734944412,0.13727675839539066,0.04240612740519323,0.04367343121668377,-0.011013411493027925,0.015605267905466347,0.0054416832940322735,0.03649917707425687,0.03441563858481533,0.007451166603174464,0.01120071684587809,1
2025-09-16,112.88,114.26,111.47,112.85,1227109,0.01120071684587809,108.07450000000001,110.7436,0.23448484097638098,64.60084033613441,0.43165423244356305,-0.4916873920134536,0.018159391996391012,-0.49209232750884935,0.02348993288590595,0.055659494855004654,0.0022451728783117186,-0.011013411493027925,0.015605267905466347,0.029889781430973317,0.04418711166833966,0.019020512246305854,0.007975188303057212,1
2025-09-17,113.9,114.27,113.38,113.75,1354783,0.007975188303057212,108.33800000000001,110.71340000000001,0.23371940140342035,73.0088495575221,0.7128596191146954,-0.2507779897878238,0.017173578914869432,0.10404454697993404,0.026068915749594135,0.07615894039735105,0.01120071684587809,0.0022451728783117186,-0.011013411493027925,0.0054416832940322735,0.04995477117908753,0.027427574259303755,-0.005978021978021997,0
2025-09-18,113.37,113.59,112.85,113.07,1350881,-0.005978021978021997,108.62949999999998,110.6784,0.23019081583496676,69.29872998343453,0.8708084591662697,-0.026460699997005094,0.017398390548467823,-0.0028801660487325353,0.004263256061817211,0.07297399886126388,0.007975188303057212,0.01120071684587809,0.0022451728783117186,0.015605267905466347,0.04087747803313113,0.021608552346257248,-0.001945697355620446,0
2025-09-19,112.72,113.25,112.32,112.85,2635677,-0.001945697355620446,108.90400000000002,110.67160000000001,0.23073513355628436,66.93363844393588,0.9670839497004948,0.1722482299424949,0.015074206827280166,0.951080072930184,0.013471037269869868,0.0925549423951979,-0.005978021978021997,0.007975188303057212,0.01120071684587809,-0.011013411493027925,0.03623374715345595,0.019683459893956368,0.021001329198050644,1
2025-09-22,115.57,116.22,114.57,115.22,1414052,0.021001329198050644,109.335,110.7192,0.2365737070673885,70.98890010090814,1.2205523944244732,0.3819090628388906,0.012510643593116329,-0.46349571666027367,0.03243727598566304,0.07621894264898188,-0.001945697355620446,-0.005978021978021997,0.007975188303057212,0.0022451728783117186,0.053825399003063934,0.040650582735424434,-0.005207429265752461,0
2025-09-23,114.69,114.73,114.58,114.62,2352634,-0.005207429265752461,109.654,110.77019999999999,0.23471560767883148,73.20499479708636,1.3573661058814253,0.5770004714473975,0.010228411845860477,0.6637535253300444,0.015684536996012577,0.03954289860330129,0.021001329198050644,-0.001945697355620446,-0.005978021978021997,0.01120071684587809,0.04528790559395923,0.0347548347840847,0.0007852032804047671,1
2025-09-24,114.81,116.35,113.17,114.71,1308151,0.0007852032804047671,110.025,110.7696,0.23078949280099934,74.565560821485,1.4562672632237081,0.7528538298026597,0.010258021544132905,-0.443963234400251,0.0084395604395604,0.034728486379216994,-0.005207429265752461,0.021001329198050644,-0.001945697355620446,0.007975188303057212,0.042581231538286746,0.03557293697909891,-0.0013948217243483496,0
2025-09-25,114.9,115.08,114.37,114.55,1282509,-0.0013948217243483496,110.481,110.76100000000001,0.21834963988168085,83.00117233294253,1.504394753868226,0.9031620146157731,0.009395251721806322,-0.019601712646322933,0.013089236755991829,0.01740829558575352,0.0007852032804047671,-0.005207429265752461,0.021001329198050644,-0.005978021978021997,0.0368298621482428,0.03420879190328718,0.0,0
2025-09-26,114.01,114.61,113.96,114.55,2284616,0.0,110.90449999999998,110.7526,0.21872719308280006,78.17908201655376,1.524957377548489,1.0275210872023164,0.00831394106090542,0.7813644972471927,0.015064244572441376,0.028738212842388977,-0.0013948217243483496,0.0007852032804047671,-0.005207429265752461,-0.001945697355620446,0.03287062292332599,0.034287231180125666,-0.0019205587079877962,0
2025-09-29,113.78,115.45,112.65,114.33,2609732,-0.0019205587079877962,111.27449999999999,110.7334,0.21911419185230824,69.73811833171675,1.5061394060438857,1.1232447509706303,0.008451843711422885,0.14230662833491503,-0.0077243534108661915,0.024462365591397806,0.0,-0.0013948217243483496,0.0007852032804047671,0.021001329198050644,0.02745912136203721,0.03247981187247917,0.008746610688358247,1
2025-09-30,114.95,115.67,114.61,115.33,1260094,0.008746610688358247,111.696,110.73559999999999,0.21942351576014069,70.86834733893555,1.5540040790126994,1.2093966165790442,0.008201495558183648,-0.5171557845786464,0.006194381434304619,0.021976074435090975,-0.0019205587079877962,0.0,-0.0013948217243483496,-0.005207429265752461,0.03253473714367572,0.041489818992266336,-0.005722708748807759,0
2025-10-01,114.96,115.11,114.53,114.67,1399311,-0.005722708748807759,112.1445,110.7454,0.21522435826438968,60.78838174273858,1.5211458703242897,1.2717464673280934,0.008274481204438881,0.11048144027350348,-0.00034870543108700414,0.008087912087912041,0.008746610688358247,-0.0019205587079877962,0.0,0.0007852032804047671,0.022520052254011658,0.03543804076738177,-0.0009592744396965669,0
2025-10-02,114.61,114.62,114.55,114.56,2135510,-0.0009592744396965669,112.60350000000001,110.74820000000001,0.2144311242250154,68.86016451233849,1.4692923350803966,1.311255640878554,0.00796152389729976,0.5261153524841868,8.729812309038465e-05,0.013177677544883748,-0.005722708748807759,0.008746610688358247,-0.0019205587079877962,-0.0013948217243483496,0.01737512599519553,0.034418618090406694,0.02348114525139655,1
2025-10-03,117.06,118.29,116.01,117.25,1468608,0.02348114525139655,113.3015,110.79720000000002,0.20475692408837082,75.79908675799092,1.6265091683214479,1.374306346367133,0.010463391497189724,-0.312291677397905,0.023570493234395418,0.03898980948161279,-0.0009592744396965669,-0.005722708748807759,0.008746610688358247,0.0,0.03484949449036412,0.05823973891036949,0.026098081023454123,1
2025-10-06,119.94,120.91,119.34,120.31,1382568,0.026098081023454123,113.96400000000001,110.8898,0.1870671450772605,79.23197492163015,1.9752515970052258,1.4944953964947518,0.011466079918502198,-0.05858608968492618,0.05230473191638252,0.04417635827113342,0.02348114525139655,-0.0009592744396965669,-0.005722708748807759,-0.0019205587079877962,0.055684251167035015,0.08495100541258083,-0.0004987116615410292,0
2025-10-07,119.66,120.46,119.45,120.25,1351721,-0.0004987116615410292,114.4635,110.99119999999999,0.1652419810683735,77.26510067114097,2.221186530053714,1.6398336232065445,0.011119575660969673,-0.022311379982756674,0.042660192491112525,0.04911882742976781,0.026098081023454123,0.02348114525139655,-0.0009592744396965669,0.008746610688358247,0.050553233126717334,0.08341922602873031,0.02411642411642423,1
2025-10-08,123.25,123.66,122.74,123.15,2265089,0.02411642411642423,115.07800000000002,111.1504,0.17948989944524726,85.64356435643572,2.6198969587378116,1.8358462903127981,0.012527774257548571,0.6757074869740132,0.07395133862387726,0.07357684595937597,-0.0004987116615410292,0.026098081023454123,0.02348114525139655,-0.005722708748807759,0.07014372860147011,0.10795822597129656,0.010393828664230664,1
2025-10-09,124.43,125.68,123.19,124.43,814646,0.010393828664230664,115.67,111.3392,0.17646096723925234,88.09210526315798,3.0045288107411636,2.069582794398471,0.012179515513361928,-0.6403470238917764,0.0861557262569832,0.08625054561326939,0.02411642411642423,-0.0004987116615410292,0.026098081023454123,-0.0009592744396965669,0.07573268781879494,0.11757584031500135,0.012456803021779317,1
2025-10-10,126.13,126.86,125.25,125.98,3641164,0.012456803021779317,116.40150000000001,111.59440000000001,0.16752885252887487,87.41307371349103,3.3952856314190996,2.334723361802597,0.01186079657502683,3.4696272982375165,0.07445628997867804,0.09978175469227413,0.010393828664230664,0.02411642411642423,-0.0004987116615410292,0.02348114525139655,0.08228845848206423,0.12890969439326705,-0.04564216542308308,0
2025-10-13,120.55,120.79,119.99,120.23,3680939,-0.04564216542308308,116.833,111.749,0.2490770617103309,64.36251920122888,3.204051965210425,2.508589082484163,0.02107024730032826,0.010923704617534336,-0.0006649488820547056,0.05160500306131377,0.012456803021779317,0.010393828664230664,0.02411642411642423,0.026098081023454123,0.02907568923163839,0.07589329658430954,0.0047409132496047945,1
2025-10-14,120.91,121.26,120.45,120.8,3022420,0.0047409132496047945,117.23049999999998,111.93180000000001,0.24759941006035893,65.21739130434784,3.0631816915117724,2.6195076042896845,0.02103436924373409,-0.17889973183473018,0.00457380457380463,0.04742911644845216,-0.04564216542308308,0.012456803021779317,0.010393828664230664,-0.0004987116615410292,0.03044856074144553,0.07922860170210777,-0.009850993377483408,0
2025-10-15,120.08,120.2,119.49,119.61,1849725,-0.009850993377483408,117.52349999999998,112.10279999999999,0.251407425249431,62.024714828897345,2.8229764150639767,2.660201366444543,0.021303639545407912,-0.3879986897916239,-0.028745432399512882,0.04308014301909835,0.0047409132496047945,-0.04564216542308308,0.012456803021779317,0.02411642411642423,0.017753896029304883,0.06696710519273386,0.01638658975002083,1
2025-10-16,121.43,123.12,119.88,121.57,1597182,0.01638658975002083,117.94850000000001,112.36,0.2537680610578214,65.26086956521739,2.7589640028605515,2.6799538937277445,0.021520812445386783,-0.13653002473340636,-0.02298481073696068,0.061190642458100575,-0.009850993377483408,0.0047409132496047945,-0.04564216542308308,0.010393828664230664,0.03070407847492751,0.08196867212531145,0.012009541827753711,1
2025-10-17,123.58,125.34,121.26,123.03,2392845,0.012009541827753711,118.45749999999998,112.6336,0.25444533391353963,67.94554455445545,2.79383787930675,2.702730690843546,0.020788702999050244,0.49816677122582154,-0.023416415304016502,0.04929637526652453,0.01638658975002083,-0.009850993377483408,0.0047409132496047945,0.012456803021779317,0.03860034189477246,0.09230282970623338,-0.06738193936438275,0
2025-10-20,114.89,115.28,114.35,114.74,1520029,-0.06738193936438275,118.43350000000001,112.79459999999999,0.35265654039570543,49.064383127180456,2.1280115673565376,2.5877868661461445,0.02946490988812489,-0.3647607763979698,-0.0456624802461949,-0.046297065913058044,0.012009541827753711,0.01638658975002083,-0.009850993377483408,-0.04564216542308308,-0.0311862775312729,0.01724727956834826,0.025448840857591026,1
2025-10-21,117.48,118.39,116.75,117.66,4270618,0.025448840857591026,118.5855,112.9976,0.36324599139894076,54.424385912992,1.8150364048046015,2.433236773877836,0.03094483278048906,1.80956350174898,-0.02599337748344377,-0.021538461538461617,-0.06738193936438275,0.012009541827753711,0.01638658975002083,0.0047409132496047945,-0.0078044954905953645,0.04126105333210606,-0.02192758796532379,0
2025-10-22,115.14,115.51,114.72,115.08,1649932,-0.02192758796532379,118.604,113.1214,0.37271600974300173,50.71704357418643,1.3433318027504697,2.2152557796523626,0.03008495353162194,-0.6136549792090981,-0.03787308753448704,-0.06552984165651654,0.025448840857591026,-0.06738193936438275,0.012009541827753711,-0.009850993377483408,-0.02971231998920776,0.017314142151706013,0.018248175182481896,1
2025-10-23,117.93,118.09,117.01,117.18,3031878,0.018248175182481896,118.7355,113.289,0.37792669385801103,49.90187832912813,1.1259754130755653,1.9973997063370033,0.03066716481055348,0.83757754865049,-0.03611088261906714,-0.058265691553483934,-0.02192758796532379,0.025448840857591026,-0.06738193936438275,0.01638658975002083,-0.013100547014161634,0.03434578820538636,-0.0673323092677931,0
2025-10-24,108.89,109.37,108.81,109.29,2926571,-0.0673323092677931,118.47250000000001,113.2864,0.44996985861636857,36.39506172839508,0.3134486073408169,1.660609486537766,0.035465577771247314,-0.034733257736623946,-0.11168007802974877,-0.13248134624543573,0.018248175182481896,-0.02192758796532379,0.025448840857591026,0.012009541827753711,-0.0775074384350799,-0.0352769617535732,-0.045383841156556026,0
2025-10-27,104.15,105.85,102.63,104.33,1828332,-0.045383841156556026,117.97250000000001,113.15379999999999,0.47564140584210923,32.466960352422916,-0.7223880479481295,1.1840099796405872,0.035439673724424366,-0.3752647723222844,-0.09072686072860381,-0.13224652748897947,-0.0673323092677931,0.018248175182481896,-0.02192758796532379,-0.06738193936438275,-0.11564135709593348,-0.07798058925109008,0.021278635100163035,1
2025-10-28,106.42,106.77,106.19,106.55,1873545,0.021278635100163035,117.5335,113.1028,0.48217599829543967,31.440071556350617,-1.3486146234828027,0.6774850590159093,0.036747408249399066,0.024729097341183115,-0.09442461329253782,-0.11796357615894038,-0.045383841156556026,-0.0673323092677931,0.018248175182481896,0.025448840857591026,-0.09344995256671507,-0.057936673539470296,-0.024495541999061454,0
2025-10-29,103.99,104.66,103.26,103.94,1538103,-0.024495541999061454,116.997,113.01199999999999,0.48789344920940764,27.75244299674266,-2.032084280970281,0.1355711910186712,0.0369501183643425,-0.17904133607679562,-0.09680222453945087,-0.13100911295042217,0.021278635100163035,-0.045383841156556026,-0.0673323092677931,-0.02192758796532379,-0.11160115216629485,-0.08027466109793646,0.009428516451799096,1
2025-10-30,104.94,105.26,104.61,104.92,2053549,0.009428516451799096,116.51499999999999,112.9656,0.4902641467998274,26.84696569920844,-2.4662319125519616,-0.3847894296954554,0.036389930896995326,0.3351179992497251,-0.10462536268987888,-0.13695813111787436,-0.024495541999061454,0.021278635100163035,-0.045383841156556026,0.018248175182481896,-0.09951508389477737,-0.07122168164467757,-0.0038124285169653938,0
2025-10-31,105.1,105.63,103.99,104.52,2407370,-0.0038124285169653938,115.87849999999999,112.90880000000001,0.47948500229821045,30.426115125841022,-2.8101796932777745,-0.8698674824119192,0.03546510069100025,0.1722973252647002,-0.04364534724128477,-0.15045110948549134,0.009428516451799096,-0.024495541999061454,0.021278635100163035,-0.0673323092677931,-0.09802077175662438,-0.07429713184446218,0.012916188289322728,1
2025-11-03,105.8,106.67,105.0,105.87,2006471,0.012916188289322728,115.15650000000001,112.8942,0.4702353749674053,31.752627719384037,-2.9399373027549416,-1.2838814464805237,0.031279834840868784,-0.16652986454097207,0.01476085497939228,-0.07730521178316185,-0.0038124285169653938,0.009428516451799096,-0.024495541999061454,-0.045383841156556026,-0.08064243008427663,-0.062219316847101025,0.028808916595824963,1
2025-11-04,109.14,110.31,107.75,108.92,1829106,0.028808916595824963,114.58999999999999,112.90780000000001,0.48598151024832076,37.5029226093056,-2.7647908451914134,-1.5800633262227017,0.03168921861427738,-0.08839649314642473,0.02224307836696382,-0.07428182899881008,0.012916188289322728,-0.0038124285169653938,0.009428516451799096,0.021278635100163035,-0.04948075748320091,-0.035319083358280046,-0.020106500183621034,0
2025-11-05,106.57,107.61,105.69,106.73,2046474,-0.020106500183621034,113.76899999999998,112.89659999999999,0.4767328129240854,32.74418604651166,-2.7707611038502904,-1.8182028817482196,0.03160046106387269,0.11883838334136998,0.026842409082162844,-0.07255822036843929,0.028808916595824963,0.012916188289322728,-0.0038124285169653938,-0.024495541999061454,-0.06187098418725645,-0.054621662654145364,-0.006090133982947665,0
2025-11-06,105.74,106.46,105.37,106.08,3019180,-0.006090133982947665,112.85149999999999,112.9096,0.47246952048808427,29.912301493244854,-2.795714883667358,-2.0137052821320474,0.030348408454693568,0.4753082619178157,0.011056042699199464,-0.09472606246799797,-0.020106500183621034,0.028808916595824963,0.012916188289322728,0.009428516451799096,-0.060003633093047015,-0.060487327915429656,-0.01602564102564108,0
2025-11-07,104.33,106.2,102.52,104.38,2738248,-0.01602564102564108,111.77149999999999,112.87559999999999,0.4672898442559992,35.44943820224721,-2.919018102798475,-2.194767846265333,0.022905199193436827,-0.09304910604866223,-0.0013394565633371158,-0.0449263427578005,-0.006090133982947665,-0.020106500183621034,0.028808916595824963,-0.0038124285169653938,-0.06613045364873871,-0.07526515916637433,-0.04541099827553163,0
2025-11-10,99.57,99.94,99.28,99.64,2528156,-0.04541099827553163,110.742,112.7298,0.4670496851898325,25.921966862640332,-3.3604776835673107,-2.4279098137257287,0.022910606071513514,-0.07672497158767211,-0.0588457542268821,-0.04495351289178562,-0.01602564102564108,-0.006090133982947665,-0.020106500183621034,0.012916188289322728,-0.10025103393473123,-0.11611659028934673,-0.010437575270975552,0
2025-11-11,98.8,98.83,98.57,98.6,1605285,-0.010437575270975552,109.63200000000002,112.56380000000001,0.464257408766855,27.034559643255307,-3.751017495468062,-2.6925313500741956,0.021091456038575304,-0.36503720498260395,-0.09474843922144704,-0.07461285781323324,-0.04541099827553163,-0.01602564102564108,-0.006090133982947665,0.028808916595824963,-0.10062755399883272,-0.12405231522034632,0.002941176470588225,1
2025-11-12,99.28,99.44,98.73,98.89,1668290,0.002941176470588225,108.596,112.4276,0.46641289084087306,23.15820369826828,-3.9911154393165873,-2.9522481679226744,0.020411798780303306,0.03924848235671541,-0.0734563852712452,-0.04858572253223015,-0.010437575270975552,-0.04541099827553163,-0.01602564102564108,-0.020106500183621034,-0.08937714096283478,-0.12041171384962412,-0.009808878551926359,0
2025-11-13,97.79,98.76,96.94,97.92,2352950,-0.009808878551926359,107.4135,112.2784,0.4566335397012968,29.060773480663002,-4.211122484333913,-3.2040230312049225,0.01982203609113884,0.4103962740290956,-0.07692307692307687,-0.06671749904689284,0.002941176470588225,-0.010437575270975552,-0.04541099827553163,-0.006090133982947665,-0.08838274518566103,-0.12788212158349244,0.0008169934640522847,1
2025-11-14,98.31,98.59,97.71,98.0,1707315,0.0008169934640522847,106.16199999999999,112.1726,0.4510567243083905,35.7880556802874,-4.32912091009581,-3.4290426069831,0.019950677952329462,-0.27439384602307737,-0.06112282046369033,-0.062380405663987726,-0.009808878551926359,0.002941176470588225,-0.010437575270975552,-0.01602564102564108,-0.0768825003296848,-0.1263463626589738,0.01693877551020395,1
2025-11-17,99.36,100.44,98.59,99.66,1590878,0.01693877551020395,105.40799999999999,112.02459999999999,0.40833838839751035,34.13173652694613,-4.239813455520704,-3.591196776690621,0.020414975620717715,-0.06819889709866078,0.00020072260136494435,-0.05865684329838483,0.0008169934640522847,-0.009808878551926359,0.002941176470588225,-0.04541099827553163,-0.054530965391621056,-0.11037397143127492,0.011438892233594178,1
2025-11-18,101.32,101.99,100.13,100.8,3186058,0.011438892233594178,104.56500000000001,111.83539999999999,0.39656740314691985,42.24308300395258,-4.03058609418099,-3.6790746401886953,0.01769768591125435,1.0027041671328663,0.022312373225152227,-0.07455012853470444,0.01693877551020395,0.0008169934640522847,-0.009808878551926359,-0.010437575270975552,-0.03600631186343439,-0.09867537470246446,0.022023809523809446,1
2025-11-19,102.57,103.39,102.2,103.02,2110299,0.022023809523809446,103.96199999999999,111.6786,0.40579436826047954,45.57728119180632,-3.6436349011748916,-3.671986692385935,0.01932291679668616,-0.3376457679050413,0.04176357569016065,-0.03476061088728577,0.011438892233594178,0.01693877551020395,0.0008169934640522847,0.002941176470588225,-0.009061003058809858,-0.07753141604568836,0.013977868375072866,1
2025-11-20,104.31,105.78,103.0,104.46,2168574,0.013977868375072866,103.326,111.516,0.4027932121594575,49.866785079928945,-3.1840733123390663,-3.5744040163765614,0.020036927305074236,0.02761457025757963,0.06678921568627438,-0.01527149321266974,0.022023809523809446,0.011438892233594178,0.01693877551020395,-0.009808878551926359,0.01097497241739731,-0.06327343161519439,0.005552364541451471,1
2025-11-21,105.11,105.4,104.75,105.04,1610185,0.005552364541451471,103.1135,111.38980000000001,0.3308632864292328,48.09195402298851,-2.7414643944495793,-3.4078160919911653,0.01943424800962135,-0.25749132840290445,0.07183673469387752,0.006323050392795571,0.013977868375072866,0.022023809523809446,0.011438892233594178,0.0008169934640522847,0.01868329559175086,-0.05700521950842896,-0.007616146230007725,0
2025-11-24,104.12,104.84,103.53,104.24,2178278,-0.007616146230007725,103.109,111.2426,0.28939871945645484,37.99999999999999,-2.427266930069507,-3.2117062596068338,0.011506012488542466,0.3528122544924963,0.04595625125426439,0.046166198313930096,0.005552364541451471,0.013977868375072866,0.022023809523809446,0.01693877551020395,0.010968974580298552,-0.06294890626432681,0.013238679969301614,1
2025-11-25,105.27,107.44,103.44,105.62,2640474,0.013238679969301614,103.0625,111.098,0.2829358801389522,47.030497592295355,-2.043354193816498,-2.978035846448767,0.01046026554840896,0.21218411974963702,0.04781746031746037,0.07119675456389474,-0.007616146230007725,0.005552364541451471,0.013977868375072866,0.011438892233594178,0.024815039417829032,-0.049307818322562036,0.005870100359780306,1
2025-11-26,106.45,107.13,105.56,106.24,2163246,0.005870100359780306,103.17749999999998,110.94779999999999,0.268645451974659,50.42872454448017,-1.6698230848568443,-2.7163932941303828,0.010376201321553483,-0.18073573153911004,0.03125606678314896,0.07432500758418437,0.013238679969301614,-0.007616146230007725,0.005552364541451471,0.022023809523809446,0.029681858932422367,-0.042432567387546194,0.014307228915662717,1
2025-11-27,107.44,107.82,107.39,107.76,1206062,0.014307228915662717,103.31949999999999,110.8416,0.2711660052662631,59.14502164502165,-1.2368876224541907,-2.4204921597951445,0.008627837553390773,-0.4424757979443854,0.03159103963239529,0.10049019607843146,0.005870100359780306,0.013238679969301614,-0.007616146230007725,0.013977868375072866,0.04297833419635233,-0.027801836133725888,0.0028767631774311297,1
2025-11-28,108.37,109.1,107.34,108.07,1656505,0.0028767631774311297,103.497,110.74599999999998,0.2704743840443852,79.99999999999991,-0.8588682416833961,-2.108167376172795,0.008415374078067675,0.37348245778409406,0.028846153846153744,0.10275510204081617,0.014307228915662717,0.005870100359780306,0.013238679969301614,0.005552364541451471,0.04418485559967911,-0.024163400935473867,0.013509762191172392,1
2025-12-01,109.05,111.37,107.21,109.53,2401905,0.013509762191172392,103.67999999999999,110.63220000000001,0.27080563696503634,87.76779543883893,-0.43644430242783017,-1.773822761423802,0.008160938760457457,0.4499835497025364,0.05074827321565634,0.0990367248645394,0.0028767631774311297,0.014307228915662717,0.005870100359780306,-0.007616146230007725,0.05642361111111116,-0.009962741408016895,-0.015794759426641103,0
2025-12-02,108.12,109.2,106.72,107.8,2171286,-0.015794759426641103,103.624,110.4958,0.25786569822739847,78.00125707102445,-0.2385173494221533,-1.4667616790234725,0.011364092526148338,-0.09601503806353706,0.020640030297292,0.06944444444444442,0.013509762191172392,0.0028767631774311297,0.014307228915662717,0.013238679969301614,0.04029954450706397,-0.024397307408969393,-0.0044526901669759145,0
2025-12-03,107.58,108.08,106.83,107.32,2764604,-0.0044526901669759145,103.65349999999998,110.34800000000001,0.2477804861581337,80.47989623865101,-0.11901882670350972,-1.19721310855948,0.010470879514300193,0.27325649407770336,0.01016566265060237,0.04173946806445339,-0.015794759426641103,0.013509762191172392,0.0028767631774311297,0.005870100359780306,0.03537265987159155,-0.027440461086743917,0.007174804323518469,1
2025-12-04,108.25,108.47,107.87,108.09,1776459,0.007174804323518469,103.75399999999999,110.21880000000002,0.24765117626856056,81.31595282433264,0.037386213337654794,-0.9502932441800531,0.009970212252306519,-0.35742732051317294,0.003062360801781683,0.034750143595634775,-0.0044526901669759145,-0.015794759426641103,0.013509762191172392,0.014307228915662717,0.04179115985889714,-0.01931430935557288,-0.009436580627255164,0
2025-12-05,107.4,107.77,106.7,107.07,1940895,-0.009436580627255164,103.8885,110.0692,0.24267787199678625,73.94957983193268,0.07813219954269357,-0.7446081554355038,0.01072028877503148,0.09256391506924722,-0.00925326177477559,0.019325971058644198,0.007174804323518469,-0.0044526901669759145,-0.015794759426641103,0.0028767631774311297,0.030624178807086455,-0.027248312879533998,-0.0008405715886802279,0
2025-12-08,106.91,107.45,106.44,106.98,2655501,-0.0008405715886802279,104.25550000000001,109.92219999999999,0.16910283149711478,71.42857142857139,0.10198581039229282,-0.5752893622699445,0.010251105860002196,0.36818375028015415,-0.023281292796494046,0.026285495011511895,-0.009436580627255164,0.007174804323518469,-0.0044526901669759145,0.013509762191172392,0.02613291385106775,-0.026766203733185723,-0.0035520658066929833,0
2025-12-09,106.58,107.75,105.43,106.6,1919916,-0.0035520658066929833,104.6555,109.7476,0.16317676194245487,64.22893481717004,0.08919891507056832,-0.442391706801842,0.009682517973748203,-0.27700422632113486,-0.011131725417439675,0.00927854572997533,-0.0008405715886802279,-0.009436580627255164,0.007174804323518469,-0.015794759426641103,0.01858000773967916,-0.028680353830061067,-0.00966228893058163,0
2025-12-10,105.92,106.42,105.07,105.57,2654265,-0.00966228893058163,104.98949999999999,109.56559999999999,0.17020038928467573,54.56039441248971,-0.0040010617777426205,-0.3547135777970221,0.010047395397386367,0.38249017144500064,-0.016306373462541934,-0.006306475903614439,-0.0035520658066929833,-0.0008405715886802279,-0.009436580627255164,-0.0044526901669759145,0.005529124341005609,-0.03646765043042699,-0.007293738751539269,0
2025-12-11,104.48,105.39,103.89,104.8,1077434,-0.007293738751539269,105.3335,109.37039999999999,0.16784342122408044,49.0291262135922,-0.13839989193778024,-0.31145084062517375,0.008724370582469887,-0.5940744424539374,-0.030437598297714974,-0.027468448403860535,-0.00966228893058163,-0.0035520658066929833,-0.0008405715886802279,0.007174804323518469,-0.005064865403693997,-0.041788271781030284,0.006011450381679495,1
2025-12-12,105.34,106.22,104.55,105.43,1410953,0.006011450381679495,105.705,109.134,0.16777383210124638,54.88105004101726,-0.19186450369350894,-0.2875335732388408,0.009000825573972778,0.3095493552273272,-0.015317082282618744,-0.024428611085407503,-0.007293738751539269,-0.00966228893058163,-0.0035520658066929833,-0.009436580627255164,-0.0026015798685018465,-0.03393992706214377,-0.009390116665085935,0
2025-12-15,104.37,105.29,103.52,104.44,2708066,-0.009390116665085935,105.944,108.8166,0.16627063718874982,44.99999999999999,-0.3105406011808185,-0.2921349788272364,0.007233352711514895,0.9193169439378917,-0.023742755655262737,-0.04647128640555098,0.006011450381679495,-0.007293738751539269,-0.00966228893058163,-0.0008405715886802279,-0.014196179113493912,-0.04021996643894399,-0.001627728839525111,0
2025-12-16,104.19,104.93,103.52,104.27,2561869,-0.001627728839525111,106.11749999999999,108.49700000000001,0.16328885332523344,41.321585903083744,-0.4135427789708217,-0.31641653885595344,0.006126785214740758,-0.05398575957897633,-0.021857410881801154,-0.03274582560296846,-0.009390116665085935,0.006011450381679495,-0.007293738751539269,-0.0035520658066929833,-0.017409946521544484,-0.03895960256965647,0.003932099357437435,1
2025-12-17,104.59,105.54,103.72,104.68,2535368,0.003932099357437435,106.2005,108.12759999999999,0.14510290173453547,34.960937500000085,-0.4568231999861041,-0.3444978710819836,0.006514071639039016,-0.010344400904183648,-0.008430425310220535,-0.024599329109206036,-0.001627728839525111,-0.009390116665085935,0.006011450381679495,-0.00966228893058163,-0.014317258393322096,-0.03188455121541567,-0.012609858616736802,0
2025-12-18,102.61,103.5,102.47,103.36,2717649,-0.012609858616736802,106.1455,107.70620000000001,0.14385941561156854,29.066666666666833,-0.5908255446563544,-0.39376340579685776,0.006259301980171437,0.07189528305161219,-0.013740458015267132,-0.043759829771486736,0.003932099357437435,-0.001627728839525111,-0.009390116665085935,-0.007293738751539269,-0.02624228064307954,-0.040352365973361004,-0.018769349845201178,0
2025-12-19,101.41,101.78,101.05,101.42,2759843,-0.018769349845201178,105.9645,107.215,0.15572596834528724,15.43052003410078,-0.8438379167523493,-0.4837783079879561,0.007631328728090874,0.01552591964598804,-0.03803471497676192,-0.0527692164004856,-0.012609858616736802,0.003932099357437435,-0.001627728839525111,0.006011450381679495,-0.042887004610034474,-0.0540502728163037,0.014296982843620576,1
2025-12-22,102.94,104.24,101.57,102.87,1356197,0.014296982843620576,105.896,106.8678,0.16390740923176708,28.471615720524156,-0.9167810810241264,-0.5703788625951902,0.009819503603133127,-0.5085963223270309,-0.015032554576790425,-0.03841839596186203,-0.018769349845201178,-0.012609858616736802,0.003932099357437435,-0.009390116665085935,-0.028575205862355513,-0.03740883596368594,-0.0033051424127540363,0
2025-12-23,102.89,103.1,102.31,102.53,3365169,-0.0033051424127540363,105.7415,106.5024,0.15568084921573636,28.824049513704836,-0.9906051432766674,-0.6544241187314856,0.009820692419867005,1.4813275652431024,-0.01668744605351491,-0.03818011257035636,0.014296982843620576,-0.018769349845201178,-0.012609858616736802,-0.001627728839525111,-0.030371235513020012,-0.03729868998257313,0.017458304886374565,1
2025-12-24,104.55,105.64,103.23,104.32,2692446,0.017458304886374565,105.6455,106.1966,0.16785387911807387,34.71208434712085,-0.8943635379956021,-0.702412002584309,0.011615487930993762,-0.19990764208276013,-0.0034390523500192893,-0.011840484986264999,-0.0033051424127540363,0.014296982843620576,-0.018769349845201178,0.003932099357437435,-0.012546677331263578,-0.01767099888320356,0.015337423312883569,1
2025-12-25,105.72,106.64,105.0,105.92,1327711,0.015337423312883569,105.55350000000001,105.88359999999999,0.16912342104326858,45.54608830364063,-0.6811330661885364,-0.6981562153051546,0.012455388426736186,-0.5068755325083586,0.024767801857585203,0.010687022900763399,0.017458304886374565,-0.0033051424127540363,0.014296982843620576,-0.012609858616736802,0.0034721728791560214,0.00034377372888738655,0.020959214501510504,1
2025-12-26,108.05,108.92,107.27,108.14,1279615,0.020959214501510504,105.55699999999999,105.5858,0.18571351389370544,53.85638297872338,-0.32921593795008164,-0.62436815983414,0.013917032311030898,-0.03622475071758835,0.06625912048905547,0.02570425874988147,0.015337423312883569,0.017458304886374565,-0.0033051424127540363,-0.018769349845201178,0.024470191460538082,0.024190752923215042,-0.01229887183280931,0
2025-12-29,106.51,107.35,105.97,106.81,2272108,-0.01229887183280931,105.421,105.4272,0.1835752706401122,50.656660412758,-0.15584250770115204,-0.5306630294075424,0.014223163610175145,0.7756184477362331,0.03830076795956061,0.022692454998085143,0.020959214501510504,0.015337423312883569,0.017458304886374565,0.014296982843620576,0.013175742973411397,0.013116159776604075,0.01732047561089778,1
2025-12-30,108.53,109.05,108.14,108.66,1580063,0.01732047561089778,105.46399999999998,105.2472,0.18625487000208818,59.19095776323616,0.12934570696911862,-0.3986612821322102,0.0148830844407975,-0.3045827927193602,0.05978737930361833,0.04210223458329332,-0.01229887183280931,0.020959214501510504,0.015337423312883569,-0.0033051424127540363,0.030304179625274985,0.03242651585980427,-0.014080618442849246,0
2025-12-31,106.92,108.64,105.41,107.13,2363948,-0.014080618442849246,105.45450000000001,105.08820000000001,0.19265043122009326,56.63062037564028,0.22925845969403724,-0.27307733376696075,0.015973508204311464,0.4961099652355634,0.026936349693251538,0.023404661826518902,0.01732047561089778,-0.01229887183280931,0.020959214501510504,0.017458304886374565,0.01588836891740031,0.019429393595094213,-0.0014001680201622957,0
2026-01-01,107.31,108.5,105.79,106.98,1747031,-0.0014001680201622957,105.399,104.8842,0.19079934972292115,54.53481568168519,0.29295923792928136,-0.15987001942771234,0.015174044402281268,-0.26096893840304436,0.010007552870090697,0.0350232198142415,-0.014080618442849246,0.01732047561089778,-0.01229887183280931,0.015337423312883569,0.015000142316340837,0.019982037332601177,0.0014021312394838503,1
2026-01-02,107.24,108.46,105.9,107.13,1154210,0.0014021312394838503,105.402,104.84100000000001,0.18788338585555608,58.27692307692306,0.3514945002169725,-0.05759711549877537,0.01307228655147105,-0.3393305556684455,-0.009339744775291314,0.05630053243936106,-0.0014001680201622957,-0.014080618442849246,0.01732047561089778,0.020959214501510504,0.016394375818295615,0.021833061493117922,-0.01782880612340143,0
2026-01-05,105.4,105.56,105.06,105.22,1492799,-0.01782880612340143,105.31400000000001,104.85880000000002,0.1983881282161127,52.64035575319623,0.24098515300401857,0.0021193382017834148,0.014552714036257564,0.29335129655781866,-0.014886246606123033,0.022844366676387562,0.0014021312394838503,-0.0014001680201622957,-0.014080618442849246,-0.01229887183280931,-0.0008925688892266193,0.003444632210171994,-0.0012355065576885593,0
2026-01-06,104.97,105.12,104.94,105.09,1692801,-0.0012355065576885593,105.2385,104.82959999999999,0.1981251867552515,51.15753811405985,0.14128711569466645,0.029952893700360025,0.01447777525523701,0.1339778496636186,-0.03285477636664824,0.024968301960401895,-0.01782880612340143,0.0014021312394838503,-0.0014001680201622957,0.01732047561089778,-0.0014110805456177822,0.0024840312278213705,0.00028546959748787515,1
2026-01-07,105.06,105.82,104.36,105.12,1917173,0.00028546959748787515,105.21600000000001,104.85320000000002,0.1952420844732558,55.35931790499393,0.06395917061533396,0.036754149083354816,0.013500174845838783,0.13254481773108595,-0.018762251470176294,0.0076687116564417845,-0.0012355065576885593,-0.01782880612340143,0.0014021312394838503,-0.014080618442849246,-0.0009124087591241281,0.0025445098480540995,0.003424657534246478,1
2026-01-08,105.63,106.92,104.18,105.48,2540324,0.003424657534246478,105.25,104.8644,0.19373584880909145,63.6792452830189,0.03136366754044673,0.0356760527747732,0.012573123827023086,0.32503639473328705,-0.014021312394840169,-0.00415407854984895,0.00028546959748787515,-0.0012355065576885593,-0.01782880612340143,-0.0014001680201622957,0.0021852731591449626,0.005870438394727007,0.00796359499431154,1
2026-01-09,106.06,106.8,105.58,106.32,1558625,0.00796359499431154,105.2945,104.90039999999999,0.1946085310381626,62.12227687983134,0.0724770065269098,0.043036243525200524,0.01065113614613642,-0.3864463745569463,-0.007560907308877041,-0.01683003513963388,0.003424657534246478,0.00028546959748787515,-0.0012355065576885593,0.0014021312394838503,0.00973935010850524,0.013532836862395259,0.0189992475545524,1
2026-01-12,108.49,108.7,108.13,108.34,2343534,0.0189992475545524,105.48949999999999,104.9498,0.20145934154979364,68.2589566310497,0.2650019643478885,0.08742938768973813,0.011717642420189817,0.5035906648488251,0.029652157384527644,0.014324501451175031,0.00796359499431154,0.003424657534246478,0.00028546959748787515,-0.01782880612340143,0.027021646704174396,0.03230306298820973,0.015875946095624816,1
2026-01-13,110.33,111.76,108.64,110.06,1836373,0.015875946095624816,105.779,104.9726,0.20688908753524896,68.11868686868692,0.5500286183176257,0.17994923381531563,0.01150775973978991,-0.21640863755337025,0.04729279665049013,0.012884226026136592,0.0189992475545524,0.00796359499431154,0.003424657534246478,-0.0012355065576885593,0.0404711710263852,0.04846407538729158,0.033072869343994116,1
2026-01-14,113.49,113.92,113.27,113.7,1960573,0.033072869343994116,106.22999999999999,105.11200000000001,0.23321336010384888,71.75615212527968,1.0574423373159476,0.35544785451544203,0.013898981170003499,0.06763331850337595,0.08162100456621002,0.06132735928311406,0.015875946095624816,0.0189992475545524,0.00796359499431154,0.00028546959748787515,0.07031911889296816,0.08170332597610153,0.0018469656992083916,1
2026-01-15,113.9,114.32,113.49,113.91,873467,0.0018469656992083916,106.75750000000001,105.2686,0.2248530073948729,68.17895400126028,1.4596902101799714,0.576296325648348,0.013742483218257108,-0.5544838167209281,0.07992036405005676,0.06477846326416148,0.033072869343994116,0.015875946095624816,0.0189992475545524,0.003424657534246478,0.06699763482659282,0.08208905599580496,-0.013343867965938006,0
2026-01-16,112.1,113.91,110.57,112.39,1660206,-0.013343867965938006,107.306,105.42880000000001,0.2179765740710904,67.37235367372358,1.636953470000151,0.7884277545187086,0.015063677138250024,0.9007083267026688,0.05709179834462019,0.04909922524036214,0.0018469656992083916,0.033072869343994116,0.015875946095624816,0.00796359499431154,0.04737852496598505,0.06602749912737305,0.0036480113889134635,1
2026-01-19,113.33,113.88,112.25,112.8,1178719,0.0036480113889134635,107.80250000000001,105.69200000000001,0.21536836854394067,64.15868673050619,1.7898867536769387,0.9887195543503546,0.012827109434762967,-0.29001641964912783,0.04116669743400392,0.07203953620984604,-0.013343867965938006,0.0018469656992083916,0.033072869343994116,0.0189992475545524,0.04635792305373232,0.06725201528970959,-0.010460992907801336,0
2026-01-20,111.76,112.35,111.03,111.62,2474798,-0.010460992907801336,108.25699999999999,105.9524,0.22033886830369057,65.73230553608978,1.795177653951626,1.150011174270609,0.01378548312874984,1.0995657149838087,0.014174086861711732,0.062137215719859196,0.0036480113889134635,-0.013343867965938006,0.0018469656992083916,0.015875946095624816,0.031064965775885245,0.0534919454396503,0.0028668697366063256,1
2026-01-21,112.29,113.42,110.8,111.94,2804675,0.0028668697366063256,108.638,106.21340000000001,0.21484218889383788,67.17451523545711,1.8043921467143775,1.2808873687593627,0.013687678490924372,0.13329451535034376,-0.015479331574318467,0.06487823439878238,-0.010460992907801336,0.0036480113889134635,-0.013343867965938006,0.033072869343994116,0.030394521254073048,0.05391598423551058,0.0007146685724495061,1
2026-01-22,111.94,112.92,111.04,112.02,2233947,0.0007146685724495061,108.94300000000001,106.4954,0.21048853563969366,67.01461377870568,1.7974303715659516,1.3841959693206807,0.013779416930527621,-0.2034916701578614,-0.016592046352383427,0.062002275312855515,0.0028668697366063256,-0.010460992907801336,0.0036480113889134635,0.0018469656992083916,0.028244127663089813,0.05187641907537777,-0.004552758435993454,0
2026-01-23,111.22,111.58,111.15,111.51,3946855,-0.004552758435993454,109.1115,106.76559999999999,0.2006883366773083,74.24826522744806,1.7308086916454926,1.453518513785643,0.014156475648263344,0.7667630431697798,-0.007829878103034038,0.04881489841986464,0.0007146685724495061,0.0028668697366063256,-0.010460992907801336,-0.013343867965938006,0.021982100878459088,0.04443753418704155,-0.003676800286969928,0
2026-01-26,111.06,112.43,109.74,111.1,2118890,-0.003676800286969928,109.32600000000002,106.9944,0.19501576872121829,72.67924528301887,1.6261813504924874,1.4880510811270118,0.013439139446846543,-0.46314470635480653,-0.01507092198581561,0.02547535536274692,-0.004552758435993454,0.0007146685724495061,0.0028668697366063256,0.0036480113889134635,0.016226698132191464,0.03837210171747296,-0.01134113411341131,0
2026-01-27,110.27,111.41,108.7,109.84,2622257,-0.01134113411341131,109.38499999999999,107.1752,0.19174442626611812,66.2983425414365,1.4251635606946138,1.4754735770405323,0.013205521900024676,0.2375616478439182,-0.01594696290987274,-0.0019989096856259936,-0.003676800286969928,-0.004552758435993454,0.0007146685724495061,-0.010460992907801336,0.004159619691914029,0.02486396106561961,0.009286234522942527,1
2026-01-28,111.38,112.36,109.89,110.86,1740606,0.009286234522942527,109.57149999999999,107.332,0.18585072926946739,67.76750330250994,1.3327973315288233,1.4469383279381904,0.0074496685722612475,-0.3362183798155558,-0.009648025728068554,-0.024978012313104703,-0.01134113411341131,-0.003676800286969928,-0.004552758435993454,0.0028668697366063256,0.011759444746124892,0.03286997354004395,0.0027963196824825065,1
2026-01-29,111.42,112.87,109.72,111.17,2188143,0.0027963196824825065,109.78099999999999,107.46619999999999,0.18549575499677826,66.59822039698842,1.2699713989171357,1.4115449421339796,0.007516982637002993,0.25711562524775844,-0.007587930726655867,-0.02405407778070401,0.009286234522942527,-0.01134113411341131,-0.003676800286969928,0.0007146685724495061,0.012652462630145633,0.034464789859509404,-0.019969416209408952,0
2026-01-30,108.95,110.42,107.48,108.95,1407208,-0.019969416209408952,109.872,107.54439999999998,0.20123442269857122,52.059419311276166,1.0291821765129043,1.3350723890097647,0.008774885403904144,-0.35689395071528685,-0.022957582279616195,-0.03060770531186041,0.0027963196824825065,0.009286234522942527,-0.01134113411341131,-0.004552758435993454,-0.008391582932867347,0.01306995064364136,0.008260670032124828,1
2026-02-02,109.97,110.37,109.45,109.85,1760439,0.008260670032124828,110.10349999999998,107.6566,0.18999301799744447,49.249463902787674,0.900595951819966,1.2481771015718048,0.009274230242969646,0.25101548598359313,-0.011251125112511251,-0.02615248226950362,-0.019969416209408952,0.0027963196824825065,0.009286234522942527,-0.003676800286969928,-0.002302379125095788,0.02037404116422037,-0.012926718252161962,0
2026-02-03,108.77,110.28,106.91,108.43,2814285,-0.012926718252161962,110.27050000000001,107.7128,0.19721094172020953,27.612574341546207,0.6763122036779947,1.1338041219930428,0.00953532842299888,0.5986268197875644,-0.012836853605244003,-0.028579107686794503,0.008260670032124828,-0.019969416209408952,0.0027963196824825065,-0.01134113411341131,-0.016690774051083546,0.0066584472783179915,0.0014756063819976184,1
2026-02-04,108.26,109.21,107.63,108.59,1921160,0.0014756063819976184,110.44399999999999,107.7598,0.19714788271745443,27.303754266211513,0.5056475895647452,1.0081728155073832,0.009452368299327048,-0.31735414146044194,-0.020476276384629233,-0.029926746471323873,-0.012926718252161962,0.008260670032124828,-0.019969416209408952,0.009286234522942527,-0.0167867878743978,0.007704171685545047,0.0314025232526014,1
2026-02-05,112.29,113.0,111.29,112.0,1820744,0.0314025232526014,110.76999999999998,107.84459999999999,0.22363254513872105,48.567229977957375,0.6381964236405224,0.9341775371340111,0.014450207979170522,-0.05226842116221453,0.007466042997211542,-0.0001785395465094819,0.0014756063819976184,-0.012926718252161962,0.008260670032124828,0.0027963196824825065,0.011104089554933916,0.038531368283623024,0.000535714285714306,1
2026-02-06,111.79,112.6,111.25,112.06,1847311,0.000535714285714306,111.05700000000002,107.9244,0.22304213225756708,47.20965309200604,0.7395586563364702,0.8952537609745029,0.014358423169186464,0.014591287957010923,0.028545204222120146,0.00493229306788634,0.0314025232526014,0.0014756063819976184,-0.012926718252161962,-0.019969416209408952,0.009031398290967552,0.03831941618392132,0.02088167053364276,1
2026-02-09,114.49,114.86,114.03,114.4,2375833,0.02088167053364276,111.35999999999999,108.02179999999998,0.22495566308541382,59.63938973647714,0.9972121588038192,0.9156454405403662,0.015595559455701312,0.28610342275880996,0.04142011834319548,0.02970297029702973,0.000535714285714306,0.0314025232526014,0.0014756063819976184,0.008260670032124828,0.02729885057471293,0.05904548896611628,0.01625874125874116,1
2026-02-10,116.51,117.7,115.07,116.26,3175710,0.01625874125874116,111.67,108.191,0.22525423969791517,63.53383458646622,1.3360892657647838,0.9997342055852498,0.015204998986598134,0.33667223243384536,0.07221248731900753,0.058448652585578964,0.02088167053364276,0.000535714285714306,0.0314025232526014,-0.012926718252161962,0.04110325064923437,0.07458106496843553,-0.020213314983657416,0
2026-02-11,114.0,114.17,113.74,113.91,1191903,-0.020213314983657416,111.68050000000001,108.32279999999999,0.20923822712943022,55.18376302797588,1.3989007966798965,1.079567523804179,0.01718608050812181,-0.624681409826464,0.0489916198544984,0.027512177521197945,0.01625874125874116,0.02088167053364276,0.000535714285714306,0.0014756063819976184,0.019963198588831332,0.05157916892842507,0.03520323062066555,1
2026-02-12,117.95,119.75,116.12,117.92,2040364,0.03520323062066555,111.881,108.51939999999999,0.24347438994622825,64.74919466175794,1.7520562605401295,1.214065271151369,0.01999985691893406,0.7118540686616277,0.052857142857142936,0.06071781955563549,-0.020213314983657416,0.01625874125874116,0.02088167053364276,0.0314025232526014,0.053976993412643726,0.08662598576844327,0.012126865671641784,1
2026-02-13,119.8,121.19,117.96,119.35,1877938,0.012126865671641784,112.229,108.765,0.23915205126002229,68.13186813186816,2.1228526352392834,1.3958227439689521,0.017808319035871892,-0.07960638395894071,0.06505443512404052,0.0954566314823313,0.03520323062066555,-0.020213314983657416,0.01625874125874116,0.000535714285714306,0.06345062327918805,0.09731990989748529,0.012484289903644807,1
2026-02-16,120.7,121.38,120.16,120.84,1811839,0.012484289903644807,112.631,109.04220000000001,0.24145860214044546,73.93385552654483,2.5080309614538407,1.61826438746593,0.01783098871414883,-0.035197647632669415,0.056293706293706336,0.10004551661356409,0.012126865671641784,0.03520323062066555,-0.020213314983657416,0.02088167053364276,0.07288401949729661,0.10819480898221046,0.008440913604766509,1
2026-02-17,121.74,122.68,120.92,121.86,1935967,0.008440913604766509,113.143,109.3474,0.2361675469970549,73.93385552654483,2.8625948243119126,1.8671304748351265,0.016001665927491842,0.06850939846200466,0.048167899535523695,0.12385871068892373,0.012484289903644807,0.012126865671641784,0.03520323062066555,0.01625874125874116,0.07704409464129469,0.1144297898258213,-0.0013950434925323885,0
2026-02-18,121.36,121.92,121.13,121.69,2300123,-0.0013950434925323885,113.63049999999998,109.6698,0.23704200414024273,73.02977232924694,3.094203607755574,2.112545101419216,0.016232731466515517,0.18810031369336366,0.0682995347203934,0.12063725941615244,0.008440913604766509,0.012484289903644807,0.012126865671641784,-0.020213314983657416,0.07092725984660819,0.10960355539993683,-0.023091461911414313,0
2026-02-19,118.95,120.62,117.21,118.88,3006950,-0.023091461911414313,113.97349999999999,109.95139999999999,0.25610011899428264,71.19078104993596,3.0162423570888706,2.293284552553147,0.01789761488299225,0.3072996531055079,0.008141112618724522,0.06142857142857139,-0.0013950434925323885,0.008440913604766509,0.012484289903644807,0.03520323062066555,0.04304948080036164,0.08120496874073457,-0.010430686406460277,0
2026-02-20,117.91,118.79,116.76,117.64,1082894,-0.010430686406460277,114.28000000000002,110.1956,0.25925992684159743,66.38620109381574,2.821871093950108,2.3990018608325396,0.01860019613208233,-0.6398696353447846,-0.014327607875994963,0.0497947528109941,-0.023091461911414313,-0.0013950434925323885,0.008440913604766509,0.012126865671641784,0.029401470073503466,0.06755623636515429,-0.0038252295137708447,0
2026-02-23,117.15,117.54,116.79,117.19,1284604,-0.0038252295137708447,114.58449999999998,110.4506,0.2593096788411832,69.21052631578945,2.601530405235124,2.4395075697130566,0.017887395528372693,0.1862693855538955,-0.030205230056272847,0.02438811188811174,-0.010430686406460277,-0.023091461911414313,-0.0013950434925323885,0.012484289903644807,0.022738677569828614,0.06101732358176415,-0.005802542879085215,0
2026-02-24,115.87,117.92,114.46,116.51,2017274,-0.005802542879085215,114.918,110.69539999999999,0.2560287668581265,66.98113207547169,2.34500672712241,2.4206074011949275,0.017362324743540138,0.5703469707396209,-0.043902839323814113,0.002150352657835919,-0.0038252295137708447,-0.010430686406460277,-0.023091461911414313,0.008440913604766509,0.013853356306235742,0.05252792798978101,0.005664749806883584,1
2026-02-25,117.33,117.92,116.58,117.17,1176010,0.005664749806883584,115.2335,110.9452,0.25518482021323846,62.5668449197861,2.1699524866965447,2.370476418295251,0.015816649186198507,-0.41703011093188136,-0.037143561508751755,0.028619085242735487,-0.005802542879085215,-0.0038252295137708447,-0.010430686406460277,-0.0013950434925323885,0.01680500896006798,0.05610697894095473,-0.010668259793462531,0
2026-02-26,116.14,117.46,114.61,115.92,2289754,-0.010668259793462531,115.471,111.1964,0.2596891229484763,58.86948529411765,1.9083578255458207,2.278052699745365,0.011475182257710343,0.9470531713165704,-0.024899057873485786,-0.016960651289009476,0.005664749806883584,-0.005802542879085215,-0.0038252295137708447,-0.023091461911414313,0.0038884222012454117,0.04247979251126832,0.02148033126293991,1
2026-02-27,118.12,119.5,117.03,118.41,1488511,0.02148033126293991,115.944,111.5362,0.25433860728839597,59.1510725696029,1.8802895545525757,2.198500070706807,0.013002448531153652,-0.34992536316128287,0.00654539272356347,-0.00787599497276914,-0.010668259793462531,0.005664749806883584,-0.005802542879085215,-0.010430686406460277,0.021268888428896737,0.06162842198317686,0.01613039439236541,1
2026-03-02,120.25,121.14,119.43,120.32,1884860,0.01613039439236541,116.46750000000002,111.8852,0.2574815064813553,59.244080145719465,1.9892356151185169,2.1566471795891493,0.01345686323035251,0.2662721336960223,0.026708763546377634,-0.004303210857332096,0.02148033126293991,-0.010668259793462531,0.005664749806883584,-0.0038252295137708447,0.033077897267477896,0.07538798697236082,0.006150265957446832,1
2026-03-03,121.07,121.6,120.54,121.06,1296247,0.006150265957446832,117.099,112.2558,0.24893610813100547,67.56756756756758,2.1109542025691184,2.147508584185143,0.013309288948627455,-0.3122847320225375,0.039052441850484954,-0.006564910553093717,0.01613039439236541,0.02148033126293991,-0.010668259793462531,-0.005802542879085215,0.03382607878803401,0.07842980050919435,-0.007847348422269973,0
2026-03-04,119.85,120.37,119.6,120.11,1417492,-0.007847348422269973,117.675,112.5716,0.2531685688742221,56.333140543666865,2.1064778343031207,2.139302434208739,0.013508176690079815,0.09353541416103561,0.025091747034223788,-0.012983811323855732,0.006150265957446832,0.01613039439236541,0.02148033126293991,0.005664749806883584,0.02069258551094122,0.06696538025576615,-0.010490383814836468,0
2026-03-05,118.94,120.75,117.04,118.85,5000156,-0.010490383814836468,118.01750000000001,112.8302,0.23887448114918453,48.53971962616822,1.9784524422508127,2.107132435817154,0.01170962692034128,2.5274668216822387,0.025276052449965336,-0.00025235531628531316,-0.007847348422269973,0.006150265957446832,0.01613039439236541,-0.010668259793462531,0.0070540385959707574,0.05335273712179878,-0.014640302902818592,0
2026-03-06,117.14,117.69,116.56,117.11,1752352,-0.014640302902818592,118.26999999999998,113.00959999999999,0.24695553651171018,39.263097294185364,1.7167977625260704,2.029065501158937,0.012193393500668353,-0.6495405343353287,-0.010978802466007909,-0.004505270316218946,-0.010490383814836468,-0.007847348422269973,0.006150265957446832,0.02148033126293991,-0.00980806628899955,0.03628364315951926,0.008026641618990693,1
2026-03-09,117.66,120.01,115.7,118.05,3190726,0.008026641618990693,118.45250000000001,113.23440000000001,0.23820166108454532,38.98207056101792,1.5672187654479757,1.936696154016745,0.012396144060040963,0.8208248114534067,-0.018866356382978733,0.007338510111784213,-0.014640302902818592,-0.010490383814836468,-0.007847348422269973,0.01613039439236541,-0.0033979865346870364,0.04252771242661235,0.00897924608216849,1
2026-03-10,118.16,120.02,117.24,119.11,1913692,0.00897924608216849,118.595,113.4434,0.23364978433689368,42.90429042904291,1.5167256051680198,1.8527020442470001,0.012402622359680591,-0.4002330504092172,-0.01610771518255416,0.02231568105741988,0.008026641618990693,-0.014640302902818592,-0.010490383814836468,0.006150265957446832,0.004342510223871221,0.049950900625333805,0.0027705482327260444,1
2026-03-11,119.13,120.18,118.39,119.44,2389036,0.0027705482327260444,118.87150000000001,113.68959999999998,0.21937066102811303,51.78343949044587,1.4862056009011866,1.7794027555778376,0.01234847426223764,0.2483910681551682,-0.00557821996503205,0.01937355978492783,0.00897924608216849,0.008026641618990693,-0.014640302902818592,-0.007847348422269973,0.004782475193801483,0.0505798243638822,-0.02394507702612192,0
2026-03-12,117.07,117.77,115.88,116.58,1515323,-0.02394507702612192,118.8045,113.88159999999999,0.20208010711760693,46.93995381062355,1.2172089525336958,1.6669639949690094,0.014403352600005663,-0.3657178041687107,-0.01909970551114848,0.005693581780538359,0.0027705482327260444,0.00897924608216849,0.008026641618990693,-0.010490383814836468,-0.018724038230875095,0.023694784758907517,0.023674729799279426,1
2026-03-13,119.76,120.3,118.79,119.34,2368151,0.023674729799279426,118.804,114.1258,0.21536644137217725,55.47631176770251,1.212756205778149,1.5761224371308376,0.014767881318337157,0.5628027819811354,0.019041926393988495,0.00785406637952879,-0.02394507702612192,0.0027705482327260444,0.00897924608216849,-0.014640302902818592,0.00451163260496279,0.04568817918472434,0.0016758840288251253,1
2026-03-16,119.43,119.8,119.16,119.54,1595811,0.0016758840288251253,118.73899999999999,114.4122,0.2104737525997219,57.911227154047005,1.2114014189380242,1.503178233492275,0.013784063560070689,-0.32613629789654464,0.012621770436255897,-0.006482712765957355,0.023674729799279426,-0.02394507702612192,0.0027705482327260444,0.008026641618990693,0.006745888040155412,0.044818646962474284,-0.0017567341475657194,0
2026-03-17,118.96,119.43,118.86,119.33,714229,-0.0017567341475657194,118.6125,114.697,0.20785217139802128,55.7754010695187,1.1797826951295178,1.4384991258197235,0.013581374868568266,-0.5524350941308213,0.0018470321551506963,-0.01429043449529166,0.0016758840288251253,0.023674729799279426,-0.02394507702612192,0.00897924608216849,0.006049109495204874,0.0403933843082207,-0.012570183524679424,0
2026-03-18,118.33,118.73,117.43,117.83,784728,-0.012570183524679424,118.41950000000001,114.95119999999999,0.2119031465687218,55.0395778364116,1.0219072540245122,1.3551807514606813,0.013910349003810872,0.09870643729112083,-0.013479571332886797,-0.01898259928398971,-0.0017567341475657194,0.0016758840288251253,0.023674729799279426,0.0027705482327260444,-0.004978065267966958,0.02504367070548219,-0.0006789442417041158,0
2026-03-19,117.99,118.32,117.42,117.75,1825467,-0.0006789442417041158,118.36300000000001,115.1966,0.19598704059149574,48.00483675937123,0.8801882360188813,1.2601822483723215,0.013573375547774522,1.3262417041318777,0.01003602676273796,-0.009255363904080771,-0.012570183524679424,-0.0017567341475657194,0.0016758840288251253,-0.02394507702612192,-0.00517898329714539,0.022165584748160994,-0.00407643312101913,0
2026-03-20,117.7,117.73,117.24,117.27,2411833,-0.00407643312101913,118.3445,115.41560000000001,0.19295027859149955,39.90734612839182,0.7208335838946027,1.1523125154767777,0.012767715108670882,0.32121424271159116,-0.017345399698340924,0.0013662368713174278,-0.0006789442417041158,-0.012570183524679424,-0.0017567341475657194,0.023674729799279426,-0.009079424899340438,0.01606715210075582,-0.005628037861345581,0
2026-03-23,117.24,118.24,115.61,116.61,1466661,-0.005628037861345581,118.31550000000001,115.581,0.19351875856764908,35.19627411842981,0.5351188725847607,1.0288737868983744,0.012567452824158994,-0.39188948820254144,-0.024510624058892483,-0.012198221092757255,-0.00407643312101913,-0.0006789442417041158,-0.012570183524679424,0.0016758840288251253,-0.014414848434905148,0.008902847353803756,0.0035159934825486072,1
2026-03-24,117.18,118.16,116.04,117.02,1323118,0.0035159934825486072,118.34100000000001,115.7202,0.19275169549569562,39.33747412008281,0.4162242255746662,0.9063438746336328,0.01219103902578353,-0.09787060540915726,-0.019358082628006423,-0.017546805473931726,-0.005628037861345581,-0.00407643312101913,-0.0006789442417041158,-0.0017567341475657194,-0.011162657067288695,0.011232265412607134,0.0018800205093145728,1
2026-03-25,117.28,117.85,116.67,117.24,1564449,0.0018800205093145728,118.3445,115.791,0.19181745978934986,44.01486988847584,0.3358797103892499,0.7922510417847561,0.012157947025760719,0.18239567445987426,-0.005007213782568187,-0.018419290020093793,0.0035159934825486072,-0.005628037861345581,-0.00407643312101913,-0.012570183524679424,-0.009332922104533847,0.012513925952794214,-0.0016206073012623445,0
2026-03-26,116.79,117.48,116.36,117.05,3366450,-0.0016206073012623445,118.401,115.8538,0.18772638058590163,49.74789915966386,0.2539473442424054,0.684590302276286,0.009367338974035397,1.151843876022804,-0.005944798301486198,0.004031566306399004,0.0018800205093145728,0.0035159934825486072,-0.005628037861345581,-0.0006789442417041158,-0.011410376601548977,0.01032508212937322,0.010166595472020479,1
2026-03-27,118.29,119.87,116.65,118.24,1023056,0.010166595472020479,118.3925,115.9708,0.17485140568893348,50.78189300411521,0.2817901075832907,0.604030263337687,0.006021007284895933,-0.6961024224331269,0.00827151019015937,-0.009217362158538744,-0.0016206073012623445,0.0018800205093145728,0.0035159934825486072,-0.00407643312101913,-0.0012880883501911189,0.01956699445032717,-0.016069012178619668,0
2026-03-30,116.0,117.45,114.89,116.34,2452995,-0.016069012178619668,118.1935,116.0416,0.1727631884428523,39.33795227097768,0.1488260035616804,0.5129894113824857,0.007585954015227138,1.3977133216559015,-0.002315410342166202,-0.02676928224861974,0.010166595472020479,-0.0016206073012623445,0.0018800205093145728,-0.005628037861345581,-0.01568191144183051,0.002571491603011289,-0.0035241533436478623,0
2026-03-31,116.29,117.37,114.85,115.93,2842173,-0.0035241533436478623,117.93699999999998,116.1278,0.1703856920896994,36.5723029839327,0.01024927245002516,0.4124413835959936,0.007582544887555216,0.1586542165801399,-0.009314647068876969,-0.028492415989273323,-0.016069012178619668,0.010166595472020479,-0.0016206073012623445,0.0035159934825486072,-0.01701756022283063,-0.0017032958516391972,0.008453377037867638,1
2026-04-01,116.84,117.94,115.82,116.91,1204938,0.008453377037867638,117.777,116.2272,0.17290904952542702,51.474530831099194,-0.020262403178207933,0.32590062624115335,0.0075054108784281,-0.5760504374645737,-0.002814738996929411,-0.007807858779597776,-0.0035241533436478623,-0.016069012178619668,0.010166595472020479,0.0018800205093145728,-0.007361369367533621,0.005874700586437687,-0.003421435292104924,0
2026-04-02,117.04,118.48,115.07,116.51,1380373,-0.003421435292104924,117.66,116.317,0.16971299780850937,33.975084937712296,-0.07584548347750797,0.24555140429742112,0.007552156315080206,0.1455967029008962,-0.0046134130713370025,-0.01053078556263265,0.008453377037867638,-0.0035241533436478623,-0.016069012178619668,-0.0016206073012623445,-0.00977392486826445,0.0016592587497958888,0.007381340657454327,1
2026-04-03,117.26,118.39,116.24,117.37,1672923,0.007381340657454327,117.673,116.4342,0.1640410888741449,38.56691253951523,-0.04992515626497607,0.1864560921849417,0.007900152718968963,0.21193546961582133,-0.007357916102841644,0.0008527330092948926,-0.003421435292104924,0.008453377037867638,-0.0035241533436478623,0.010166595472020479,-0.0025749322274438713,0.008037157467479572,0.005367640794069928,1
2026-04-06,118.16,118.94,117.22,118.0,1516157,0.005367640794069928,117.67049999999999,116.5722,0.1626155643219221,43.28960645812309,0.021208150311963436,0.15340650381034607,0.007776488646438074,-0.09370783951203976,0.014268523293794022,0.011920075465225999,0.007381340657454327,-0.003421435292104924,0.008453377037867638,-0.016069012178619668,0.0028001920617317655,0.012248203259439316,0.0007627118644069064,1
2026-04-07,117.82,119.64,116.27,118.09,2637698,0.0007627118644069064,117.61949999999999,116.73719999999999,0.15919693264024154,51.52941176470592,0.08387717227040525,0.13950063750235792,0.007734516958444682,0.7397261629237606,0.018631933063055328,0.009143736113484957,0.005367640794069928,0.007381340657454327,-0.003421435292104924,-0.0035241533436478623,0.004000187043815107,0.01158842254225756,0.0062664069777287335,1
2026-04-08,119.14,119.7,118.26,118.83,1970817,0.0062664069777287335,117.58899999999998,116.89659999999999,0.16059265068867987,55.89519650655024,0.1910523071692296,0.14981097143573227,0.007916146245754745,-0.25282689678651615,0.016422889402104124,0.013561924257932567,0.0007627118644069064,0.005367640794069928,0.007381340657454327,0.008453377037867638,0.010553708255023997,0.01653940319906666,-0.002356307329798857,0
2026-04-09,118.26,118.87,117.94,118.55,1582147,-0.002356307329798857,117.6875,117.0442,0.13441955448843104,57.14285714285719,0.2505080133473001,0.16995037981804584,0.007950437452679227,-0.19721262806237205,0.017509226675821665,0.012815036309269612,0.0062664069777287335,0.0007627118644069064,0.005367640794069928,-0.003421435292104924,0.0073287307488050235,0.012865225273870795,0.0027836355967945092,1
2026-04-10,119.33,119.62,118.59,118.88,2158518,0.0027836355967945092,117.6645,117.2428,0.10455317128063782,63.15179606025498,0.32056011347717117,0.2000723265498709,0.007356471542393612,0.36429674360220643,0.012865297776263107,0.005412719891745521,-0.002356307329798857,0.0062664069777287335,0.0007627118644069064,0.007381340657454327,0.010330218545100633,0.013964183728126578,-0.0023553162853297005,0
2026-04-13,118.8,119.07,118.33,118.6,2899062,-0.0023553162853297005,117.61750000000002,117.4178,0.1045871848324982,59.29411764705886,0.3494549484680505,0.22994885093350684,0.004715297767132383,0.34307983533146347,0.005084745762711895,0.019425820869864108,0.0027836355967945092,-0.002356307329798857,0.0062664069777287335,0.005367640794069928,0.008353348778880498,0.010068320135447895,0.0019392917369309703,1
2026-04-14,118.19,119.2,117.82,118.83,1671454,0.0019392917369309703,117.5925,117.6258,0.10476179741482859,59.341950646298535,0.3864585377233851,0.2612507882914825,0.004311617436721238,-0.42345006764256854,0.0062664069777287335,0.02501509531613899,-0.0023553162853297005,0.0027836355967945092,-0.002356307329798857,0.0007627118644069064,0.01052363033356718,0.010237549925271594,0.004880922326012005,1
2026-04-15,118.93,119.56,118.78,119.41,1437166,0.004880922326012005,117.6715,117.8422,0.09529382729688814,63.25842696629219,0.45731367417444346,0.30046336546807473,0.0038891959630166224,-0.14017017518878772,0.004880922326012005,0.02138397057565644,0.0019392917369309703,-0.0023553162853297005,0.0027836355967945092,0.0062664069777287335,0.014774180663967185,0.013304232269933713,0.006448371158194632,1
2026-04-16,120.27,120.6,119.85,120.18,2648165,0.006448371158194632,117.79299999999998,118.0058,0.09728007192186718,61.43867924528312,0.569039907300791,0.354178673834618,0.003564050161232191,0.8426298701750528,0.013749472796288575,0.03149944210797351,0.004880922326012005,0.0019392917369309703,-0.0023553162853297005,-0.002356307329798857,0.02026436205886628,0.018424518116906263,0.0029955067398901303,1
2026-04-17,120.52,120.6,120.46,120.54,3478477,0.0029955067398901303,117.9565,118.17540000000001,0.095570968995249,80.2593659942364,0.6788078687838066,0.4191045128244557,0.003234942667673107,0.3135423963385968,0.013963660834455105,0.027008605265399943,0.006448371158194632,0.004880922326012005,0.0019392917369309703,0.0027836355967945092,0.02190214189129036,0.020009240501830394,-0.007632321221171412,0
2026-04-20,120.31,121.07,118.86,119.62,3312144,-0.007632321221171412,118.10700000000001,118.27980000000001,0.09776362803288906,74.76510067114097,0.6836823928085778,0.47202008882128016,0.004425052254233335,-0.04781776622355127,0.008600337268128255,0.013728813559322095,0.0029955067398901303,0.006448371158194632,0.004880922326012005,-0.0023553162853297005,0.012810417672110885,0.011330759774703658,-0.015298445076074252,0
2026-04-21,117.49,119.82,115.46,117.79,2597908,-0.015298445076074252,118.1455,118.31040000000002,0.11361572891343107,55.301204819277174,0.5337273060153507,0.4843615322600943,0.00689611533689281,-0.2156415904622504,-0.008751998653538595,-0.0025404352612413694,-0.007632321221171412,0.0029955067398901303,0.006448371158194632,0.0019392917369309703,-0.0030090016124185714,-0.004398598939738263,0.011291281093471328,1
2026-04-22,119.05,119.58,118.58,119.12,1842895,0.011291281093471328,118.23949999999999,118.41460000000001,0.12002458305181346,64.13867822318525,0.5162556305390069,0.4907403519158769,0.007572228022528343,-0.29062345548803115,-0.002428607319319931,0.0024404611630060025,-0.015298445076074252,-0.007632321221171412,0.0029955067398901303,0.004880922326012005,0.00744675002854378,0.005957035703367586,-0.006799865681665573,0
2026-04-23,118.31,120.15,116.47,118.31,2578230,-0.006799865681665573,118.30249999999998,118.4224,0.1227990530579072,55.119825708060986,0.4320683562422829,0.4790059527811581,0.00786804874542801,0.3990107955146658,-0.015559993343318368,-0.0020244622522141986,0.011291281093471328,-0.015298445076074252,-0.007632321221171412,0.006448371158194632,6.339680057498853e-05,-0.000949144756397402,-0.0012678556335052882,0
2026-04-24,118.24,119.03,117.37,118.16,2345423,-0.0012678556335052882,118.29850000000002,118.3986,0.1175347548848771,50.91954022988504,0.3492199976765562,0.45304876176023773,0.0078028310395955895,-0.09029721941021551,-0.019744483159117365,-0.00605652759084796,-0.006799865681665573,0.011291281093471328,-0.015298445076074252,0.0029955067398901303,-0.0011707671694909383,-0.0020152265313948536,0.014471902505077905,1
2026-04-27,120.47,121.24,119.1,119.87,2458065,0.014471902505077905,118.475,118.3792,0.1120498433747676,58.624031007751924,0.4167408563766202,0.4457871806835142,0.009086282463575257,0.0480263048499141,0.0020899515131249657,0.010708263069139967,-0.0012678556335052882,-0.006799865681665573,0.011291281093471328,-0.007632321221171412,0.011774635999155958,0.012593428575290222,-0.00550596479519494,0
2026-04-28,119.18,119.42,118.97,119.21,1931889,-0.00550596479519494,118.63900000000001,118.32620000000001,0.11344510481710032,51.85546874999997,0.4122430578495795,0.4390783561167273,0.009312350243830703,-0.2140610602242008,0.012055352746412895,0.003197845661869758,0.014471902505077905,-0.0012678556335052882,-0.006799865681665573,-0.015298445076074252,0.004812919866148402,0.007469182649320061,0.0052009059642648126,1
2026-04-29,119.27,119.83,119.27,119.83,2801371,0.0052009059642648126,118.78500000000001,118.28900000000002,0.11133863049552649,56.04914933837428,0.4534799044982094,0.44195866579302373,0.009330149757245512,0.4500683010255766,0.005960376091336483,0.0035172933590150723,-0.00550596479519494,0.014471902505077905,-0.0012678556335052882,0.011291281093471328,0.008797407080018305,0.013027415905113582,0.005340899607777727,1
2026-04-30,121.02,121.85,119.64,120.47,2658408,0.005340899607777727,118.98299999999999,118.3208,0.11079772329802044,57.300275482093646,0.531674244128908,0.4599017814602006,0.009256534781861527,-0.05103322623101336,0.018257121122474906,0.002413047096022636,0.0052009059642648126,-0.00550596479519494,0.014471902505077905,-0.006799865681665573,0.01249758368842624,0.018164177388928948,-0.0024072383165932854,0
2026-05-01,120.34,120.37,120.15,120.18,1261345,-0.0024072383165932854,119.1235,118.3716,0.10957703020483886,57.24770642201839,0.5637447467554892,0.48067037451925837,0.00923805509727436,-0.5255261795781536,0.017095463777928366,-0.00298656047784962,0.005340899607777727,0.0052009059642648126,-0.00550596479519494,-0.0012678556335052882,0.00886894693322482,0.015277313139300253,0.002745881178232601,1
2026-05-04,119.98,120.77,119.72,120.51,2501632,0.002745881178232601,119.249,118.43800000000002,0.10864773687341434,57.63636363636365,0.6087715536936287,0.5062906103541325,0.008894457455215003,0.9833051227063174,0.005339117377158642,0.007440227386724674,-0.0024072383165932854,0.005340899607777727,0.0052009059642648126,0.014471902505077905,0.010574512155238303,0.01749438524797764,-0.0014936519790889058,0
2026-05-05,120.1,120.46,119.98,120.33,1381757,-0.0014936519790889058,119.36099999999999,118.51440000000001,0.1090283638819512,54.33962264150942,0.6227524246144753,0.5295829732062011,0.0069894914121267915,-0.44765776900839127,0.009395184967704084,0.021563799983020493,0.002745881178232601,-0.0024072383165932854,0.005340899607777727,-0.00550596479519494,0.008118229572473545,0.015319657358093153,-0.011219147344801783,0
2026-05-06,118.88,121.12,116.74,118.98,2075813,-0.011219147344801783,119.3685,118.55059999999999,0.11523638177962978,44.63327370304114,0.5189168969927493,0.5274497579635107,0.00733726815283362,0.502299608397135,-0.007093382291579742,-0.001175285426460726,-0.0014936519790889058,0.002745881178232601,-0.0024072383165932854,0.0052009059642648126,-0.0032546274770981487,0.0036220820476657867,-0.010674062867708889,0
2026-05-07,117.76,117.8,117.68,117.71,1896338,-0.010674062867708889,119.32649999999998,118.5864,0.12120434538242789,38.29611248966086,0.33034015145442197,0.4880278366616929,0.007817304421061893,-0.08646010021133888,-0.02291026811654362,-0.00507142253402082,-0.011219147344801783,-0.0014936519790889058,0.002745881178232601,0.005340899607777727,-0.013546865113784334,-0.007390392152894498,-0.0005097272958966004,0
2026-05-08,117.93,118.74,116.84,117.65,2309843,-0.0005097272958966004,119.26500000000001,118.5712,0.12064552077214907,41.22885129118435,0.1740439530816218,0.4252310599456787,0.0078124984647536715,0.21805448184870002,-0.02105175569978368,-0.004316181448882794,-0.010674062867708889,-0.011219147344801783,-0.0014936519790889058,-0.0024072383165932854,-0.013541273634343765,-0.007769171603222325,-0.0018699532511686767,0
2026-05-11,117.35,118.61,116.16,117.43,1649479,-0.0018699532511686767,119.20649999999998,118.51339999999999,0.12055839048462288,48.128898128898136,0.03205640218462236,0.3465961283934675,0.005806450059864332,-0.28589129217873255,-0.025558044975520722,-0.020355385000417114,-0.0005097272958966004,-0.010674062867708889,-0.011219147344801783,0.002745881178232601,-0.014902710842109923,-0.009141582302085505,-0.004172698628970517,0
2026-05-12,116.76,116.95,116.75,116.94,1738117,-0.004172698628970517,119.112,118.431,0.12089127000196771,37.58542141230069,-0.11864103971115014,0.253548694772544,0.005732842758335095,0.05373696785469839,-0.028172525554724492,-0.019042026675614387,-0.0018699532511686767,-0.0005097272958966004,-0.010674062867708889,-0.0014936519790889058,-0.018234938545234725,-0.012589609139498914,-0.006584573285445483,0
2026-05-13,115.84,116.57,115.44,116.17,1658254,-0.006584573285445483,118.95,118.35220000000001,0.12062861898196742,37.757437070938245,-0.29678130285216753,0.1434826952476017,0.005304959979788005,-0.04594800004832811,-0.02361741469154477,-0.03054326963197862,-0.004172698628970517,-0.0018699532511686767,-0.0005097272958966004,-0.011219147344801783,-0.023371164354770935,-0.01843818703834832,0.004734440905569404,1
2026-05-14,116.67,116.89,116.5,116.72,1665983,0.004734440905569404,118.77700000000002,118.3096,0.1193057604239887,42.122538293216664,-0.38909311810107283,0.036967532577866793,0.005200375957357723,0.004660926492563888,-0.008410500382295405,-0.031128081680086295,-0.006584573285445483,-0.004172698628970517,-0.0018699532511686767,-0.010674062867708889,-0.01731816765872196,-0.01343593419299871,0.006425633995887692,1
2026-05-15,117.5,117.9,117.07,117.47,1208997,0.006425633995887692,118.62349999999999,118.3168,0.12159372040034841,35.330073349633224,-0.3971540204402402,-0.0498567780257546,0.006024461815501991,-0.27430411954983935,-0.0015299617509563213,-0.022549509069728857,0.004734440905569404,-0.006584573285445483,-0.004172698628970517,-0.0005097272958966004,-0.009724042875146943,-0.007157056309839316,0.008087171192644904,1
2026-05-18,118.59,119.65,117.36,118.42,2383000,0.008087171192644904,118.5635,118.3242,0.12345810527308029,45.33648170011811,-0.3231600946895554,-0.10451744135851476,0.006714979163361651,0.9710553458776159,0.008430554372817811,-0.017342959090531962,0.006425633995887692,0.004734440905569404,-0.006584573285445483,-0.0018699532511686767,-0.0012103218950183514,0.0008096399553092493,-0.011737882114507658,0
2026-05-19,116.3,117.1,116.23,117.03,1640382,-0.011737882114507658,118.5255,118.28259999999999,0.1183284059886807,34.848484848484844,-0.37238810050094173,-0.15809157318700018,0.007419747920384317,-0.31163155686109945,0.000769625448948208,-0.027424582398404396,0.008087171192644904,0.006425633995887692,0.004734440905569404,-0.004172698628970517,-0.01261753799815224,-0.010589892342576013,-0.002221652567717669,0
2026-05-20,116.47,117.43,115.82,116.77,2221307,-0.002221652567717669,118.40799999999999,118.2292,0.11022015642090383,29.11963882618508,-0.4274540526266719,-0.21196406907493454,0.0067984357929856834,0.3541400722514634,0.005164844624257592,-0.018574550344595764,-0.011737882114507658,0.008087171192644904,0.006425633995887692,-0.006584573285445483,-0.013833524761840299,-0.0123421286788713,-0.003082983643059034,0
2026-05-21,116.57,117.2,115.78,116.41,1966251,-0.003082983643059034,118.31300000000002,118.22579999999999,0.10838838044713318,28.891377379619215,-0.49444357007416784,-0.2684599692747812,0.00609095557409085,-0.1148224896423592,-0.0026559287183002267,-0.01104409141109508,-0.002221652567717669,-0.011737882114507658,0.008087171192644904,0.004734440905569404,-0.01608445394842506,-0.015358745722168887,0.00120264582080587,1
2026-05-22,117.13,117.99,115.7,116.55,2273635,0.00120264582080587,118.23249999999999,118.17,0.10859757519103837,27.345537757437043,-0.530125459013675,-0.32079306722255996,0.0061331067047701434,0.15632999042339968,-0.007831786839192945,-0.009349766255843717,-0.003082983643059034,-0.002221652567717669,-0.011737882114507658,0.006425633995887692,-0.014230435793880614,-0.013709063214013772,-0.003946803946803912,0
2026-05-25,116.41,116.62,115.88,116.09,2418176,-0.003946803946803912,118.0435,118.101,0.09312950575689025,26.496674057649685,-0.5887351958293578,-0.3743814929439196,0.006203534252422253,0.06357264908395588,-0.01967573045093729,-0.011411053393511006,0.00120264582080587,-0.003082983643059034,-0.002221652567717669,0.008087171192644904,-0.016548984060960503,-0.017027798240489056,-8.614006374374483e-05,0
2026-05-26,115.31,116.72,114.67,116.08,1251954,-8.614006374374483e-05,117.88699999999999,118.036,0.0920838398353054,31.119791666666657,-0.6287429930971484,-0.42525379297456534,0.006114767845559666,-0.4822734159961889,-0.008117576689737671,-0.007354198734393691,-0.003946803946803912,0.00120264582080587,-0.003082983643059034,-0.011737882114507658,-0.015328238058479604,-0.016571215561354213,-0.00904548587181253,0
2026-05-27,114.38,115.65,113.76,115.03,1920417,-0.00904548587181253,117.647,117.98,0.09260088375031392,32.037533512064385,-0.7366836548528397,-0.48753976535022026,0.006418924847636898,0.5339357516330472,-0.01490108760811848,-0.00981320478608938,-8.614006374374483e-05,-0.003946803946803912,0.00120264582080587,-0.002221652567717669,-0.02224451112225556,-0.025004238006441803,-0.0013040076501782405,0
2026-05-28,115.08,115.39,114.57,114.88,2103753,-0.0013040076501782405,117.36750000000002,117.9226,0.0885030470874583,31.6556291390728,-0.8248231060306495,-0.5549964334863061,0.006099024965636909,0.09546676581180025,-0.01314320075594877,-0.015764222069910905,-0.00904548587181253,-8.614006374374483e-05,-0.003946803946803912,-0.003082983643059034,-0.021194112509851704,-0.02580166990890642,0.0010445682451254434,1
2026-05-29,115.02,116.17,113.85,115.0,1546928,0.0010445682451254434,117.1085,117.87719999999999,0.08932194905851935,33.691275167785236,-0.8749058885086498,-0.6189783244907748,0.005525525995987997,-0.2646817378275872,-0.013299013299013285,-0.021026645100876817,-0.0013040076501782405,-0.00904548587181253,-8.614006374374483e-05,0.00120264582080587,-0.018004670882130758,-0.024408452185833984,0.0002608695652173143,1
2026-06-01,115.05,116.22,113.85,115.03,1566206,0.0002608695652173143,116.8345,117.84559999999999,0.08792699550548755,36.33762517882694,-0.9017809358801827,-0.6755388467686564,0.004350112638449259,0.01246211846963785,-0.009130846756826627,-0.028626921128187766,0.0010445682451254434,-0.0013040076501782405,-0.00904548587181253,-0.003946803946803912,-0.015444924230428536,-0.023892279389302495,0.013040076501782183,1
2026-06-02,117.21,117.78,115.96,116.53,2293777,0.013040076501782183,116.64450000000002,117.8358,0.10347580601532656,52.331606217616574,-0.7929020591954412,-0.6990114892540134,0.005622203281958404,0.46454361686776835,0.003876636802205402,-0.004272408784072423,0.0002608695652173143,0.0010445682451254434,-0.0013040076501782405,-8.614006374374483e-05,-0.0009816150782936406,-0.011081521914392822,-0.00137303698618374,0
2026-06-03,116.01,116.71,115.67,116.37,3068988,-0.00137303698618374,116.51400000000001,117.8184,0.09701534910960127,47.61255115961805,-0.7113257078419366,-0.701474332971598,0.005598238538468183,0.3379626703031724,0.011649135008258815,-0.003425537381176569,0.013040076501782183,0.0002608695652173143,0.0010445682451254434,-0.00904548587181253,-0.0012359029816160216,-0.0122934957527856,0.0019764544126492645,1
2026-06-04,117.01,117.28,116.33,116.6,2387352,0.0019764544126492645,116.4585,117.80939999999998,0.09062292822006167,43.61233480176209,-0.6209587578317155,-0.6853712179436215,0.005550111880480201,-0.2221044852570293,0.014972144846796542,0.0016321621853792045,-0.00137303698618374,0.013040076501782183,0.0002608695652173143,-0.0013040076501782405,0.0012150250947762231,-0.010265734313221087,-0.005660377358490565,0
2026-06-05,115.98,116.82,115.1,115.94,2535905,-0.005660377358490565,116.373,117.7634,0.09248691422123775,30.98159509202449,-0.5957315604409956,-0.6674432864430964,0.005826619116217411,0.06222500913145601,0.008173913043478143,-0.005233805233805233,0.0019764544126492645,-0.00137303698618374,0.013040076501782183,0.0010445682451254434,-0.0037207943423303025,-0.015483588279550431,0.010953941693979674,1
2026-06-08,117.01,117.31,116.92,117.21,2246832,0.010953941693979674,116.36200000000001,117.7808,0.10115967781982883,51.40624999999994,-0.4678671572381319,-0.6275280606021035,0.0066910744822268825,-0.11399204623201575,0.018951577849256607,0.009647687139288319,-0.005660377358490565,0.0019764544126492645,-0.00137303698618374,0.0002608695652173143,0.0072876024819097385,-0.004846290736690628,0.002986093336746043,1
2026-06-09,116.85,118.95,115.46,117.56,3835281,0.002986093336746043,116.393,117.8134,0.10050260910299356,56.08628659476123,-0.33443644638416004,-0.5689097377585148,0.006707160161935549,0.7069727509666945,0.008838925598558367,0.01274982770503108,0.010953941693979674,-0.005660377358490565,0.0019764544126492645,0.013040076501782183,0.010026376156641703,-0.0021508589006004053,-0.03223885675399796,0
2026-06-10,113.38,113.82,113.32,113.77,2134860,-0.03223885675399796,116.273,117.75060000000002,0.15187873027241486,36.693548387096776,-0.5284216564400737,-0.5608121214948266,0.01233038582489017,-0.443362820090627,-0.022342528142992202,-0.01095366426149702,0.002986093336746043,0.010953941693979674,-0.005660377358490565,-0.00137303698618374,-0.021526923705417422,-0.0338053479133017,0.011778148896897322,1
2026-06-11,115.63,115.73,115.01,115.11,2765784,0.011778148896897322,116.1925,117.7226,0.15736451170385238,43.52517985611512,-0.5674878847580658,-0.5621472741474745,0.012975371528981497,0.2955341333857957,-0.012778730703258967,0.0020020891364902482,-0.03223885675399796,0.002986093336746043,0.010953941693979674,0.0019764544126492645,-0.009316436086666435,-0.022192849971033657,0.001129354530449156,1
2026-06-12,115.28,115.61,114.91,115.24,6358760,0.001129354530449156,116.08099999999999,117.68,0.1553170162042523,46.0611677479147,-0.581257859824774,-0.5659693912829344,0.012975956659753474,1.2990804777234954,-0.006037605658099077,0.0020869565217391806,0.011778148896897322,-0.03223885675399796,0.002986093336746043,-0.005660377358490565,-0.007244941032554797,-0.020734194425560903,0.0032974661575841946,1
2026-06-15,115.89,116.55,114.97,115.62,2261767,0.0032974661575841946,115.94099999999999,117.6324,0.15254204387669235,47.93906810035845,-0.5551088903206391,-0.5637972910904754,0.01301080627392409,-0.6443069088941868,-0.013565395444074646,0.005129096757367613,0.001129354530449156,0.011778148896897322,-0.03223885675399796,0.010953941693979674,-0.002768649571764814,-0.017107531598437142,0.008822003113648114,1
2026-06-16,116.84,117.57,115.91,116.64,1998189,0.008822003113648114,115.92150000000001,117.60340000000001,0.1510680701590473,57.232704402515715,-0.44692825734365726,-0.5404234843411118,0.012624944085452094,-0.11653631872779113,-0.007825791085403266,0.0009439629280014739,0.0032974661575841946,0.001129354530449156,0.011778148896897322,0.002986093336746043,0.006198159961698035,-0.008191940028944855,-0.006687242798353865,0
2026-06-17,115.81,115.98,115.7,115.86,1167495,-0.006687242798353865,115.876,117.544,0.1527133792482778,54.16666666666668,-0.41930037387344044,-0.5161988622475775,0.012807502299717902,-0.4157234375727221,0.018370396413817325,-0.004382572828048548,0.008822003113648114,0.0032974661575841946,0.001129354530449156,-0.03223885675399796,-0.00013807863578307877,-0.014326550057850662,0.011565682720524828,1
2026-06-18,117.49,117.99,116.7,117.2,1154059,0.011565682720524828,115.9155,117.51700000000001,0.15799323464570464,58.47457627118645,-0.28598165749222915,-0.47015542129650784,0.01334973612422354,-0.011508400464241841,0.018156545912605404,0.005145797598627766,-0.006687242798353865,0.008822003113648114,0.0032974661575841946,0.011778148896897322,0.011081348050951068,-0.002697482066424506,0.006911262798634743,1
2026-06-19,118.12,118.6,117.54,118.01,4188121,0.006911262798634743,115.9885,117.49959999999999,0.1596752127492708,60.828488372093034,-0.11365523688026258,-0.3988553844132588,0.013287042258878182,2.629035430597569,0.0240367927802847,0.017854062446092778,0.011565682720524828,-0.006687242798353865,0.008822003113648114,0.001129354530449156,0.017428451958599434,0.00434384457479009,-0.013303957291755042,0
2026-06-22,116.38,116.47,116.36,116.44,2070482,-0.013303957291755042,116.006,117.45639999999999,0.16657016927333185,49.674620390455516,-0.10258860834520078,-0.3396020291996472,0.013650039265092234,-0.5056298516685644,0.007092198581560183,-0.006569405340841161,0.006911262798634743,0.011565682720524828,-0.006687242798353865,0.0032974661575841946,0.003741185800734348,-0.008653423738510524,0.0018893850910339793,1
2026-06-23,116.55,118.16,115.06,116.66,1448180,0.0018893850910339793,116.03500000000001,117.413,0.16667220980520464,51.04391648668103,-0.07519921438357358,-0.2867214662364325,0.013622635828143215,-0.30055900027143434,0.00017146776406029574,-0.007655665192242256,-0.013303957291755042,0.006911262798634743,0.011565682720524828,0.008822003113648114,0.0053863058559915356,-0.006413259179136932,0.021772672724155617,1
2026-06-24,118.94,119.92,118.22,119.2,1737492,0.021772672724155617,116.2435,117.40879999999999,0.1791786679661612,58.0246913580247,0.149737766234594,-0.19942961974222723,0.009927623785674798,0.1997762709055504,0.028827895736233344,0.047727872022501616,0.0018893850910339793,-0.013303957291755042,0.006911262798634743,-0.006687242798353865,0.02543368016276193,0.015256096646929507,-0.00016778523489924257,0
2026-06-25,119.29,119.88,118.59,119.18,1341965,-0.00016778523489924257,116.45849999999999,117.3888,0.17895924327172255,60.411311053984576,0.32266858847123103,-0.0950099780995356,0.009699722823689024,-0.2276424869869904,0.01689419795221836,0.035357484145599916,0.021772672724155617,0.0018893850910339793,-0.013303957291755042,0.011565682720524828,0.023368839543700393,0.015258695889216023,0.02139620741735193,1
2026-06-26,121.66,122.41,120.98,121.73,2049630,0.02139620741735193,116.79499999999999,117.41259999999998,0.19179018502194461,63.420427553444185,0.6578973684176361,0.05557149120389876,0.011152547155159545,0.5273349155901979,0.03152275230912638,0.056317250954529774,-0.00016778523489924257,0.021772672724155617,0.0018893850910339793,0.006911262798634743,0.04225352112676073,0.03677118128718737,-0.04000657192146562,0
2026-06-29,117.24,117.31,116.79,116.86,1705335,-0.04000657192146562,116.8865,117.3574,0.24505415999712526,48.36142322097378,0.52455356503188,0.149367905969495,0.01826405045184781,-0.16797909866658856,0.0036070079010650513,0.010724788098944726,0.02139620741735193,-0.00016778523489924257,0.021772672724155617,-0.013303957291755042,-0.00022671566006338129,-0.004238335205108523,-0.0018825945575903225,0
2026-06-30,116.54,117.12,116.05,116.64,2420850,-0.0018825945575903225,116.89199999999998,117.33439999999999,0.2409427686214352,58.06632939853851,0.3965542482477815,0.19880517442515233,0.01808172431606539,0.41957445311331787,-0.00017143836790667333,0.0,-0.04000657192146562,0.02139620741735193,-0.00016778523489924257,0.0018893850910339793,-0.0021558361564519846,-0.005918128017017965,0.019290123456790154,1
2026-07-01,118.58,120.77,116.7,118.89,3441223,0.019290123456790154,117.018,117.32979999999999,0.2501880325486177,60.10695187165775,0.47123792600099534,0.2532917247403209,0.01884061836733852,0.4214936902327695,-0.0026006711409396477,0.026152252718798508,-0.0018825945575903225,-0.04000657192146562,0.02139620741735193,0.021772672724155617,0.015997538840178516,0.013297559528781422,0.0021027840861300717,1
2026-07-02,118.49,119.48,118.14,119.14,2348145,0.0021027840861300717,117.14500000000001,117.34640000000002,0.25019369413611625,60.36131774707758,0.5443235661096253,0.3114980930141818,0.018584344539264948,-0.3176423033322746,-0.00033562678301735094,0.01655290102389073,0.019290123456790154,-0.0018825945575903225,-0.04000657192146562,-0.00016778523489924257,0.01703017627726311,0.015284661480880368,-0.021403390968608327,0
2026-07-03,116.86,117.54,115.91,116.59,2095164,-0.021403390968608327,117.17750000000001,117.315,0.2618845750780907,52.310624106717476,0.3919624742732708,0.3275909692659996,0.01983406101098569,-0.10773653245434167,-0.04222459541608481,-0.01203287856961277,0.0021027840861300717,0.019290123456790154,-0.0018825945575903225,0.02139620741735193,-0.005013761174286868,-0.006179942888803636,0.003945449867055473,1
2026-07-06,117.91,118.68,116.27,117.05,2013583,0.003945449867055473,117.1695,117.25859999999999,0.25931111599970497,51.0034263338228,0.30481959634710165,0.32303669468222007,0.01939331483330682,-0.03893776334454013,0.0016258771179189502,0.0052387495705943365,-0.021403390968608327,0.0021027840861300717,0.019290123456790154,-0.04000657192146562,-0.0010198899884356072,-0.0017789739942314364,-0.006578385305424983,0
2026-07-07,116.27,117.27,115.28,116.28,3229075,-0.006578385305424983,117.1055,117.2,0.2601008754934046,51.02840352595495,0.17164703277133242,0.29275876230004255,0.019519756290859128,0.6036463359096695,-0.0030864197530864335,-0.0032573289902280145,0.003945449867055473,-0.021403390968608327,0.0021027840861300717,-0.0018825945575903225,-0.0070491992263387315,-0.007849829351535886,-0.0025799793601650745,0
2026-07-08,115.23,116.49,114.71,115.98,1256756,-0.0025799793601650745,117.21600000000001,117.12299999999999,0.23173606235231126,46.85242518059855,0.04142183871314842,0.24249137758266376,0.017935163009909907,-0.6107999969031379,-0.024476406762553582,-0.027013422818791932,-0.006578385305424983,0.003945449867055473,-0.021403390968608327,0.019290123456790154,-0.010544635544635583,-0.009758971337824218,-0.002241765821693442,0
2026-07-09,116.03,116.19,115.56,115.72,1426519,-0.002241765821693442,117.2465,117.028,0.22845978808526138,43.91927774827401,-0.08181923171660799,0.1776292557228094,0.017916042564250705,0.13508031789782593,-0.02870572435789831,-0.02903171673099525,-0.0025799793601650745,-0.006578385305424983,0.003945449867055473,0.0021027840861300717,-0.013019578409590005,-0.011176812386779256,-0.014777048047009966,0
2026-07-10,113.78,116.2,111.59,114.01,1681380,-0.014777048047009966,117.18500000000002,116.90460000000002,0.23464594287840118,43.59515023721668,-0.3138534694411561,0.0793327106900163,0.016042675658759803,0.1786593799311471,-0.02212882751522427,-0.06341904214244642,-0.002241765821693442,-0.0025799793601650745,-0.006578385305424983,-0.021403390968608327,-0.0270939113367753,-0.024760360156914407,0.004473291816507352,1
2026-07-13,114.75,114.79,114.48,114.52,1318419,0.004473291816507352,117.13000000000002,116.78479999999999,0.23493074588628546,44.444444444444436,-0.4513862372374291,-0.026811078895472795,0.011097831077511744,-0.21587089176747676,-0.021614694574968008,-0.02002396029436937,-0.014777048047009966,-0.002241765821693442,-0.0025799793601650745,0.003945449867055473,-0.022282933492700607,-0.019392934696981112,-0.001135172895564085,0
2026-07-14,114.52,114.83,114.08,114.39,2363086,-0.001135172895564085,117.0175,116.666,0.23240705306498222,35.72700296735901,-0.5643661979070203,-0.13432210269778228,0.01110096530597953,0.7923634292284927,-0.016253869969040213,-0.019290123456790154,0.004473291816507352,-0.014777048047009966,-0.002241765821693442,-0.006578385305424983,-0.02245390646698142,-0.019508682906759445,-0.012763353439985914,0
2026-07-15,113.17,115.89,110.21,112.93,1778094,-0.012763353439985914,116.87100000000001,116.545,0.23540536677921867,32.91416074357569,-0.7629189739540436,-0.26004147694903457,0.008666322324640742,-0.24755425744132886,-0.02629763752371095,-0.05013037261333997,-0.001135172895564085,0.004473291816507352,-0.014777048047009966,-0.0025799793601650745,-0.033720940181909964,-0.031018061692908327,-0.024617019392544015,0
2026-07-16,110.19,110.2,110.14,110.15,1490880,-0.024617019392544015,116.51849999999999,116.39380000000001,0.2443017715279368,18.736501079913552,-1.1315524141737399,-0.43434366439397565,0.010186113560352685,-0.16152914300368826,-0.048133425509851335,-0.07545744502266238,-0.012763353439985914,-0.001135172895564085,0.004473291816507352,-0.002241765821693442,-0.05465655668413161,-0.05364375078397654,-0.012709940989559687,0
2026-07-17,108.67,109.74,107.67,108.75,2453750,-0.012709940989559687,116.05550000000001,116.2158,0.2436885086459226,23.05647840531556,-1.519153515039065,-0.6513056345229935,0.009218031274605631,0.6458400407812834,-0.04613630383299716,-0.06724418903851104,-0.024617019392544015,-0.012763353439985914,-0.001135172895564085,-0.014777048047009966,-0.06294833075554374,-0.06424083472298947,0.02832183908045982,1
2026-07-20,112.18,113.0,111.01,111.83,2027741,0.02832183908045982,115.825,116.1038,0.26627833737191536,36.571747627023974,-1.5598192947479106,-0.8330083665679769,0.014252500203388403,-0.1736154865002547,-0.023489346838980074,-0.04459632635625799,-0.012709940989559687,-0.024617019392544015,-0.012763353439985914,0.004473291816507352,-0.03449169004964392,-0.0368101646974518,0.011982473397120552,1
2026-07-21,113.08,113.29,112.96,113.17,2333933,0.011982473397120552,115.6505,116.0284,0.2705510320504383,33.176470588235276,-1.4670096430127018,-0.959808621856922,0.015127784058858604,0.1510015332332877,-0.010665267943002044,-0.026745786033711694,0.02832183908045982,-0.012709940989559687,-0.024617019392544015,-0.001135172895564085,-0.021448242765919612,-0.024635347897583704,-0.007864274984536568,0
2026-07-22,112.67,113.35,111.61,112.28,2005999,-0.007864274984536568,115.3045,115.9506,0.2570296278701779,30.55555555555553,-1.4485746207926695,-1.0575618216440714,0.015218844814739632,-0.1405070325497776,-0.005755777915522953,-0.0319020520779445,0.011982473397120552,0.02832183908045982,-0.012709940989559687,-0.012763353439985914,-0.02623054607582531,-0.03165658478696953,-0.02547203420021371,0
2026-07-23,109.23,110.16,108.49,109.42,1734241,-0.02547203420021371,114.81650000000002,115.8046,0.2689320997666276,30.027855153203305,-1.6457714025770542,-1.175203737830668,0.016762352786977727,-0.13547264978696405,-0.006627326373127573,-0.05444175596266854,-0.007864274984536568,0.011982473397120552,0.02832183908045982,-0.024617019392544015,-0.04700108433892358,-0.05513252496014831,-0.008956315116066538,0
2026-07-24,108.49,110.2,106.73,108.44,1394099,-0.008956315116066538,114.152,115.624,0.2517610126031911,26.691932864103933,-1.859691714202114,-1.3121013331049571,0.01650175700331525,-0.19613306339776304,-0.0028505747126437164,-0.04885536356459963,-0.02547203420021371,-0.007864274984536568,0.011982473397120552,-0.012709940989559687,-0.0500385450977644,-0.0621324292534422,0.005256362965695427,1
2026-07-27,108.77,109.48,108.29,109.01,2345557,0.005256362965695427,113.7595,115.4358,0.21895075159184993,30.103995621237004,-1.9606299445157305,-1.4418070553871118,0.016552821198278972,0.6824895505986304,-0.025216846999910558,-0.04811386657352423,-0.008956315116066538,-0.02547203420021371,-0.007864274984536568,0.02832183908045982,-0.041750359310650964,-0.05566557341829825,-0.000825612329144132,0
2026-07-28,109.22,109.4,108.74,108.92,1438886,-0.000825612329144132,113.3735,115.2736,0.21907876450021407,30.454042081949055,-2.024548729581795,-1.5583553902260485,0.016560715189282094,-0.3865482697713166,-0.03755412211716891,-0.047818865285427004,0.005256362965695427,-0.008956315116066538,-0.02547203420021371,0.011982473397120552,-0.03928166635060226,-0.05511756377869692,0.008171134777818612,1
2026-07-29,109.6,110.24,109.17,109.81,2873031,0.008171134777818612,112.9195,115.1344,0.20708033448246813,34.189406099518465,-1.9805586183990016,-1.6427960358606393,0.016759247320173646,0.9967050899098331,-0.0219985749910937,-0.027627733994509907,-0.000825612329144132,0.005256362965695427,-0.008956315116066538,-0.007864274984536568,-0.027537316406820778,-0.04624508400617011,-0.004553319369820619,0
2026-07-30,109.05,110.06,108.29,109.31,2181752,-0.004553319369820619,112.428,114.9924,0.20587261489399544,36.55606407322654,-1.9634090028751672,-1.706918629263545,0.014942575563106185,-0.24060965579556925,-0.0010053006762932304,-0.007625964593735879,0.008171134777818612,-0.000825612329144132,0.005256362965695427,-0.02547203420021371,-0.027733304870672715,-0.0494154396290537,-0.017747690055804566,0
2026-07-31,107.67,108.6,106.45,107.37,2026366,-0.017747690055804566,111.96699999999998,114.80879999999999,0.20220102779227184,31.09465891062932,-2.082355497802368,-1.7820060029713098,0.015469414986654943,-0.07122074369589215,-0.009867207672445533,-0.012689655172413716,-0.004553319369820619,0.008171134777818612,-0.000825612329144132,-0.008956315116066538,-0.0410567399323013,-0.06479294270125624,0.003352891869237151,1
2026-08-03,107.83,107.98,107.58,107.73,1505401,0.003352891869237151,111.501,114.6416,0.2019016160808016,32.60188087774297,-2.1230987004057056,-1.8502245424581891,0.011747960055026851,-0.2570932398194601,-0.011742042014494136,-0.03666279173745857,-0.017747690055804566,-0.004553319369820619,0.008171134777818612,0.005256362965695427,-0.033820324481394826,-0.06028876079887224,0.007704446300937473,1
2026-08-04,108.53,109.67,107.42,108.56,3554204,0.007704446300937473,111.11499999999998,114.49119999999999,0.20586821366745575,38.19556996218261,-2.064614329791155,-1.8931024999247823,0.011178930388184093,1.3609682735696338,-0.0033051781123760726,-0.04073517716709374,0.003352891869237151,-0.017747690055804566,-0.004553319369820619,-0.000825612329144132,-0.0229941952031677,-0.051804854870941996,-0.002302873986735454,0
2026-08-05,107.99,109.15,107.15,108.31,1816638,-0.002302873986735454,110.73150000000001,114.3568,0.20588429291736643,44.24280350438047,-2.0152078932151767,-1.9175235785828613,0.011108607198208676,-0.48887627159273916,-0.013659958109461745,-0.03535803348770927,0.007704446300937473,0.003352891869237151,-0.017747690055804566,0.008171134777818612,-0.02186821274885653,-0.05287661074811467,0.0020312067214476315,1
2026-08-06,108.51,108.91,108.13,108.53,2404156,0.0020312067214476315,110.372,114.2298,0.2067421899319735,49.256756756756765,-1.9359839569438009,-1.9212156542550494,0.008061177966088713,0.32340950701240434,-0.007135669197694594,-0.008133796380917602,-0.002302873986735454,0.007704446300937473,0.003352891869237151,-0.004553319369820619,-0.01668901532997502,-0.049897662431344525,0.015111029208513704,1
2026-08-07,110.3,111.55,108.92,110.17,1634309,0.015111029208513704,110.17999999999999,114.1332,0.21155887828447484,43.78742514970062,-1.7210252153415126,-1.8811775664723422,0.008900237906432403,-0.3202150775573631,0.026078047871844978,0.015953522685355992,0.0020312067214476315,-0.002302873986735454,0.007704446300937473,-0.017747690055804566,-9.076057360679624e-05,-0.03472433963123789,0.020513751474993347,1
2026-08-10,112.65,113.11,111.97,112.43,3084344,0.020513751474993347,110.07549999999999,114.08120000000001,0.22493286704122237,47.40896358543419,-1.3527125235979298,-1.7754845578974598,0.01071555167013651,0.887246536609662,0.04362758748723672,0.03137326850747635,0.015111029208513704,0.0020312067214476315,-0.002302873986735454,0.003352891869237151,0.02138986422955158,-0.014473901045921722,-0.008894423196655676,0
2026-08-11,111.2,112.41,110.21,111.43,2342895,-0.008894423196655676,109.92750000000001,113.9792,0.22675362298011062,47.04656011118835,-1.1285050013076727,-1.6460886465795024,0.011333758902885824,-0.2403911496253336,0.026436993367722872,0.02304443628351094,0.020513751474993347,0.015111029208513704,0.0020312067214476315,0.007704446300937473,0.013668099429169134,-0.022365484228701327,0.0166023512519069,1
2026-08-12,113.44,114.18,112.54,113.28,2937089,0.0166023512519069,109.94500000000001,113.9174,0.23083653453769923,64.42451420029894,-0.7924050336864639,-1.4753519240008948,0.012103324406898104,0.253615292191925,0.0458868063890685,0.031600036426554956,-0.008894423196655676,0.020513751474993347,0.015111029208513704,-0.002302873986735454,0.03033334849242797,-0.005595282195696161,0.011034604519774005,1
2026-08-13,113.89,115.41,113.01,114.53,2705491,0.011034604519774005,110.16400000000002,113.876,0.21395975309403206,72.3076923076923,-0.42033349171900625,-1.264348237544517,0.011999778927259369,-0.07885290503624509,0.055284253201879574,0.04775409386149487,0.0166023512519069,-0.008894423196655676,0.020513751474993347,0.0020312067214476315,0.03963182164772516,0.005743088973971577,-0.007508949620186889,0
2026-08-14,113.68,114.54,112.81,113.67,1932767,-0.007508949620186889,110.41000000000001,113.83059999999999,0.20996420629937929,66.7144906743185,-0.19263831220922611,-1.0500062524774587,0.010164200738705382,-0.28561322140787015,0.03176908414268853,0.058675607711651256,0.011034604519774005,0.0166023512519069,-0.008894423196655676,0.015111029208513704,0.02952631102255232,-0.0014108684308085095,-0.0016715052344505876,0
2026-08-17,113.17,113.61,113.05,113.48,1474560,-0.0016715052344505876,110.49250000000002,113.756,0.1863193463015497,66.23931623931625,-0.02720603980459657,-0.8454462099428863,0.010417675594805813,-0.23707306674834572,0.009339144356488527,0.05337417618119367,-0.007508949620186889,0.011034604519774005,0.0166023512519069,0.020513751474993347,0.0270380342557186,-0.0024262456485811823,0.0011455763130066021,1
2026-08-18,113.85,114.17,113.29,113.61,2040776,0.0011455763130066021,110.5145,113.677,0.18160271716538343,64.30722891566265,0.11308655013982616,-0.6537396579263439,0.010453222416908126,0.3839898003472222,0.019563851745490357,0.04651805453205604,-0.0016715052344505876,-0.007508949620186889,0.011034604519774005,-0.008894423196655676,0.028009899153504714,-0.0005893892344098761,0.008802042073761118,1
2026-08-19,114.47,116.16,112.92,114.61,1624262,0.008802042073761118,110.631,113.6938,0.18135412462320974,69.23076923076924,0.3014857411203167,-0.4626945781170118,0.010225074511155416,-0.20409589293484443,0.011740819209039577,0.05816637429600213,0.0011455763130066021,-0.0016715052344505876,-0.007508949620186889,0.0166023512519069,0.03596641086133179,0.008058486918371965,-0.06744612162987529,0
2026-08-20,107.6,108.22,106.26,106.88,1999091,-0.06744612162987529,110.50399999999999,113.5292,0.2909682758973882,48.74808380173733,-0.17098196669974186,-0.4043520558335579,0.025380343965515213,0.23076880454015414,-0.06679472627259242,-0.015203169630516933,0.008802042073761118,0.0011455763130066021,-0.0016715052344505876,0.011034604519774005,-0.03279519293419242,-0.05856819214792319,-0.027975299401197584,0
2026-08-21,103.93,104.43,103.39,103.89,3799902,-0.027975299401197584,110.27650000000001,113.30220000000001,0.30533529947122473,41.35135135135133,-0.7777189803285722,-0.47902544073256076,0.025948656622810606,0.9008149203813134,-0.08603853259435212,-0.057002813833166965,-0.06744612162987529,0.008802042073761118,0.0011455763130066021,-0.007508949620186889,-0.05791351738584383,-0.08307164379862009,-0.010491866397150829,0
2026-08-24,102.89,103.08,102.61,102.8,2823081,-0.010491866397150829,109.96600000000001,113.04580000000001,0.3055158588905276,37.177203918076565,-1.3311714100340168,-0.649454634592852,0.02428899104208328,-0.25706478746030814,-0.09411350017624254,-0.0856532953837944,-0.027975299401197584,-0.06744612162987529,0.008802042073761118,-0.0016715052344505876,-0.06516559663896127,-0.09063406159273513,-0.01177042801556416,0
2026-08-25,100.92,101.77,100.74,101.59,2295730,-0.01177042801556416,109.59949999999999,112.7448,0.30706893034832844,35.653287788215195,-1.8461421579795,-0.8887921392701816,0.024309352143833386,-0.18679981197847317,-0.10580054572660857,-0.08830656017230554,-0.010491866397150829,-0.027975299401197584,-0.06744612162987529,0.0011455763130066021,-0.0730797129548948,-0.09893848762869772,0.0013780883945271327,1
2026-08-26,101.31,102.58,100.46,101.73,2536333,0.0013780883945271327,109.1955,112.46220000000001,0.30464189757132426,35.43273350471294,-2.2174025199541205,-1.1545142154069694,0.02297278933764249,0.10480457196621562,-0.1123811185760405,-0.10195974576271183,-0.01177042801556416,-0.010491866397150829,-0.027975299401197584,0.008802042073761118,-0.06836820198634552,-0.09542939761093061,-0.02182247124741965,0
2026-08-27,99.8,100.17,99.14,99.51,2867470,-0.02182247124741965,108.7055,112.1084,0.31142460212321865,27.717391304347828,-2.6601004956327614,-1.455631471452128,0.021882266332445707,0.1305573834350615,-0.06895583832335317,-0.13114467825024012,0.0013780883945271327,-0.01177042801556416,-0.010491866397150829,-0.06744612162987529,-0.08459093606119283,-0.11237694945249421,0.007637423374535102,1
2026-08-28,100.07,101.5,98.84,100.27,2214868,0.007637423374535102,108.35050000000001,111.7536,0.31013325458232427,22.881355932203334,-2.9160023227811678,-1.747705641717936,0.022863388635497483,-0.22758808287445031,-0.03484454711714313,-0.11788510600862145,-0.02182247124741965,0.0013780883945271327,-0.01177042801556416,-0.027975299401197584,-0.07457741311761379,-0.10275821092116955,-0.018649645955918892,0
2026-08-31,98.72,99.09,98.03,98.4,2057056,-0.018649645955918892,107.88400000000001,111.39280000000001,0.3137534421652864,22.026620867324993,-3.232438200771739,-2.0446521535286966,0.02262202783863684,-0.07125119871703411,-0.04280155642023342,-0.13288685230877684,0.007637423374535102,-0.02182247124741965,0.0013780883945271327,-0.010491866397150829,-0.0879092358459086,-0.11663949555087938,-0.00995934959349598,0
2026-09-01,97.21,97.62,97.01,97.42,2157029,-0.00995934959349598,107.32700000000003,111.00800000000001,0.31102149507052274,14.62979482604814,-3.5216977838039725,-2.3400612795837517,0.022066074321122852,0.04860003811272029,-0.0410473471798406,-0.14250506117419237,-0.018649645955918892,0.007637423374535102,-0.02182247124741965,-0.01177042801556416,-0.09230668890400384,-0.1224055923897377,-0.016218435639499096,0
2026-09-02,96.01,96.49,95.35,95.84,2477480,-0.016218435639499096,106.7035,110.5408,0.3132099723128332,8.923076923076877,-3.8342322402103974,-2.638895471709081,0.02042074193503479,0.14856128498967802,-0.05789835839968549,-0.1637727946950528,-0.00995934959349598,-0.018649645955918892,0.007637423374535102,0.0013780883945271327,-0.10181015618044398,-0.1329898100972673,-0.036936560934891505,0
2026-09-03,92.08,93.13,91.25,92.3,4438180,-0.036936560934891505,105.89200000000001,110.00319999999999,0.3301927971815968,7.982697601258309,-4.317793626395357,-2.9746751026463363,0.01310251405844407,0.7914090123835511,-0.07245502964526185,-0.13641467065868262,-0.016218435639499096,-0.00995934959349598,-0.018649645955918892,-0.02182247124741965,-0.1283571941223134,-0.1609335001163602,-0.043120260021668466,0
2026-09-04,88.42,89.0,87.74,88.32,1490588,-0.043120260021668466,104.7995,109.335,0.340992826410465,6.947296372347665,-4.964939514416116,-3.3727279850002923,0.015492870736169036,-0.6641443114069281,-0.1191782188092152,-0.14987005486572347,-0.036936560934891505,-0.016218435639499096,-0.00995934959349598,0.007637423374535102,-0.15724788763305175,-0.1922074358622582,0.0032835144927536586,1
2026-09-07,88.78,89.01,88.39,88.61,2090808,0.0032835144927536586,103.6085,108.77,0.32514540140235837,7.4540503744043605,-5.39224823563562,-3.776632035127358,0.01660880483343721,0.40267330744645746,-0.0994918699186993,-0.13803501945525287,-0.043120260021668466,-0.036936560934891505,-0.016218435639499096,-0.018649645955918892,-0.1447612888903903,-0.18534522386687502,0.0002257081593499688,1
2026-09-08,88.86,89.0,88.5,88.63,1695845,0.0002257081593499688,102.46849999999999,108.20980000000002,0.3277638460742319,4.260563380281667,-5.663988706840229,-4.154103369469933,0.017257859276149222,-0.1889044809470788,-0.09022787928556775,-0.1275716113790728,0.0032835144927536586,-0.043120260021668466,-0.036936560934891505,-0.00995934959349598,-0.13505125965540632,-0.18094294601782845,0.011170032720297929,1
2026-09-09,89.42,89.74,89.29,89.62,4725033,0.011170032720297929,101.28549999999998,107.62440000000001,0.3221778128249026,10.15697137580797,-5.7333695465949575,-4.4699566048949375,0.01842874011563428,1.7862410774569608,-0.06489983305509184,-0.11904059766047381,0.0002257081593499688,0.0032835144927536586,-0.043120260021668466,-0.016218435639499096,-0.11517443266805205,-0.1672892020768525,-0.0033474670832405184,0
2026-09-10,88.97,89.7,88.59,89.32,1716691,-0.0033474670832405184,100.025,107.02799999999999,0.3127760358625159,11.59725882973116,-5.746321833621067,-4.725229650640164,0.018309196794846837,-0.6366816909003599,-0.032286023835319644,-0.10240176866646578,0.011170032720297929,0.0002257081593499688,0.0032835144927536586,-0.036936560934891505,-0.10702324418895293,-0.1654520312441604,-0.007277205553067545,0
2026-09-11,88.81,89.07,88.4,88.67,3199511,-0.007277205553067545,98.775,106.46959999999999,0.31282285742388777,11.872638963842434,-5.742836339597432,-4.928750988431617,0.017235255693488067,0.8637663970976721,0.0039628623188405765,-0.11568764336292003,-0.0033474670832405184,0.011170032720297929,0.0002257081593499688,-0.043120260021668466,-0.10230321437610734,-0.16718011526294818,0.0032705537385810945,1
2026-09-14,89.02,89.28,88.7,88.96,2544215,0.0032705537385810945,97.549,105.90780000000001,0.31549935980738747,14.139693356047673,-5.65152620793107,-5.073306032331509,0.017695090837998518,-0.2048112977264338,0.003949892788624343,-0.09593495934959362,-0.007277205553067545,-0.0033474670832405184,0.011170032720297929,0.0032835144927536586,-0.08804805789910719,-0.16002409643104676,0.013489208633093552,1
2026-09-15,90.33,91.25,89.25,90.16,2489379,0.013489208633093552,96.3765,105.38539999999999,0.32516587809287606,19.01446170326726,-5.4198555781875655,-5.14261594150272,0.019176634123532117,-0.021553209929192296,0.017262777840460375,-0.07452268528022998,0.0032705537385810945,-0.007277205553067545,-0.0033474670832405184,0.0002257081593499688,-0.06450223861626014,-0.14447352289785864,-0.024733806566104577,0
2026-09-16,87.61,88.03,87.51,87.93,3107768,-0.024733806566104577,95.0425,104.82440000000001,0.3194241580641185,19.004282655246257,-5.354474251998909,-5.184987603601958,0.019783962401874276,0.24841094907605465,-0.018857397902253936,-0.08253338898163598,0.013489208633093552,0.0032705537385810945,-0.007277205553067545,0.011170032720297929,-0.07483494226267196,-0.16116858288719038,0.004435346298191645,1
2026-09-17,88.51,88.94,87.9,88.32,2389808,0.004435346298191645,94.11449999999999,104.2764,0.2515012193542763,17.367558711086815,-5.211118805532024,-5.190213843987971,0.017325952275628723,-0.23102110582257107,-0.011195700850873291,-0.043120260021668466,-0.024733806566104577,0.013489208633093552,0.0032705537385810945,-0.0033474670832405184,-0.061568621200771445,-0.15302024235589262,0.0037364130434784926,1
2026-09-18,88.61,89.37,87.89,88.65,1865027,0.0037364130434784926,93.35249999999999,103.7692,0.24550701808619038,20.930232558139565,-5.013092529177257,-5.154789581025828,0.010729018973201524,-0.21959128097319947,-0.00022555543024693758,0.0037364130434784926,0.004435346298191645,-0.024733806566104577,0.013489208633093552,-0.007277205553067545,-0.050373583996143556,-0.14570026558940408,0.03891708967851093,1
2026-09-21,91.8,92.75,91.15,92.1,4234470,0.03891708967851093,92.81750000000001,103.3208,0.2957798853042586,36.17463617463615,-4.525600802355996,-5.028951825291862,0.016270235098511433,1.2704604276506455,0.03529676258992809,0.03938607380656811,0.0037364130434784926,0.004435346298191645,-0.024733806566104577,0.0032705537385810945,-0.007730223287634508,-0.10860155941494853,0.03127035830618907,1
2026-09-22,94.85,95.1,94.72,94.98,1462215,0.03127035830618907,92.487,102.93260000000001,0.3216468032269031,47.906523855890946,-3.8623454516857123,-4.795630550570632,0.018306779832593763,-0.6546875996287611,0.053460514640639056,0.07164616946857727,0.03891708967851093,0.0037364130434784926,0.004435346298191645,0.013489208633093552,0.026955139641247072,-0.0772602654552591,,0
